entry_id,method,seed,path_id,t,K,zero_atom,q90
fullmu_deeponet_s9711,fullmu_deeponet,9711,30,0,36.668576955484944,0.0006256247870624065,58.73932102822414
fullmu_deeponet_s9711,fullmu_deeponet,9711,30,100,137.19318335126377,0.0,143.5387298464775
fullmu_deeponet_s9711,fullmu_deeponet,9711,30,200,139.29186724601348,0.0,145.90933465957642
fullmu_deeponet_s9711,fullmu_deeponet,9711,30,300,142.76096024569497,0.0,148.14398270845413
fullmu_deeponet_s9711,fullmu_deeponet,9711,30,400,141.64016869288463,0.0,147.51401716470718
fullmu_deeponet_s9711,fullmu_deeponet,9711,30,500,140.1231195546728,0.0,146.5034448504448
fullmu_deeponet_s9711,fullmu_deeponet,9711,30,600,143.6015112912116,0.0,148.69018799066544
fullmu_deeponet_s9711,fullmu_deeponet,9711,30,700,141.4433985043793,0.0,147.43136763572693
fullmu_deeponet_s9711,fullmu_deeponet,9711,30,800,140.45830986798094,0.0,146.76355189085007
fullmu_deeponet_s9711,fullmu_deeponet,9711,30,900,139.90519516843153,0.0,146.6525627374649
fullmu_deeponet_s9711,fullmu_deeponet,9711,30,1000,141.40093276442585,0.0,147.1451834142208
fullmu_deeponet_s9711,fullmu_deeponet,9711,30,1100,140.27582733976803,0.0,146.5339676141739
fullmu_deeponet_s9711,fullmu_deeponet,9711,30,1200,143.71936209741966,0.0,148.66608053445816
fullmu_deeponet_s9711,fullmu_deeponet,9711,30,1300,140.45128930259256,0.0,146.86123567819595
fullmu_deeponet_s9711,fullmu_deeponet,9711,30,1400,141.73732677797037,0.0,147.45048582553864
fullmu_deeponet_s9711,fullmu_deeponet,9711,30,1500,144.44628158538688,0.0,149.10199169814587
fullmu_deeponet_s9711,fullmu_deeponet,9711,30,1600,142.98873006278447,0.0,148.38587525486946
fullmu_deeponet_s9711,fullmu_deeponet,9711,30,1700,136.1277020730697,0.0,144.1246827915311
fullmu_deeponet_s9711,fullmu_deeponet,9711,30,1800,141.3768638013969,0.0,147.24661333858967
fullmu_deeponet_s9711,fullmu_deeponet,9711,30,1900,144.15013571739777,0.0,148.96196258068085
fullmu_deeponet_s9711,fullmu_deeponet,9711,30,2000,139.93426636779242,0.0,146.57190442085266
fullmu_deeponet_s9711,fullmu_deeponet,9711,30,2100,138.75983407804216,0.0,145.6460144519806
fullmu_deeponet_s9711,fullmu_deeponet,9711,30,2200,140.3747375622828,0.0,146.62494415044785
fullmu_deeponet_s9711,fullmu_deeponet,9711,30,2300,139.58114583682715,0.0,146.31879144906998
fullmu_deeponet_s9711,fullmu_deeponet,9711,30,2400,140.41474464999348,0.0,146.79732125997543
fullmu_deeponet_s9711,fullmu_deeponet,9711,30,2500,143.54483894690352,0.0,148.48741254210472
fullmu_deeponet_s9711,fullmu_deeponet,9711,30,2600,140.45113971291056,0.0,146.90711361169815
fullmu_deeponet_s9711,fullmu_deeponet,9711,30,2700,140.9916517091913,0.0,147.05933284386992
fullmu_deeponet_s9711,fullmu_deeponet,9711,30,2800,139.7392434405277,0.0,146.35378041863441
fullmu_deeponet_s9711,fullmu_deeponet,9711,30,2900,143.14493978214384,0.0,148.32560634613037
fullmu_deeponet_s9711,fullmu_deeponet,9711,30,3000,138.03152174583892,0.0,145.4625246822834
fullmu_deeponet_s9711,fullmu_deeponet,9711,30,3100,140.48701492957534,0.0,146.81990224123
fullmu_deeponet_s9711,fullmu_deeponet,9711,30,3200,140.49163497907307,0.0,146.77059972286224
fullmu_deeponet_s9711,fullmu_deeponet,9711,30,3300,141.01745933128174,0.0,147.2221531420946
fullmu_deeponet_s9711,fullmu_deeponet,9711,30,3400,141.35436420692116,0.0,147.3849965929985
fullmu_deeponet_s9711,fullmu_deeponet,9711,30,3500,139.6040749884346,0.0,146.49165907502174
fullmu_deeponet_s9711,fullmu_deeponet,9711,30,3600,138.45197836004084,0.0,145.67978644371033
fullmu_deeponet_s9711,fullmu_deeponet,9711,30,3700,140.80341368655922,0.0,146.798564016819
fullmu_deeponet_s9711,fullmu_deeponet,9711,30,3800,141.99981022076415,0.0,147.67689722776413
fullmu_deeponet_s9711,fullmu_deeponet,9711,30,3900,144.32937808846413,0.0,148.95805794000626
fullmu_deeponet_s9711,fullmu_deeponet,9711,31,0,36.668576955484944,0.0006256247870624065,58.73932102822414
fullmu_deeponet_s9711,fullmu_deeponet,9711,31,100,137.20028882251356,0.0,143.60681557655334
fullmu_deeponet_s9711,fullmu_deeponet,9711,31,200,138.92551076269356,0.0,145.7514527440071
fullmu_deeponet_s9711,fullmu_deeponet,9711,31,300,138.91289091926788,0.0,145.7589794397354
fullmu_deeponet_s9711,fullmu_deeponet,9711,31,400,143.20628053517936,0.0,148.2059836834669
fullmu_deeponet_s9711,fullmu_deeponet,9711,31,500,140.12317764832093,0.0,146.69251883029938
fullmu_deeponet_s9711,fullmu_deeponet,9711,31,600,139.11032961888196,0.0,145.86148166656494
fullmu_deeponet_s9711,fullmu_deeponet,9711,31,700,141.14680771911154,0.0,147.21235463023186
fullmu_deeponet_s9711,fullmu_deeponet,9711,31,800,139.36236472302843,0.0,145.94128668308258
fullmu_deeponet_s9711,fullmu_deeponet,9711,31,900,139.02736470638163,0.0,145.75571298599243
fullmu_deeponet_s9711,fullmu_deeponet,9711,31,1000,140.295216193686,0.0,146.5282922387123
fullmu_deeponet_s9711,fullmu_deeponet,9711,31,1100,143.70051528287811,0.0,148.62179481983185
fullmu_deeponet_s9711,fullmu_deeponet,9711,31,1200,138.26695981255293,0.0,145.69594073295593
fullmu_deeponet_s9711,fullmu_deeponet,9711,31,1300,142.79189484853717,0.0,148.03881376981735
fullmu_deeponet_s9711,fullmu_deeponet,9711,31,1400,139.3608247707408,0.0,146.12121356278658
fullmu_deeponet_s9711,fullmu_deeponet,9711,31,1500,141.68461081070518,0.0,147.45241984724998
fullmu_deeponet_s9711,fullmu_deeponet,9711,31,1600,140.47896096996953,0.0,146.8185289502144
fullmu_deeponet_s9711,fullmu_deeponet,9711,31,1700,141.21839102836572,0.0,147.25345531105995
fullmu_deeponet_s9711,fullmu_deeponet,9711,31,1800,139.14744012243256,0.0,145.98583096265793
fullmu_deeponet_s9711,fullmu_deeponet,9711,31,1900,143.2899979307742,0.0,148.32482597231865
fullmu_deeponet_s9711,fullmu_deeponet,9711,31,2000,140.59556494399837,0.0,146.8995257616043
fullmu_deeponet_s9711,fullmu_deeponet,9711,31,2100,142.31567021207164,0.0,147.9206309914589
fullmu_deeponet_s9711,fullmu_deeponet,9711,31,2200,140.1394512165008,0.0,146.6990954875946
fullmu_deeponet_s9711,fullmu_deeponet,9711,31,2300,139.46922320268087,0.0,146.18415221571922
fullmu_deeponet_s9711,fullmu_deeponet,9711,31,2400,144.1388104708426,0.0,148.92698150873184
fullmu_deeponet_s9711,fullmu_deeponet,9711,31,2500,143.0938338521869,0.0,148.346839427948
fullmu_deeponet_s9711,fullmu_deeponet,9711,31,2600,143.67296350169624,0.0,148.62533473968506
fullmu_deeponet_s9711,fullmu_deeponet,9711,31,2700,138.33313413311444,0.0,145.5772441625595
fullmu_deeponet_s9711,fullmu_deeponet,9711,31,2800,141.48406644429963,0.0,147.34106969833374
fullmu_deeponet_s9711,fullmu_deeponet,9711,31,2900,142.1862625723352,0.0,147.66922456026077
fullmu_deeponet_s9711,fullmu_deeponet,9711,31,3000,139.86038102242293,0.0,146.37582376599312
fullmu_deeponet_s9711,fullmu_deeponet,9711,31,3100,143.11346477897925,0.0,148.30471897125244
fullmu_deeponet_s9711,fullmu_deeponet,9711,31,3200,143.4669684392536,0.0,148.60132145881653
fullmu_deeponet_s9711,fullmu_deeponet,9711,31,3300,142.7407933080961,0.0,148.18713846802711
fullmu_deeponet_s9711,fullmu_deeponet,9711,31,3400,139.72378211298857,0.0,146.38959139585495
fullmu_deeponet_s9711,fullmu_deeponet,9711,31,3500,139.14543351578422,0.0,145.93922531604767
fullmu_deeponet_s9711,fullmu_deeponet,9711,31,3600,139.36635270202797,0.0,146.03429201245308
fullmu_deeponet_s9711,fullmu_deeponet,9711,31,3700,140.65535562224434,0.0,146.86268132925034
fullmu_deeponet_s9711,fullmu_deeponet,9711,31,3800,142.17431481321964,0.0,147.67132449150085
fullmu_deeponet_s9711,fullmu_deeponet,9711,31,3900,136.89457649366597,0.0,144.6210691332817
fullmu_deeponet_s9711,fullmu_deeponet,9711,32,0,36.668576955484944,0.0006256247870624065,58.73932102822414
fullmu_deeponet_s9711,fullmu_deeponet,9711,32,100,136.37455885065674,0.0,142.9280795454979
fullmu_deeponet_s9711,fullmu_deeponet,9711,32,200,142.70952382559423,0.0,148.0624062307179
fullmu_deeponet_s9711,fullmu_deeponet,9711,32,300,139.68204851607496,0.0,146.20705096423626
fullmu_deeponet_s9711,fullmu_deeponet,9711,32,400,142.57543025025578,0.0,148.11890279501677
fullmu_deeponet_s9711,fullmu_deeponet,9711,32,500,142.54226892212395,0.0,147.83683389425278
fullmu_deeponet_s9711,fullmu_deeponet,9711,32,600,142.19925427833667,0.0,147.6454325914383
fullmu_deeponet_s9711,fullmu_deeponet,9711,32,700,139.50949791870767,0.0,146.23903942108154
fullmu_deeponet_s9711,fullmu_deeponet,9711,32,800,142.24580418919683,0.0,147.71741312742233
fullmu_deeponet_s9711,fullmu_deeponet,9711,32,900,142.08476009420923,0.0,147.85786324739456
fullmu_deeponet_s9711,fullmu_deeponet,9711,32,1000,139.00180414387273,0.0,145.77173781394958
fullmu_deeponet_s9711,fullmu_deeponet,9711,32,1100,143.08899946510797,0.0,148.21277384459972
fullmu_deeponet_s9711,fullmu_deeponet,9711,32,1200,143.93380323143234,0.0,148.75465613603592
fullmu_deeponet_s9711,fullmu_deeponet,9711,32,1300,142.22964583428688,0.0,147.80609953403473
fullmu_deeponet_s9711,fullmu_deeponet,9711,32,1400,141.77282160989608,0.0,147.59487062692642
fullmu_deeponet_s9711,fullmu_deeponet,9711,32,1500,139.68205766752175,0.0,146.30363023281097
fullmu_deeponet_s9711,fullmu_deeponet,9711,32,1600,143.42350469757974,0.0,148.44616916775703
fullmu_deeponet_s9711,fullmu_deeponet,9711,32,1700,142.2339208891245,0.0,147.90309482812881
fullmu_deeponet_s9711,fullmu_deeponet,9711,32,1800,140.56817135595128,0.0,146.93157958984375
fullmu_deeponet_s9711,fullmu_deeponet,9711,32,1900,141.9263324284768,0.0,147.6430452466011
fullmu_deeponet_s9711,fullmu_deeponet,9711,32,2000,140.9391701598043,0.0,147.07057566195726
fullmu_deeponet_s9711,fullmu_deeponet,9711,32,2100,141.31021805967183,0.0,147.18598164618015
fullmu_deeponet_s9711,fullmu_deeponet,9711,32,2200,139.30126313436557,0.0,145.89124983549118
fullmu_deeponet_s9711,fullmu_deeponet,9711,32,2300,141.95435017043474,0.0,147.70550858974457
fullmu_deeponet_s9711,fullmu_deeponet,9711,32,2400,140.3909777006614,0.0,146.5427002310753
fullmu_deeponet_s9711,fullmu_deeponet,9711,32,2500,139.08069131346144,0.0,145.9615819454193
fullmu_deeponet_s9711,fullmu_deeponet,9711,32,2600,142.64943221132071,0.0,147.8592602610588
fullmu_deeponet_s9711,fullmu_deeponet,9711,32,2700,140.13118867852918,0.0,146.79834139347076
fullmu_deeponet_s9711,fullmu_deeponet,9711,32,2800,137.60860284090487,0.0,145.05084615200758
fullmu_deeponet_s9711,fullmu_deeponet,9711,32,2900,141.10296334195957,0.0,147.04353900253773
fullmu_deeponet_s9711,fullmu_deeponet,9711,32,3000,141.75069786012781,0.0,147.38942009210587
fullmu_deeponet_s9711,fullmu_deeponet,9711,32,3100,138.69291712986208,0.0,145.8018261194229
fullmu_deeponet_s9711,fullmu_deeponet,9711,32,3200,140.26724551565997,0.0,146.59478563070297
fullmu_deeponet_s9711,fullmu_deeponet,9711,32,3300,139.8170439924852,0.0,146.4308885037899
fullmu_deeponet_s9711,fullmu_deeponet,9711,32,3400,141.14648867444507,0.0,147.16725812852383
fullmu_deeponet_s9711,fullmu_deeponet,9711,32,3500,139.29528531823263,0.0,146.26244527101517
fullmu_deeponet_s9711,fullmu_deeponet,9711,32,3600,141.21045017097853,0.0,147.09528474509716
fullmu_deeponet_s9711,fullmu_deeponet,9711,32,3700,137.79051222918852,0.0,145.0120399640873
fullmu_deeponet_s9711,fullmu_deeponet,9711,32,3800,140.57154853519376,0.0,146.63296550512314
fullmu_deeponet_s9711,fullmu_deeponet,9711,32,3900,143.3468593538446,0.0,148.52100211381912
fullmu_deeponet_s9711,fullmu_deeponet,9711,33,0,36.668576955484944,0.0006256247870624065,58.73932102822414
fullmu_deeponet_s9711,fullmu_deeponet,9711,33,100,136.0231425308365,0.0,142.80805081129074
fullmu_deeponet_s9711,fullmu_deeponet,9711,33,200,142.0983321691532,0.0,147.65410405397415
fullmu_deeponet_s9711,fullmu_deeponet,9711,33,300,144.4675393932979,0.0,149.04905320331454
fullmu_deeponet_s9711,fullmu_deeponet,9711,33,400,140.13092589618543,0.0,146.77763974666595
fullmu_deeponet_s9711,fullmu_deeponet,9711,33,500,140.1165575367122,0.0,146.7165270447731
fullmu_deeponet_s9711,fullmu_deeponet,9711,33,600,139.19667465870864,0.0,146.0598390288651
fullmu_deeponet_s9711,fullmu_deeponet,9711,33,700,143.1761768459526,0.0,148.29426017403603
fullmu_deeponet_s9711,fullmu_deeponet,9711,33,800,137.1901620504691,0.0,144.9200513958931
fullmu_deeponet_s9711,fullmu_deeponet,9711,33,900,143.28060973381824,0.0,148.36927857995033
fullmu_deeponet_s9711,fullmu_deeponet,9711,33,1000,140.159386236827,0.0,146.55791747570038
fullmu_deeponet_s9711,fullmu_deeponet,9711,33,1100,137.73588468009896,0.0,145.12834568321705
fullmu_deeponet_s9711,fullmu_deeponet,9711,33,1200,139.84693013808942,0.0,146.08532959967852
fullmu_deeponet_s9711,fullmu_deeponet,9711,33,1300,142.4946736484306,0.0,147.71349358558655
fullmu_deeponet_s9711,fullmu_deeponet,9711,33,1400,141.10196072246478,0.0,147.1670224070549
fullmu_deeponet_s9711,fullmu_deeponet,9711,33,1500,140.03805554934254,0.0,146.72107034921646
fullmu_deeponet_s9711,fullmu_deeponet,9711,33,1600,142.1233076847208,0.0,147.74333691596985
fullmu_deeponet_s9711,fullmu_deeponet,9711,33,1700,139.45432291891467,0.0,146.00713873561472
fullmu_deeponet_s9711,fullmu_deeponet,9711,33,1800,139.54317397332895,0.0,146.14118891954422
fullmu_deeponet_s9711,fullmu_deeponet,9711,33,1900,141.24386720243535,0.0,147.25722593069077
fullmu_deeponet_s9711,fullmu_deeponet,9711,33,2000,140.0300033978363,0.0,146.7763345837593
fullmu_deeponet_s9711,fullmu_deeponet,9711,33,2100,138.78696961888622,0.0,145.6761059165001
fullmu_deeponet_s9711,fullmu_deeponet,9711,33,2200,139.28605075767317,0.0,146.1051192432642
fullmu_deeponet_s9711,fullmu_deeponet,9711,33,2300,141.39410069371198,0.0,147.1897580474615
fullmu_deeponet_s9711,fullmu_deeponet,9711,33,2400,141.38666913537173,0.0,147.16940914094448
fullmu_deeponet_s9711,fullmu_deeponet,9711,33,2500,139.25528915780845,0.0,146.15941379964352
fullmu_deeponet_s9711,fullmu_deeponet,9711,33,2600,139.32787081463687,0.0,145.99300026893616
fullmu_deeponet_s9711,fullmu_deeponet,9711,33,2700,140.18893515022143,0.0,146.4818728864193
fullmu_deeponet_s9711,fullmu_deeponet,9711,33,2800,142.0871540939586,0.0,147.62252670526505
fullmu_deeponet_s9711,fullmu_deeponet,9711,33,2900,143.2672694258356,0.0,148.47763061523438
fullmu_deeponet_s9711,fullmu_deeponet,9711,33,3000,140.93382545908656,0.0,147.2255711555481
fullmu_deeponet_s9711,fullmu_deeponet,9711,33,3100,138.55229334516116,0.0,145.6958634853363
fullmu_deeponet_s9711,fullmu_deeponet,9711,33,3200,137.65387857700202,0.0,145.25171664357185
fullmu_deeponet_s9711,fullmu_deeponet,9711,33,3300,140.86271944819646,0.0,147.08852963149548
fullmu_deeponet_s9711,fullmu_deeponet,9711,33,3400,142.99766839132437,0.0,148.1961331218481
fullmu_deeponet_s9711,fullmu_deeponet,9711,33,3500,141.67648115296868,0.0,147.501280605793
fullmu_deeponet_s9711,fullmu_deeponet,9711,33,3600,141.55591073314702,0.0,147.41676595807076
fullmu_deeponet_s9711,fullmu_deeponet,9711,33,3700,142.10960773979156,0.0,147.81672674417496
fullmu_deeponet_s9711,fullmu_deeponet,9711,33,3800,140.26301062787658,0.0,146.66099667549133
fullmu_deeponet_s9711,fullmu_deeponet,9711,33,3900,141.69363289829286,0.0,147.47233060002327
fullmu_deeponet_s9711,fullmu_deeponet,9711,34,0,36.668576955484944,0.0006256247870624065,58.73932102822414
fullmu_deeponet_s9711,fullmu_deeponet,9711,34,100,138.51231676666868,0.0,144.3811515569687
fullmu_deeponet_s9711,fullmu_deeponet,9711,34,200,136.75644149483574,0.0,144.66695320606232
fullmu_deeponet_s9711,fullmu_deeponet,9711,34,300,139.08319424817418,0.0,145.903442800045
fullmu_deeponet_s9711,fullmu_deeponet,9711,34,400,142.41283801913949,0.0,147.85119366645813
fullmu_deeponet_s9711,fullmu_deeponet,9711,34,500,138.18515669170026,0.0,145.5680803656578
fullmu_deeponet_s9711,fullmu_deeponet,9711,34,600,138.45598630828266,0.0,145.56195110082626
fullmu_deeponet_s9711,fullmu_deeponet,9711,34,700,141.80640147953235,0.0,147.5229731798172
fullmu_deeponet_s9711,fullmu_deeponet,9711,34,800,140.0161828069027,0.0,146.41048285365105
fullmu_deeponet_s9711,fullmu_deeponet,9711,34,900,138.92934537239543,0.0,145.82143640518188
fullmu_deeponet_s9711,fullmu_deeponet,9711,34,1000,140.5132120863698,0.0,146.7331115603447
fullmu_deeponet_s9711,fullmu_deeponet,9711,34,1100,141.5712624005228,0.0,147.42188811302185
fullmu_deeponet_s9711,fullmu_deeponet,9711,34,1200,140.12650010237888,0.0,146.55577993392944
fullmu_deeponet_s9711,fullmu_deeponet,9711,34,1300,136.45439386807632,0.0,144.21536646783352
fullmu_deeponet_s9711,fullmu_deeponet,9711,34,1400,141.38905119142686,0.0,147.22442965209484
fullmu_deeponet_s9711,fullmu_deeponet,9711,34,1500,140.6625033755197,0.0,146.99813330173492
fullmu_deeponet_s9711,fullmu_deeponet,9711,34,1600,140.95213902517713,0.0,146.8857545852661
fullmu_deeponet_s9711,fullmu_deeponet,9711,34,1700,142.13392435442623,0.0,147.63008815050125
fullmu_deeponet_s9711,fullmu_deeponet,9711,34,1800,141.34306544182692,0.0,147.24256455898285
fullmu_deeponet_s9711,fullmu_deeponet,9711,34,1900,140.2400599967077,0.0,146.75275081396103
fullmu_deeponet_s9711,fullmu_deeponet,9711,34,2000,142.74754126012414,0.0,148.22119103372097
fullmu_deeponet_s9711,fullmu_deeponet,9711,34,2100,138.5894101749875,0.0,145.72006279230118
fullmu_deeponet_s9711,fullmu_deeponet,9711,34,2200,138.97966946452826,0.0,145.7651531100273
fullmu_deeponet_s9711,fullmu_deeponet,9711,34,2300,138.59605973068744,0.0,145.51092928647995
fullmu_deeponet_s9711,fullmu_deeponet,9711,34,2400,138.8188751382895,0.0,145.87065637111664
fullmu_deeponet_s9711,fullmu_deeponet,9711,34,2500,140.601486355639,0.0,146.64883869886398
fullmu_deeponet_s9711,fullmu_deeponet,9711,34,2600,141.52438379351543,0.0,147.43965411186218
fullmu_deeponet_s9711,fullmu_deeponet,9711,34,2700,140.11167067660776,0.0,146.52067869901657
fullmu_deeponet_s9711,fullmu_deeponet,9711,34,2800,139.5354569725785,0.0,146.28525891900063
fullmu_deeponet_s9711,fullmu_deeponet,9711,34,2900,139.74395965780005,0.0,146.51720136404037
fullmu_deeponet_s9711,fullmu_deeponet,9711,34,3000,142.64653444781413,0.0,148.02865978516638
fullmu_deeponet_s9711,fullmu_deeponet,9711,34,3100,142.50429655097557,0.0,147.9666364789009
fullmu_deeponet_s9711,fullmu_deeponet,9711,34,3200,143.22571897913457,0.0,148.49494448304176
fullmu_deeponet_s9711,fullmu_deeponet,9711,34,3300,142.97894353786015,0.0,148.33180192112923
fullmu_deeponet_s9711,fullmu_deeponet,9711,34,3400,138.80254557655152,0.0,145.87456053495407
fullmu_deeponet_s9711,fullmu_deeponet,9711,34,3500,139.3280973098323,0.0,145.9582006931305
fullmu_deeponet_s9711,fullmu_deeponet,9711,34,3600,139.49118389139807,0.0,146.133971914649
fullmu_deeponet_s9711,fullmu_deeponet,9711,34,3700,137.83581546949253,0.0,145.1287865638733
fullmu_deeponet_s9711,fullmu_deeponet,9711,34,3800,143.38892330622014,0.0,148.4759138226509
fullmu_deeponet_s9711,fullmu_deeponet,9711,34,3900,142.9246853425459,0.0,148.3394311964512
fullmu_deeponet_s9711,fullmu_deeponet,9711,35,0,36.668576955484944,0.0006256247870624065,58.73932102822414
fullmu_deeponet_s9711,fullmu_deeponet,9711,35,100,138.6221393631843,0.0,144.55460834503174
fullmu_deeponet_s9711,fullmu_deeponet,9711,35,200,137.9697891163088,0.0,145.36602786183357
fullmu_deeponet_s9711,fullmu_deeponet,9711,35,300,140.65275317933651,0.0,146.8051034808159
fullmu_deeponet_s9711,fullmu_deeponet,9711,35,400,138.61962605740024,0.0,145.64807164669037
fullmu_deeponet_s9711,fullmu_deeponet,9711,35,500,142.76333326982353,0.0,148.2523348927498
fullmu_deeponet_s9711,fullmu_deeponet,9711,35,600,139.33475557866714,0.0,146.00306058535352
fullmu_deeponet_s9711,fullmu_deeponet,9711,35,700,140.071372888729,0.0,146.45790180563927
fullmu_deeponet_s9711,fullmu_deeponet,9711,35,800,140.1842154866089,0.0,146.6178199648857
fullmu_deeponet_s9711,fullmu_deeponet,9711,35,900,138.3270234554766,0.0,145.4458998143673
fullmu_deeponet_s9711,fullmu_deeponet,9711,35,1000,142.3477125984094,0.0,147.8419132232666
fullmu_deeponet_s9711,fullmu_deeponet,9711,35,1100,142.1189499451295,0.0,147.87802410125732
fullmu_deeponet_s9711,fullmu_deeponet,9711,35,1200,140.4014012362521,0.0,146.75925642251968
fullmu_deeponet_s9711,fullmu_deeponet,9711,35,1300,140.75060464052697,0.0,146.9358794093132
fullmu_deeponet_s9711,fullmu_deeponet,9711,35,1400,141.7463574462462,0.0,147.55785596370697
fullmu_deeponet_s9711,fullmu_deeponet,9711,35,1500,140.43019300666262,0.0,146.7818462252617
fullmu_deeponet_s9711,fullmu_deeponet,9711,35,1600,139.29081564372152,0.0,145.9943881034851
fullmu_deeponet_s9711,fullmu_deeponet,9711,35,1700,140.92506314136176,0.0,146.9898665547371
fullmu_deeponet_s9711,fullmu_deeponet,9711,35,1800,140.7246753130298,0.0,146.94086360931396
fullmu_deeponet_s9711,fullmu_deeponet,9711,35,1900,138.98640653970125,0.0,145.9166922569275
fullmu_deeponet_s9711,fullmu_deeponet,9711,35,2000,140.31394032883787,0.0,146.70040529966354
fullmu_deeponet_s9711,fullmu_deeponet,9711,35,2100,141.61807758643647,0.0,147.34957805275917
fullmu_deeponet_s9711,fullmu_deeponet,9711,35,2200,141.18287572379504,0.0,147.1885481774807
fullmu_deeponet_s9711,fullmu_deeponet,9711,35,2300,137.94639372322138,0.0,145.29194003343582
fullmu_deeponet_s9711,fullmu_deeponet,9711,35,2400,141.8672671764596,0.0,147.4658211171627
fullmu_deeponet_s9711,fullmu_deeponet,9711,35,2500,139.7988958954637,0.0,146.42779985070229
fullmu_deeponet_s9711,fullmu_deeponet,9711,35,2600,140.40555729077624,0.0,146.7555719614029
fullmu_deeponet_s9711,fullmu_deeponet,9711,35,2700,143.0702307780911,0.0,148.30126184225082
fullmu_deeponet_s9711,fullmu_deeponet,9711,35,2800,138.39719266556523,0.0,145.67028391361237
fullmu_deeponet_s9711,fullmu_deeponet,9711,35,2900,139.99930291350734,0.0,146.462089240551
fullmu_deeponet_s9711,fullmu_deeponet,9711,35,3000,137.82514944841705,0.0,145.19790552556515
fullmu_deeponet_s9711,fullmu_deeponet,9711,35,3100,141.7178969874344,0.0,147.62771183252335
fullmu_deeponet_s9711,fullmu_deeponet,9711,35,3200,140.28046925639453,0.0,146.74848890304565
fullmu_deeponet_s9711,fullmu_deeponet,9711,35,3300,142.07204873580537,0.0,147.83029913902283
fullmu_deeponet_s9711,fullmu_deeponet,9711,35,3400,142.14166197330186,0.0,147.9254525899887
fullmu_deeponet_s9711,fullmu_deeponet,9711,35,3500,139.6564371254539,0.0,146.33328434824944
fullmu_deeponet_s9711,fullmu_deeponet,9711,35,3600,138.59238929182897,0.0,145.6886004805565
fullmu_deeponet_s9711,fullmu_deeponet,9711,35,3700,142.15514865239032,0.0,147.62389534711838
fullmu_deeponet_s9711,fullmu_deeponet,9711,35,3800,137.88854864721034,0.0,145.24896021187305
fullmu_deeponet_s9711,fullmu_deeponet,9711,35,3900,141.3452887981866,0.0,147.4567613005638
fullmu_deeponet_s9711,fullmu_deeponet,9711,36,0,36.668576955484944,0.0006256247870624065,58.73932102822414
fullmu_deeponet_s9711,fullmu_deeponet,9711,36,100,139.26222087021756,0.0,144.90948677062988
fullmu_deeponet_s9711,fullmu_deeponet,9711,36,200,141.88291634267458,0.0,147.4144405424595
fullmu_deeponet_s9711,fullmu_deeponet,9711,36,300,138.68602589982308,0.0,145.8269395828247
fullmu_deeponet_s9711,fullmu_deeponet,9711,36,400,141.2134604536426,0.0,147.20460219681263
fullmu_deeponet_s9711,fullmu_deeponet,9711,36,500,141.70255142049814,0.0,147.51534587144852
fullmu_deeponet_s9711,fullmu_deeponet,9711,36,600,137.67651834985912,0.0,145.03454015776515
fullmu_deeponet_s9711,fullmu_deeponet,9711,36,700,139.57642635344538,0.0,146.25436642766
fullmu_deeponet_s9711,fullmu_deeponet,9711,36,800,139.34160493138504,0.0,146.00979685224593
fullmu_deeponet_s9711,fullmu_deeponet,9711,36,900,139.4847669256151,0.0,146.4337656199932
fullmu_deeponet_s9711,fullmu_deeponet,9711,36,1000,137.9517913209045,0.0,145.29728105664253
fullmu_deeponet_s9711,fullmu_deeponet,9711,36,1100,137.79839198244358,0.0,145.17561616003513
fullmu_deeponet_s9711,fullmu_deeponet,9711,36,1200,141.06461067159887,0.0,147.22145625948906
fullmu_deeponet_s9711,fullmu_deeponet,9711,36,1300,141.813565085595,0.0,147.6256521344185
fullmu_deeponet_s9711,fullmu_deeponet,9711,36,1400,141.93347940564766,0.0,147.50538659095764
fullmu_deeponet_s9711,fullmu_deeponet,9711,36,1500,140.59101632971726,0.0,146.7809607386589
fullmu_deeponet_s9711,fullmu_deeponet,9711,36,1600,140.9310448049717,0.0,146.92563474178314
fullmu_deeponet_s9711,fullmu_deeponet,9711,36,1700,144.0688407210119,0.0,148.85669988393784
fullmu_deeponet_s9711,fullmu_deeponet,9711,36,1800,139.7939171155584,0.0,146.23909533023834
fullmu_deeponet_s9711,fullmu_deeponet,9711,36,1900,142.34178901066898,0.0,147.89450162649155
fullmu_deeponet_s9711,fullmu_deeponet,9711,36,2000,141.54925891098208,0.0,147.44306978583336
fullmu_deeponet_s9711,fullmu_deeponet,9711,36,2100,138.8236381467869,0.0,145.7145812511444
fullmu_deeponet_s9711,fullmu_deeponet,9711,36,2200,143.55457375813364,0.0,148.61625611782074
fullmu_deeponet_s9711,fullmu_deeponet,9711,36,2300,139.49359416619504,0.0,146.21294258534908
fullmu_deeponet_s9711,fullmu_deeponet,9711,36,2400,138.42832946628073,0.0,145.64469808340073
fullmu_deeponet_s9711,fullmu_deeponet,9711,36,2500,140.76068711097827,0.0,146.89649385213852
fullmu_deeponet_s9711,fullmu_deeponet,9711,36,2600,141.3173809980672,0.0,147.3331314623356
fullmu_deeponet_s9711,fullmu_deeponet,9711,36,2700,137.08194646727816,0.0,144.95129323005676
fullmu_deeponet_s9711,fullmu_deeponet,9711,36,2800,140.3895353084611,0.0,146.6690183877945
fullmu_deeponet_s9711,fullmu_deeponet,9711,36,2900,140.98012973726117,0.0,147.2282520979643
fullmu_deeponet_s9711,fullmu_deeponet,9711,36,3000,141.7892751352614,0.0,147.54976695775986
fullmu_deeponet_s9711,fullmu_deeponet,9711,36,3100,140.54324503385266,0.0,146.78583312034607
fullmu_deeponet_s9711,fullmu_deeponet,9711,36,3200,137.6725153997526,0.0,145.02334204502404
fullmu_deeponet_s9711,fullmu_deeponet,9711,36,3300,136.73595193370915,0.0,144.50761079788208
fullmu_deeponet_s9711,fullmu_deeponet,9711,36,3400,140.96183739924567,0.0,147.12374767661095
fullmu_deeponet_s9711,fullmu_deeponet,9711,36,3500,142.50054752242974,0.0,147.9664342403412
fullmu_deeponet_s9711,fullmu_deeponet,9711,36,3600,137.69090713177843,0.0,145.21927104890347
fullmu_deeponet_s9711,fullmu_deeponet,9711,36,3700,142.3664920995982,0.0,147.79644387960434
fullmu_deeponet_s9711,fullmu_deeponet,9711,36,3800,139.80148363770388,0.0,146.332151979208
fullmu_deeponet_s9711,fullmu_deeponet,9711,36,3900,143.86106985639194,0.0,148.79339492321014
fullmu_deeponet_s9711,fullmu_deeponet,9711,37,0,36.668576955484944,0.0006256247870624065,58.73932102822414
fullmu_deeponet_s9711,fullmu_deeponet,9711,37,100,135.70611713732387,0.0,142.60291689634323
fullmu_deeponet_s9711,fullmu_deeponet,9711,37,200,141.8089792252667,0.0,147.4916450381279
fullmu_deeponet_s9711,fullmu_deeponet,9711,37,300,138.0467390234501,0.0,145.29732355475426
fullmu_deeponet_s9711,fullmu_deeponet,9711,37,400,139.06855297493254,0.0,145.91919100284576
fullmu_deeponet_s9711,fullmu_deeponet,9711,37,500,136.92121771711635,0.0,144.55332601070404
fullmu_deeponet_s9711,fullmu_deeponet,9711,37,600,138.52344091419204,0.0,145.62221306562424
fullmu_deeponet_s9711,fullmu_deeponet,9711,37,700,140.33967452064334,0.0,146.83505415916443
fullmu_deeponet_s9711,fullmu_deeponet,9711,37,800,138.62836810248862,0.0,145.58696275949478
fullmu_deeponet_s9711,fullmu_deeponet,9711,37,900,144.4920763398121,0.0,149.0967921987176
fullmu_deeponet_s9711,fullmu_deeponet,9711,37,1000,142.7306878344223,0.0,148.28345221281052
fullmu_deeponet_s9711,fullmu_deeponet,9711,37,1100,139.30438645198285,0.0,146.21782498061657
fullmu_deeponet_s9711,fullmu_deeponet,9711,37,1200,139.82041010694488,0.0,146.41971707344055
fullmu_deeponet_s9711,fullmu_deeponet,9711,37,1300,142.05532596306475,0.0,147.75264275074005
fullmu_deeponet_s9711,fullmu_deeponet,9711,37,1400,140.98640930273433,0.0,147.11516261845827
fullmu_deeponet_s9711,fullmu_deeponet,9711,37,1500,143.05859795252735,0.0,148.17126247286797
fullmu_deeponet_s9711,fullmu_deeponet,9711,37,1600,142.94522334120794,0.0,148.2107542604208
fullmu_deeponet_s9711,fullmu_deeponet,9711,37,1700,142.69941337951073,0.0,147.99271154403687
fullmu_deeponet_s9711,fullmu_deeponet,9711,37,1800,142.52731723042763,0.0,147.92366141080856
fullmu_deeponet_s9711,fullmu_deeponet,9711,37,1900,138.46638108734234,0.0,145.69815874099731
fullmu_deeponet_s9711,fullmu_deeponet,9711,37,2000,137.8567843637023,0.0,145.23550374805927
fullmu_deeponet_s9711,fullmu_deeponet,9711,37,2100,141.1574332011933,0.0,147.1603512763977
fullmu_deeponet_s9711,fullmu_deeponet,9711,37,2200,139.06171737760178,0.0,145.93051499128342
fullmu_deeponet_s9711,fullmu_deeponet,9711,37,2300,136.82812813763582,0.0,144.53549993038177
fullmu_deeponet_s9711,fullmu_deeponet,9711,37,2400,142.03952830683653,0.0,147.67205423116684
fullmu_deeponet_s9711,fullmu_deeponet,9711,37,2500,141.328731038505,0.0,147.25904235243797
fullmu_deeponet_s9711,fullmu_deeponet,9711,37,2600,140.47236091486815,0.0,146.72961157560349
fullmu_deeponet_s9711,fullmu_deeponet,9711,37,2700,139.73886707228908,0.0,146.33644860982895
fullmu_deeponet_s9711,fullmu_deeponet,9711,37,2800,140.25961932886116,0.0,146.74445021152496
fullmu_deeponet_s9711,fullmu_deeponet,9711,37,2900,139.55862248687495,0.0,146.40434461832047
fullmu_deeponet_s9711,fullmu_deeponet,9711,37,3000,143.96086968095938,0.0,148.8382134437561
fullmu_deeponet_s9711,fullmu_deeponet,9711,37,3100,141.66393595569724,0.0,147.4452833533287
fullmu_deeponet_s9711,fullmu_deeponet,9711,37,3200,141.49467611840652,0.0,147.3370377421379
fullmu_deeponet_s9711,fullmu_deeponet,9711,37,3300,139.60320713042785,0.0,146.34151688218117
fullmu_deeponet_s9711,fullmu_deeponet,9711,37,3400,140.18683848602365,0.0,146.4576940536499
fullmu_deeponet_s9711,fullmu_deeponet,9711,37,3500,143.9878785246413,0.0,148.8161066174507
fullmu_deeponet_s9711,fullmu_deeponet,9711,37,3600,139.7311041061115,0.0,146.3361781835556
fullmu_deeponet_s9711,fullmu_deeponet,9711,37,3700,139.65717327193443,0.0,146.30465233325958
fullmu_deeponet_s9711,fullmu_deeponet,9711,37,3800,141.68142608603853,0.0,147.41450515389442
fullmu_deeponet_s9711,fullmu_deeponet,9711,37,3900,140.27269340843495,0.0,146.60878098011017
fullmu_deeponet_s9711,fullmu_deeponet,9711,38,0,36.668576955484944,0.0006256247870624065,58.73932102822414
fullmu_deeponet_s9711,fullmu_deeponet,9711,38,100,133.91560257157082,0.0,141.3462835252285
fullmu_deeponet_s9711,fullmu_deeponet,9711,38,200,143.84961567406688,0.0,148.60651701688766
fullmu_deeponet_s9711,fullmu_deeponet,9711,38,300,139.2071699015463,0.0,145.90036410093307
fullmu_deeponet_s9711,fullmu_deeponet,9711,38,400,140.85219615052637,0.0,147.02308440580964
fullmu_deeponet_s9711,fullmu_deeponet,9711,38,500,137.59952180415692,0.0,145.11543483287096
fullmu_deeponet_s9711,fullmu_deeponet,9711,38,600,137.64722348659157,0.0,145.15067766606808
fullmu_deeponet_s9711,fullmu_deeponet,9711,38,700,140.31948425982029,0.0,146.67331594228745
fullmu_deeponet_s9711,fullmu_deeponet,9711,38,800,141.75727591376966,0.0,147.70102733373642
fullmu_deeponet_s9711,fullmu_deeponet,9711,38,900,139.20309603841795,0.0,146.05919137969613
fullmu_deeponet_s9711,fullmu_deeponet,9711,38,1000,138.1238704309867,0.0,145.39516565203667
fullmu_deeponet_s9711,fullmu_deeponet,9711,38,1100,138.18270373946095,0.0,145.56613755226135
fullmu_deeponet_s9711,fullmu_deeponet,9711,38,1200,140.17871851415646,0.0,146.64820927381516
fullmu_deeponet_s9711,fullmu_deeponet,9711,38,1300,139.44321686520124,0.0,146.23369584977627
fullmu_deeponet_s9711,fullmu_deeponet,9711,38,1400,141.1143214043996,0.0,147.51268655061722
fullmu_deeponet_s9711,fullmu_deeponet,9711,38,1500,140.80186453166186,0.0,146.891222178936
fullmu_deeponet_s9711,fullmu_deeponet,9711,38,1600,137.62894277455058,0.0,145.03309777751565
fullmu_deeponet_s9711,fullmu_deeponet,9711,38,1700,137.78032245299835,0.0,145.1244834959507
fullmu_deeponet_s9711,fullmu_deeponet,9711,38,1800,137.08904069879554,0.0,144.65705174207687
fullmu_deeponet_s9711,fullmu_deeponet,9711,38,1900,141.8610496686765,0.0,147.56360310316086
fullmu_deeponet_s9711,fullmu_deeponet,9711,38,2000,143.13720092252527,0.0,148.446332603693
fullmu_deeponet_s9711,fullmu_deeponet,9711,38,2100,145.2878101112779,0.0,149.57927656173706
fullmu_deeponet_s9711,fullmu_deeponet,9711,38,2200,141.9423745639727,0.0,147.7976223230362
fullmu_deeponet_s9711,fullmu_deeponet,9711,38,2300,142.81038497834334,0.0,148.10908596217632
fullmu_deeponet_s9711,fullmu_deeponet,9711,38,2400,141.4863146290944,0.0,147.43722015619278
fullmu_deeponet_s9711,fullmu_deeponet,9711,38,2500,144.0157686241385,0.0,148.81279957294464
fullmu_deeponet_s9711,fullmu_deeponet,9711,38,2600,143.21135548367562,0.0,148.4312098324299
fullmu_deeponet_s9711,fullmu_deeponet,9711,38,2700,138.5258490585439,0.0,145.72350722551346
fullmu_deeponet_s9711,fullmu_deeponet,9711,38,2800,138.65943713591616,0.0,145.76501774787903
fullmu_deeponet_s9711,fullmu_deeponet,9711,38,2900,137.87524693613025,0.0,145.21461728215218
fullmu_deeponet_s9711,fullmu_deeponet,9711,38,3000,144.0836859028375,0.0,148.85186451673508
fullmu_deeponet_s9711,fullmu_deeponet,9711,38,3100,141.89785078557225,0.0,147.85273683071136
fullmu_deeponet_s9711,fullmu_deeponet,9711,38,3200,138.97422039616933,0.0,145.87576538324356
fullmu_deeponet_s9711,fullmu_deeponet,9711,38,3300,139.8243264183129,0.0,146.5105329155922
fullmu_deeponet_s9711,fullmu_deeponet,9711,38,3400,140.90275056664044,0.0,147.06728851050138
fullmu_deeponet_s9711,fullmu_deeponet,9711,38,3500,141.57565411412344,0.0,147.53299629688263
fullmu_deeponet_s9711,fullmu_deeponet,9711,38,3600,142.8695780758759,0.0,148.1397479623556
fullmu_deeponet_s9711,fullmu_deeponet,9711,38,3700,138.56708191576263,0.0,145.66862958669662
fullmu_deeponet_s9711,fullmu_deeponet,9711,38,3800,139.4904121130012,0.0,146.12333600968122
fullmu_deeponet_s9711,fullmu_deeponet,9711,38,3900,142.62902432404118,0.0,148.04106260463595
fullmu_deeponet_s9711,fullmu_deeponet,9711,39,0,36.668576955484944,0.0006256247870624065,58.73932102822414
fullmu_deeponet_s9711,fullmu_deeponet,9711,39,100,137.32304551241273,0.0,143.5960557460785
fullmu_deeponet_s9711,fullmu_deeponet,9711,39,200,140.35050202756008,0.0,146.6042469739914
fullmu_deeponet_s9711,fullmu_deeponet,9711,39,300,141.512403094468,0.0,147.43259438872337
fullmu_deeponet_s9711,fullmu_deeponet,9711,39,400,139.9433046372553,0.0,146.45513287186623
fullmu_deeponet_s9711,fullmu_deeponet,9711,39,500,140.61384280243607,0.0,146.8355987071991
fullmu_deeponet_s9711,fullmu_deeponet,9711,39,600,139.08139304707544,0.0,145.75462919473648
fullmu_deeponet_s9711,fullmu_deeponet,9711,39,700,138.89258973181333,0.0,145.8607977628708
fullmu_deeponet_s9711,fullmu_deeponet,9711,39,800,140.02312650119734,0.0,146.4778315126896
fullmu_deeponet_s9711,fullmu_deeponet,9711,39,900,141.52381841659874,0.0,147.36582949757576
fullmu_deeponet_s9711,fullmu_deeponet,9711,39,1000,141.34410081384007,0.0,147.3034024834633
fullmu_deeponet_s9711,fullmu_deeponet,9711,39,1100,140.73566569660233,0.0,146.92065966129303
fullmu_deeponet_s9711,fullmu_deeponet,9711,39,1200,142.13639384474308,0.0,147.64818704128265
fullmu_deeponet_s9711,fullmu_deeponet,9711,39,1300,141.16122996119827,0.0,147.05352764949203
fullmu_deeponet_s9711,fullmu_deeponet,9711,39,1400,141.71448066293027,0.0,147.52643370628357
fullmu_deeponet_s9711,fullmu_deeponet,9711,39,1500,139.91933266522184,0.0,146.34712693095207
fullmu_deeponet_s9711,fullmu_deeponet,9711,39,1600,143.4025832835351,0.0,148.42616486549377
fullmu_deeponet_s9711,fullmu_deeponet,9711,39,1700,138.81687380385517,0.0,145.6950807571411
fullmu_deeponet_s9711,fullmu_deeponet,9711,39,1800,141.11532327248864,0.0,147.0039763576351
fullmu_deeponet_s9711,fullmu_deeponet,9711,39,1900,142.54472538434538,0.0,147.9432408809662
fullmu_deeponet_s9711,fullmu_deeponet,9711,39,2000,141.3717752367778,0.0,147.3337836265564
fullmu_deeponet_s9711,fullmu_deeponet,9711,39,2100,140.11693330789748,0.0,146.51145869493484
fullmu_deeponet_s9711,fullmu_deeponet,9711,39,2200,142.93078060427064,0.0,148.1169444695115
fullmu_deeponet_s9711,fullmu_deeponet,9711,39,2300,138.59592729643705,0.0,145.8633274435997
fullmu_deeponet_s9711,fullmu_deeponet,9711,39,2400,139.1541372992194,0.0,145.84039795398712
fullmu_deeponet_s9711,fullmu_deeponet,9711,39,2500,138.89542477445747,0.0,145.79239857196808
fullmu_deeponet_s9711,fullmu_deeponet,9711,39,2600,140.3765104321252,0.0,146.63995003700256
fullmu_deeponet_s9711,fullmu_deeponet,9711,39,2700,138.81816215051865,0.0,146.0017788085388
fullmu_deeponet_s9711,fullmu_deeponet,9711,39,2800,140.69130044722013,0.0,146.82244765758514
fullmu_deeponet_s9711,fullmu_deeponet,9711,39,2900,137.23651573899303,0.0,144.8731628060341
fullmu_deeponet_s9711,fullmu_deeponet,9711,39,3000,142.2875174831623,0.0,147.76844650506973
fullmu_deeponet_s9711,fullmu_deeponet,9711,39,3100,141.33978860990428,0.0,147.41667863726616
fullmu_deeponet_s9711,fullmu_deeponet,9711,39,3200,138.65474080006695,0.0,145.64750987291336
fullmu_deeponet_s9711,fullmu_deeponet,9711,39,3300,142.59490173693982,0.0,147.9462673664093
fullmu_deeponet_s9711,fullmu_deeponet,9711,39,3400,141.18873292592457,0.0,147.350018709898
fullmu_deeponet_s9711,fullmu_deeponet,9711,39,3500,143.15780133631802,0.0,148.34143924713135
fullmu_deeponet_s9711,fullmu_deeponet,9711,39,3600,141.720770130031,0.0,147.55995547771454
fullmu_deeponet_s9711,fullmu_deeponet,9711,39,3700,142.1189733953708,0.0,147.74131816625595
fullmu_deeponet_s9711,fullmu_deeponet,9711,39,3800,141.2339100314439,0.0,147.34369018673897
fullmu_deeponet_s9711,fullmu_deeponet,9711,39,3900,137.39432502203871,0.0,144.99253755807877
fullmu_deeponet_s9711,fullmu_deeponet,9711,40,0,36.668576955484944,0.0006256247870624065,58.73932102822414
fullmu_deeponet_s9711,fullmu_deeponet,9711,40,100,140.1202203777779,0.0,145.42744478583336
fullmu_deeponet_s9711,fullmu_deeponet,9711,40,200,138.7257999239284,0.0,145.83818066120148
fullmu_deeponet_s9711,fullmu_deeponet,9711,40,300,140.0670077087886,0.0,146.5927243232727
fullmu_deeponet_s9711,fullmu_deeponet,9711,40,400,141.82004814438247,0.0,147.57346904277802
fullmu_deeponet_s9711,fullmu_deeponet,9711,40,500,140.62929654856285,0.0,146.93442505598068
fullmu_deeponet_s9711,fullmu_deeponet,9711,40,600,138.5601436286126,0.0,145.70503848791122
fullmu_deeponet_s9711,fullmu_deeponet,9711,40,700,141.29404028510177,0.0,147.10723496973515
fullmu_deeponet_s9711,fullmu_deeponet,9711,40,800,139.26623548898698,0.0,146.11365016549826
fullmu_deeponet_s9711,fullmu_deeponet,9711,40,900,140.05641531662377,0.0,146.538692176342
fullmu_deeponet_s9711,fullmu_deeponet,9711,40,1000,142.80241368564043,0.0,147.9762281179428
fullmu_deeponet_s9711,fullmu_deeponet,9711,40,1100,143.0407146816646,0.0,148.294069647789
fullmu_deeponet_s9711,fullmu_deeponet,9711,40,1200,136.81238874112748,0.0,144.5871084332466
fullmu_deeponet_s9711,fullmu_deeponet,9711,40,1300,142.68568755383328,0.0,147.96838742494583
fullmu_deeponet_s9711,fullmu_deeponet,9711,40,1400,141.22502291399752,0.0,147.09209783375263
fullmu_deeponet_s9711,fullmu_deeponet,9711,40,1500,140.24573288382692,0.0,146.55042153596878
fullmu_deeponet_s9711,fullmu_deeponet,9711,40,1600,140.5998696896032,0.0,146.68946206569672
fullmu_deeponet_s9711,fullmu_deeponet,9711,40,1700,139.5535927422917,0.0,146.18461956083775
fullmu_deeponet_s9711,fullmu_deeponet,9711,40,1800,141.26085308162618,0.0,147.1141818240285
fullmu_deeponet_s9711,fullmu_deeponet,9711,40,1900,140.3497911625831,0.0,146.8130208849907
fullmu_deeponet_s9711,fullmu_deeponet,9711,40,2000,140.47903510540655,0.0,146.7079634666443
fullmu_deeponet_s9711,fullmu_deeponet,9711,40,2100,140.00054016097815,0.0,146.4840385913849
fullmu_deeponet_s9711,fullmu_deeponet,9711,40,2200,141.96726776271882,0.0,147.72273236513138
fullmu_deeponet_s9711,fullmu_deeponet,9711,40,2300,139.18578664073038,0.0,145.9238579273224
fullmu_deeponet_s9711,fullmu_deeponet,9711,40,2400,137.20908512732402,0.0,144.7573146224022
fullmu_deeponet_s9711,fullmu_deeponet,9711,40,2500,143.3240674654463,0.0,148.4429483115673
fullmu_deeponet_s9711,fullmu_deeponet,9711,40,2600,140.494721366515,0.0,146.6789994239807
fullmu_deeponet_s9711,fullmu_deeponet,9711,40,2700,139.06911885249576,0.0,145.88196045160294
fullmu_deeponet_s9711,fullmu_deeponet,9711,40,2800,143.88453568731637,0.0,148.70376020669937
fullmu_deeponet_s9711,fullmu_deeponet,9711,40,2900,139.89357619669508,0.0,146.4842573404312
fullmu_deeponet_s9711,fullmu_deeponet,9711,40,3000,137.87947478831614,0.0,145.31811192631721
fullmu_deeponet_s9711,fullmu_deeponet,9711,40,3100,140.03058057012,0.0,146.44039285182953
fullmu_deeponet_s9711,fullmu_deeponet,9711,40,3200,140.36035040359212,0.0,146.79418087005615
fullmu_deeponet_s9711,fullmu_deeponet,9711,40,3300,141.3986975169321,0.0,147.24676771461964
fullmu_deeponet_s9711,fullmu_deeponet,9711,40,3400,139.75121994340728,0.0,146.5514813065529
fullmu_deeponet_s9711,fullmu_deeponet,9711,40,3500,142.36982244914049,0.0,147.88896417617798
fullmu_deeponet_s9711,fullmu_deeponet,9711,40,3600,143.8032080259075,0.0,148.6489650607109
fullmu_deeponet_s9711,fullmu_deeponet,9711,40,3700,138.09319552790467,0.0,145.45633238554
fullmu_deeponet_s9711,fullmu_deeponet,9711,40,3800,138.903784389787,0.0,145.83871799707413
fullmu_deeponet_s9711,fullmu_deeponet,9711,40,3900,141.6858279155467,0.0,147.31669452786446
fullmu_deeponet_s9711,fullmu_deeponet,9711,41,0,36.668576955484944,0.0006256247870624065,58.73932102822414
fullmu_deeponet_s9711,fullmu_deeponet,9711,41,100,134.5202998899066,0.0,141.90525192022324
fullmu_deeponet_s9711,fullmu_deeponet,9711,41,200,144.06282596943586,0.0,148.72163063287735
fullmu_deeponet_s9711,fullmu_deeponet,9711,41,300,142.58847045947329,0.0,147.9634280204773
fullmu_deeponet_s9711,fullmu_deeponet,9711,41,400,143.3109269519688,0.0,148.42664754390717
fullmu_deeponet_s9711,fullmu_deeponet,9711,41,500,142.74837662160348,0.0,148.18195021152496
fullmu_deeponet_s9711,fullmu_deeponet,9711,41,600,138.94110300674026,0.0,145.96168321371078
fullmu_deeponet_s9711,fullmu_deeponet,9711,41,700,138.21267726473033,0.0,145.29812216758728
fullmu_deeponet_s9711,fullmu_deeponet,9711,41,800,141.43999503555284,0.0,147.41598543524742
fullmu_deeponet_s9711,fullmu_deeponet,9711,41,900,139.54339744273344,0.0,146.26911336183548
fullmu_deeponet_s9711,fullmu_deeponet,9711,41,1000,142.69958095608416,0.0,148.09784696251154
fullmu_deeponet_s9711,fullmu_deeponet,9711,41,1100,139.9641825656042,0.0,146.53018510341644
fullmu_deeponet_s9711,fullmu_deeponet,9711,41,1200,138.91998984454463,0.0,145.79591047763824
fullmu_deeponet_s9711,fullmu_deeponet,9711,41,1300,142.1149378117804,0.0,147.68587601184845
fullmu_deeponet_s9711,fullmu_deeponet,9711,41,1400,139.41877058209207,0.0,146.31919625401497
fullmu_deeponet_s9711,fullmu_deeponet,9711,41,1500,139.1520044896146,0.0,146.0776216313243
fullmu_deeponet_s9711,fullmu_deeponet,9711,41,1600,142.41203008614704,0.0,147.7841801047325
fullmu_deeponet_s9711,fullmu_deeponet,9711,41,1700,141.10170997756913,0.0,147.24364037811756
fullmu_deeponet_s9711,fullmu_deeponet,9711,41,1800,142.16039964151707,0.0,147.85013628005981
fullmu_deeponet_s9711,fullmu_deeponet,9711,41,1900,141.09434305460962,0.0,147.00419569108635
fullmu_deeponet_s9711,fullmu_deeponet,9711,41,2000,141.64465012842356,0.0,147.60790157318115
fullmu_deeponet_s9711,fullmu_deeponet,9711,41,2100,140.40084324246857,0.0,146.56915175914764
fullmu_deeponet_s9711,fullmu_deeponet,9711,41,2200,137.5952378966821,0.0,145.08136594295502
fullmu_deeponet_s9711,fullmu_deeponet,9711,41,2300,141.01230250977125,0.0,147.34556439518929
fullmu_deeponet_s9711,fullmu_deeponet,9711,41,2400,141.62089192661983,0.0,147.48498079180717
fullmu_deeponet_s9711,fullmu_deeponet,9711,41,2500,140.4303001323917,0.0,146.8704325556755
fullmu_deeponet_s9711,fullmu_deeponet,9711,41,2600,143.28159061873893,0.0,148.27943974733353
fullmu_deeponet_s9711,fullmu_deeponet,9711,41,2700,144.53484598904828,0.0,149.26725122332573
fullmu_deeponet_s9711,fullmu_deeponet,9711,41,2800,142.8469111965293,0.0,148.40327128767967
fullmu_deeponet_s9711,fullmu_deeponet,9711,41,2900,143.2696553198868,0.0,148.6150148510933
fullmu_deeponet_s9711,fullmu_deeponet,9711,41,3000,140.83577823006488,0.0,147.13950757682323
fullmu_deeponet_s9711,fullmu_deeponet,9711,41,3100,140.53483507311293,0.0,146.76544618606567
fullmu_deeponet_s9711,fullmu_deeponet,9711,41,3200,142.10507697759968,0.0,147.57729291915894
fullmu_deeponet_s9711,fullmu_deeponet,9711,41,3300,142.41002737217528,0.0,147.81484532356262
fullmu_deeponet_s9711,fullmu_deeponet,9711,41,3400,141.89953622567126,0.0,147.75448459386826
fullmu_deeponet_s9711,fullmu_deeponet,9711,41,3500,140.66003430266332,0.0,146.78357702493668
fullmu_deeponet_s9711,fullmu_deeponet,9711,41,3600,143.6476536545026,0.0,148.52769148349762
fullmu_deeponet_s9711,fullmu_deeponet,9711,41,3700,142.83774192085934,0.0,148.25665399432182
fullmu_deeponet_s9711,fullmu_deeponet,9711,41,3800,141.0687320319336,0.0,147.07866244763136
fullmu_deeponet_s9711,fullmu_deeponet,9711,41,3900,140.3115502734961,0.0,146.61921513080597
fullmu_deeponet_s9712,fullmu_deeponet,9712,30,0,36.668576955484944,0.0006256247870624065,58.73932102822414
fullmu_deeponet_s9712,fullmu_deeponet,9712,30,100,137.48443503425892,0.0,143.85074871778488
fullmu_deeponet_s9712,fullmu_deeponet,9712,30,200,139.6383849997817,0.0,146.31968194246292
fullmu_deeponet_s9712,fullmu_deeponet,9712,30,300,143.1829690821401,0.0,148.62001883983612
fullmu_deeponet_s9712,fullmu_deeponet,9712,30,400,142.04806640938085,0.0,147.93501114845276
fullmu_deeponet_s9712,fullmu_deeponet,9712,30,500,140.4944016555824,0.0,146.89673173427582
fullmu_deeponet_s9712,fullmu_deeponet,9712,30,600,144.03076681378866,0.0,149.15134198963642
fullmu_deeponet_s9712,fullmu_deeponet,9712,30,700,141.84330778827078,0.0,147.8548555970192
fullmu_deeponet_s9712,fullmu_deeponet,9712,30,800,140.84664413622826,0.0,147.19702675938606
fullmu_deeponet_s9712,fullmu_deeponet,9712,30,900,140.29401816376338,0.0,147.06095761805773
fullmu_deeponet_s9712,fullmu_deeponet,9712,30,1000,141.77906836444876,0.0,147.5816598534584
fullmu_deeponet_s9712,fullmu_deeponet,9712,30,1100,140.64192393843405,0.0,146.92172861099243
fullmu_deeponet_s9712,fullmu_deeponet,9712,30,1200,144.15449187933052,0.0,149.1321631371975
fullmu_deeponet_s9712,fullmu_deeponet,9712,30,1300,140.84416899631424,0.0,147.31545162200928
fullmu_deeponet_s9712,fullmu_deeponet,9712,30,1400,142.1352438447718,0.0,147.86942267417908
fullmu_deeponet_s9712,fullmu_deeponet,9712,30,1500,144.87860526837846,0.0,149.58563977479935
fullmu_deeponet_s9712,fullmu_deeponet,9712,30,1600,143.4072000429049,0.0,148.8214911222458
fullmu_deeponet_s9712,fullmu_deeponet,9712,30,1700,136.43361081301532,0.0,144.48731872439384
fullmu_deeponet_s9712,fullmu_deeponet,9712,30,1800,141.77399627210517,0.0,147.68526530265808
fullmu_deeponet_s9712,fullmu_deeponet,9712,30,1900,144.58093143616213,0.0,149.46424567699432
fullmu_deeponet_s9712,fullmu_deeponet,9712,30,2000,140.31759930882458,0.0,146.96805226802826
fullmu_deeponet_s9712,fullmu_deeponet,9712,30,2100,139.10584055595828,0.0,146.012271117419
fullmu_deeponet_s9712,fullmu_deeponet,9712,30,2200,140.7494687509095,0.0,147.01743412204087
fullmu_deeponet_s9712,fullmu_deeponet,9712,30,2300,139.95366138929228,0.0,146.7272213101387
fullmu_deeponet_s9712,fullmu_deeponet,9712,30,2400,140.80586560938357,0.0,147.24024686217308
fullmu_deeponet_s9712,fullmu_deeponet,9712,30,2500,143.97484822431883,0.0,148.93043738603592
fullmu_deeponet_s9712,fullmu_deeponet,9712,30,2600,140.84501434995173,0.0,147.3674918115139
fullmu_deeponet_s9712,fullmu_deeponet,9712,30,2700,141.3857179297473,0.0,147.523386657238
fullmu_deeponet_s9712,fullmu_deeponet,9712,30,2800,140.1151919333696,0.0,146.76278173923492
fullmu_deeponet_s9712,fullmu_deeponet,9712,30,2900,143.57490173640966,0.0,148.7810475230217
fullmu_deeponet_s9712,fullmu_deeponet,9712,30,3000,138.3852853998067,0.0,145.83697015047073
fullmu_deeponet_s9712,fullmu_deeponet,9712,30,3100,140.86892208304408,0.0,147.2585429251194
fullmu_deeponet_s9712,fullmu_deeponet,9712,30,3200,140.87657101562655,0.0,147.20272785425186
fullmu_deeponet_s9712,fullmu_deeponet,9712,30,3300,141.4203272766711,0.0,147.66843140125275
fullmu_deeponet_s9712,fullmu_deeponet,9712,30,3400,141.75925939723922,0.0,147.81397819519043
fullmu_deeponet_s9712,fullmu_deeponet,9712,30,3500,139.9852904193733,0.0,146.89018428325653
fullmu_deeponet_s9712,fullmu_deeponet,9712,30,3600,138.81430426810635,0.0,146.0659041851759
fullmu_deeponet_s9712,fullmu_deeponet,9712,30,3700,141.17916919895868,0.0,147.2250306904316
fullmu_deeponet_s9712,fullmu_deeponet,9712,30,3800,142.41101505082804,0.0,148.1175912991166
fullmu_deeponet_s9712,fullmu_deeponet,9712,30,3900,144.7714418120331,0.0,149.47167909145355
fullmu_deeponet_s9712,fullmu_deeponet,9712,31,0,36.668576955484944,0.0006256247870624065,58.73932102822414
fullmu_deeponet_s9712,fullmu_deeponet,9712,31,100,137.4865369635041,0.0,143.90905648469925
fullmu_deeponet_s9712,fullmu_deeponet,9712,31,200,139.27924434916108,0.0,146.14100097119808
fullmu_deeponet_s9712,fullmu_deeponet,9712,31,300,139.2654562264174,0.0,146.15129032731056
fullmu_deeponet_s9712,fullmu_deeponet,9712,31,400,143.62205621797054,0.0,148.66908031702042
fullmu_deeponet_s9712,fullmu_deeponet,9712,31,500,140.51099798808426,0.0,147.1120709180832
fullmu_deeponet_s9712,fullmu_deeponet,9712,31,600,139.46311421382123,0.0,146.27254271507263
fullmu_deeponet_s9712,fullmu_deeponet,9712,31,700,141.54561495798077,0.0,147.65644252300262
fullmu_deeponet_s9712,fullmu_deeponet,9712,31,800,139.7194399990856,0.0,146.367575019598
fullmu_deeponet_s9712,fullmu_deeponet,9712,31,900,139.3718329797137,0.0,146.14264357089996
fullmu_deeponet_s9712,fullmu_deeponet,9712,31,1000,140.65992150678167,0.0,146.9148195385933
fullmu_deeponet_s9712,fullmu_deeponet,9712,31,1100,144.1349177475564,0.0,149.07686967402697
fullmu_deeponet_s9712,fullmu_deeponet,9712,31,1200,138.62732971909344,0.0,146.09435043483973
fullmu_deeponet_s9712,fullmu_deeponet,9712,31,1300,143.21106817138602,0.0,148.52997934818268
fullmu_deeponet_s9712,fullmu_deeponet,9712,31,1400,139.72884990532052,0.0,146.54934042692184
fullmu_deeponet_s9712,fullmu_deeponet,9712,31,1500,142.08331871075103,0.0,147.87329363822937
fullmu_deeponet_s9712,fullmu_deeponet,9712,31,1600,140.86708604229042,0.0,147.2631050348282
fullmu_deeponet_s9712,fullmu_deeponet,9712,31,1700,141.61928151162323,0.0,147.69449961185455
fullmu_deeponet_s9712,fullmu_deeponet,9712,31,1800,139.51172289877863,0.0,146.42458099126816
fullmu_deeponet_s9712,fullmu_deeponet,9712,31,1900,143.71418897667763,0.0,148.77880197763443
fullmu_deeponet_s9712,fullmu_deeponet,9712,31,2000,140.9881829753668,0.0,147.35922726988792
fullmu_deeponet_s9712,fullmu_deeponet,9712,31,2100,142.73056113215716,0.0,148.40557089447975
fullmu_deeponet_s9712,fullmu_deeponet,9712,31,2200,140.5257111330113,0.0,147.11979763954878
fullmu_deeponet_s9712,fullmu_deeponet,9712,31,2300,139.83797413149017,0.0,146.60410457849503
fullmu_deeponet_s9712,fullmu_deeponet,9712,31,2400,144.57301705554784,0.0,149.4314385652542
fullmu_deeponet_s9712,fullmu_deeponet,9712,31,2500,143.52120298306477,0.0,148.79893451929092
fullmu_deeponet_s9712,fullmu_deeponet,9712,31,2600,144.10734237974106,0.0,149.08209052681923
fullmu_deeponet_s9712,fullmu_deeponet,9712,31,2700,138.6874637654049,0.0,145.95391923189163
fullmu_deeponet_s9712,fullmu_deeponet,9712,31,2800,141.88727545677696,0.0,147.7736150622368
fullmu_deeponet_s9712,fullmu_deeponet,9712,31,2900,142.594339978854,0.0,148.10487052053213
fullmu_deeponet_s9712,fullmu_deeponet,9712,31,3000,140.23183161243946,0.0,146.77831822633743
fullmu_deeponet_s9712,fullmu_deeponet,9712,31,3100,143.5380736258501,0.0,148.76134651899338
fullmu_deeponet_s9712,fullmu_deeponet,9712,31,3200,143.8936874173647,0.0,149.04282664880157
fullmu_deeponet_s9712,fullmu_deeponet,9712,31,3300,143.1618248485701,0.0,148.65321964025497
fullmu_deeponet_s9712,fullmu_deeponet,9712,31,3400,140.09734237675443,0.0,146.79354721307755
fullmu_deeponet_s9712,fullmu_deeponet,9712,31,3500,139.50517501904275,0.0,146.36758986115456
fullmu_deeponet_s9712,fullmu_deeponet,9712,31,3600,139.7292910957202,0.0,146.46739828586578
fullmu_deeponet_s9712,fullmu_deeponet,9712,31,3700,141.04501240541416,0.0,147.31410938501358
fullmu_deeponet_s9712,fullmu_deeponet,9712,31,3800,142.58231873929773,0.0,148.10794070363045
fullmu_deeponet_s9712,fullmu_deeponet,9712,31,3900,137.2171447156904,0.0,144.97954082489014
fullmu_deeponet_s9712,fullmu_deeponet,9712,32,0,36.668576955484944,0.0006256247870624065,58.73932102822414
fullmu_deeponet_s9712,fullmu_deeponet,9712,32,100,136.66333172153253,0.0,143.27432402968407
fullmu_deeponet_s9712,fullmu_deeponet,9712,32,200,143.1304166151719,0.0,148.55212926864624
fullmu_deeponet_s9712,fullmu_deeponet,9712,32,300,140.0406810372127,0.0,146.61634504795074
fullmu_deeponet_s9712,fullmu_deeponet,9712,32,400,142.99297437274018,0.0,148.59140092134476
fullmu_deeponet_s9712,fullmu_deeponet,9712,32,500,142.94535603328183,0.0,148.29951852560043
fullmu_deeponet_s9712,fullmu_deeponet,9712,32,600,142.60372870276964,0.0,148.07155250757933
fullmu_deeponet_s9712,fullmu_deeponet,9712,32,700,139.87579241532092,0.0,146.65054994821548
fullmu_deeponet_s9712,fullmu_deeponet,9712,32,800,142.65590135595892,0.0,148.16498993337154
fullmu_deeponet_s9712,fullmu_deeponet,9712,32,900,142.4974237624149,0.0,148.3304150402546
fullmu_deeponet_s9712,fullmu_deeponet,9712,32,1000,139.3565302626424,0.0,146.1684081107378
fullmu_deeponet_s9712,fullmu_deeponet,9712,32,1100,143.51061571326125,0.0,148.67855715751648
fullmu_deeponet_s9712,fullmu_deeponet,9712,32,1200,144.37206282856175,0.0,149.23984616994858
fullmu_deeponet_s9712,fullmu_deeponet,9712,32,1300,142.64055768508,0.0,148.27269634604454
fullmu_deeponet_s9712,fullmu_deeponet,9712,32,1400,142.17961841768002,0.0,148.01550984103233
fullmu_deeponet_s9712,fullmu_deeponet,9712,32,1500,140.0524881027967,0.0,146.71179407835007
fullmu_deeponet_s9712,fullmu_deeponet,9712,32,1600,143.85438578201754,0.0,148.8917686343193
fullmu_deeponet_s9712,fullmu_deeponet,9712,32,1700,142.65000111400008,0.0,148.3859639763832
fullmu_deeponet_s9712,fullmu_deeponet,9712,32,1800,140.95921342582153,0.0,147.3939680159092
fullmu_deeponet_s9712,fullmu_deeponet,9712,32,1900,142.3369982349699,0.0,148.07594437897205
fullmu_deeponet_s9712,fullmu_deeponet,9712,32,2000,141.3323823698326,0.0,147.53115278482437
fullmu_deeponet_s9712,fullmu_deeponet,9712,32,2100,141.70888627493818,0.0,147.63538843393326
fullmu_deeponet_s9712,fullmu_deeponet,9712,32,2200,139.64595722400028,0.0,146.29743000864983
fullmu_deeponet_s9712,fullmu_deeponet,9712,32,2300,142.36463823853418,0.0,148.1536941677332
fullmu_deeponet_s9712,fullmu_deeponet,9712,32,2400,140.7514797201346,0.0,146.92430478334427
fullmu_deeponet_s9712,fullmu_deeponet,9712,32,2500,139.44719545936488,0.0,146.40182000398636
fullmu_deeponet_s9712,fullmu_deeponet,9712,32,2600,143.05802034258738,0.0,148.33000630140305
fullmu_deeponet_s9712,fullmu_deeponet,9712,32,2700,140.5229660389365,0.0,147.23913025856018
fullmu_deeponet_s9712,fullmu_deeponet,9712,32,2800,137.9439975437799,0.0,145.43983992934227
fullmu_deeponet_s9712,fullmu_deeponet,9712,32,2900,141.49601232379342,0.0,147.50843340158463
fullmu_deeponet_s9712,fullmu_deeponet,9712,32,3000,142.14548098666265,0.0,147.81146281957626
fullmu_deeponet_s9712,fullmu_deeponet,9712,32,3100,139.05460371736805,0.0,146.2159553617239
fullmu_deeponet_s9712,fullmu_deeponet,9712,32,3200,140.6456081054277,0.0,146.9850725531578
fullmu_deeponet_s9712,fullmu_deeponet,9712,32,3300,140.1919734291017,0.0,146.83162713050842
fullmu_deeponet_s9712,fullmu_deeponet,9712,32,3400,141.54369425870252,0.0,147.61645239591599
fullmu_deeponet_s9712,fullmu_deeponet,9712,32,3500,139.6706310062852,0.0,146.67797422409058
fullmu_deeponet_s9712,fullmu_deeponet,9712,32,3600,141.59982695121747,0.0,147.54817861318588
fullmu_deeponet_s9712,fullmu_deeponet,9712,32,3700,138.10964516876828,0.0,145.39580443501472
fullmu_deeponet_s9712,fullmu_deeponet,9712,32,3800,140.94508221467228,0.0,147.0219762828201
fullmu_deeponet_s9712,fullmu_deeponet,9712,32,3900,143.779259759835,0.0,148.95978957414627
fullmu_deeponet_s9712,fullmu_deeponet,9712,33,0,36.668576955484944,0.0006256247870624065,58.73932102822414
fullmu_deeponet_s9712,fullmu_deeponet,9712,33,100,136.30288237210945,0.0,143.12337291240692
fullmu_deeponet_s9712,fullmu_deeponet,9712,33,200,142.5085599646713,0.0,148.0853190869093
fullmu_deeponet_s9712,fullmu_deeponet,9712,33,300,144.90635161262622,0.0,149.5504206418991
fullmu_deeponet_s9712,fullmu_deeponet,9712,33,400,140.517017096368,0.0,147.21104358136654
fullmu_deeponet_s9712,fullmu_deeponet,9712,33,500,140.50151147925516,0.0,147.14149436354637
fullmu_deeponet_s9712,fullmu_deeponet,9712,33,600,139.569047365657,0.0,146.5008071064949
fullmu_deeponet_s9712,fullmu_deeponet,9712,33,700,143.60018929955348,0.0,148.75149500370026
fullmu_deeponet_s9712,fullmu_deeponet,9712,33,800,137.52728344982444,0.0,145.31055092811584
fullmu_deeponet_s9712,fullmu_deeponet,9712,33,900,143.7107138902604,0.0,148.81969475746155
fullmu_deeponet_s9712,fullmu_deeponet,9712,33,1000,140.53249915367812,0.0,146.94983977079391
fullmu_deeponet_s9712,fullmu_deeponet,9712,33,1100,138.07549681511847,0.0,145.51405829191208
fullmu_deeponet_s9712,fullmu_deeponet,9712,33,1200,140.1968470549399,0.0,146.50082087516785
fullmu_deeponet_s9712,fullmu_deeponet,9712,33,1300,142.89207629649326,0.0,148.14613063633442
fullmu_deeponet_s9712,fullmu_deeponet,9712,33,1400,141.50161166374852,0.0,147.61907315254211
fullmu_deeponet_s9712,fullmu_deeponet,9712,33,1500,140.42658372936438,0.0,147.14141497015953
fullmu_deeponet_s9712,fullmu_deeponet,9712,33,1600,142.5348591159028,0.0,148.19820380210876
fullmu_deeponet_s9712,fullmu_deeponet,9712,33,1700,139.81370855346586,0.0,146.44028627872467
fullmu_deeponet_s9712,fullmu_deeponet,9712,33,1800,139.90054188637373,0.0,146.55450600385666
fullmu_deeponet_s9712,fullmu_deeponet,9712,33,1900,141.64476420512761,0.0,147.69915741682053
fullmu_deeponet_s9712,fullmu_deeponet,9712,33,2000,140.41239328275464,0.0,147.20643389225006
fullmu_deeponet_s9712,fullmu_deeponet,9712,33,2100,139.13846309173343,0.0,146.0502223931253
fullmu_deeponet_s9712,fullmu_deeponet,9712,33,2200,139.65667836246817,0.0,146.53847897052765
fullmu_deeponet_s9712,fullmu_deeponet,9712,33,2300,141.7846725661544,0.0,147.6309191584587
fullmu_deeponet_s9712,fullmu_deeponet,9712,33,2400,141.770738547979,0.0,147.60754144191742
fullmu_deeponet_s9712,fullmu_deeponet,9712,33,2500,139.6315191090728,0.0,146.5896583199501
fullmu_deeponet_s9712,fullmu_deeponet,9712,33,2600,139.68176254417003,0.0,146.41936087608337
fullmu_deeponet_s9712,fullmu_deeponet,9712,33,2700,140.56201225678464,0.0,146.87509262561798
fullmu_deeponet_s9712,fullmu_deeponet,9712,33,2800,142.49306569279847,0.0,148.04480827972293
fullmu_deeponet_s9712,fullmu_deeponet,9712,33,2900,143.69708786664802,0.0,148.9174948334694
fullmu_deeponet_s9712,fullmu_deeponet,9712,33,3000,141.3258883139431,0.0,147.66313868761063
fullmu_deeponet_s9712,fullmu_deeponet,9712,33,3100,138.91334863473077,0.0,146.08554030954838
fullmu_deeponet_s9712,fullmu_deeponet,9712,33,3200,138.00175837777667,0.0,145.63162404298782
fullmu_deeponet_s9712,fullmu_deeponet,9712,33,3300,141.26212865022325,0.0,147.55331879854202
fullmu_deeponet_s9712,fullmu_deeponet,9712,33,3400,143.42367755904527,0.0,148.6669310927391
fullmu_deeponet_s9712,fullmu_deeponet,9712,33,3500,142.08133673339498,0.0,147.92206543684006
fullmu_deeponet_s9712,fullmu_deeponet,9712,33,3600,141.95397390904262,0.0,147.84095311164856
fullmu_deeponet_s9712,fullmu_deeponet,9712,33,3700,142.5230656652172,0.0,148.28827992081642
fullmu_deeponet_s9712,fullmu_deeponet,9712,33,3800,140.64927630667174,0.0,147.07067676633596
fullmu_deeponet_s9712,fullmu_deeponet,9712,33,3900,142.0930083493586,0.0,147.89123803377151
fullmu_deeponet_s9712,fullmu_deeponet,9712,34,0,36.668576955484944,0.0006256247870624065,58.73932102822414
fullmu_deeponet_s9712,fullmu_deeponet,9712,34,100,138.81278954541912,0.0,144.71330839395523
fullmu_deeponet_s9712,fullmu_deeponet,9712,34,200,137.08367426110598,0.0,145.0388489589095
fullmu_deeponet_s9712,fullmu_deeponet,9712,34,300,139.4456478261573,0.0,146.33106550574303
fullmu_deeponet_s9712,fullmu_deeponet,9712,34,400,142.829444724496,0.0,148.32791152596474
fullmu_deeponet_s9712,fullmu_deeponet,9712,34,500,138.54658073126916,0.0,145.94298553466797
fullmu_deeponet_s9712,fullmu_deeponet,9712,34,600,138.7997345065553,0.0,145.93225955963135
fullmu_deeponet_s9712,fullmu_deeponet,9712,34,700,142.2059323586106,0.0,147.93922972679138
fullmu_deeponet_s9712,fullmu_deeponet,9712,34,800,140.37991878900638,0.0,146.8045792579651
fullmu_deeponet_s9712,fullmu_deeponet,9712,34,900,139.28921949400134,0.0,146.23154017329216
fullmu_deeponet_s9712,fullmu_deeponet,9712,34,1000,140.88925751879785,0.0,147.14970037341118
fullmu_deeponet_s9712,fullmu_deeponet,9712,34,1100,141.97104618483323,0.0,147.84643024206161
fullmu_deeponet_s9712,fullmu_deeponet,9712,34,1200,140.50467137471054,0.0,146.95290863513947
fullmu_deeponet_s9712,fullmu_deeponet,9712,34,1300,136.755891790986,0.0,144.5686981678009
fullmu_deeponet_s9712,fullmu_deeponet,9712,34,1400,141.7826008011095,0.0,147.66382640600204
fullmu_deeponet_s9712,fullmu_deeponet,9712,34,1500,141.0623991099495,0.0,147.47873175144196
fullmu_deeponet_s9712,fullmu_deeponet,9712,34,1600,141.33529462235788,0.0,147.33262586593628
fullmu_deeponet_s9712,fullmu_deeponet,9712,34,1700,142.53298652363202,0.0,148.049915317446
fullmu_deeponet_s9712,fullmu_deeponet,9712,34,1800,141.74483105469602,0.0,147.68565618991852
fullmu_deeponet_s9712,fullmu_deeponet,9712,34,1900,140.62404482864775,0.0,147.18414886295795
fullmu_deeponet_s9712,fullmu_deeponet,9712,34,2000,143.17026164336164,0.0,148.68338710069656
fullmu_deeponet_s9712,fullmu_deeponet,9712,34,2100,138.94391471570086,0.0,146.11414422094822
fullmu_deeponet_s9712,fullmu_deeponet,9712,34,2200,139.3302093535257,0.0,146.15734785795212
fullmu_deeponet_s9712,fullmu_deeponet,9712,34,2300,138.93087642916117,0.0,145.87318742275238
fullmu_deeponet_s9712,fullmu_deeponet,9712,34,2400,139.18816074428054,0.0,146.30252754688263
fullmu_deeponet_s9712,fullmu_deeponet,9712,34,2500,140.96339470402876,0.0,147.03246631100774
fullmu_deeponet_s9712,fullmu_deeponet,9712,34,2600,141.93309474232038,0.0,147.8653358221054
fullmu_deeponet_s9712,fullmu_deeponet,9712,34,2700,140.4897760535216,0.0,146.914979159832
fullmu_deeponet_s9712,fullmu_deeponet,9712,34,2800,139.91000371054773,0.0,146.69804739952087
fullmu_deeponet_s9712,fullmu_deeponet,9712,34,2900,140.1285414268156,0.0,146.91820466518402
fullmu_deeponet_s9712,fullmu_deeponet,9712,34,3000,143.06805913906683,0.0,148.5238665342331
fullmu_deeponet_s9712,fullmu_deeponet,9712,34,3100,142.9220333504331,0.0,148.4595484137535
fullmu_deeponet_s9712,fullmu_deeponet,9712,34,3200,143.64977759052667,0.0,148.92699593305588
fullmu_deeponet_s9712,fullmu_deeponet,9712,34,3300,143.39888908212933,0.0,148.77719753980637
fullmu_deeponet_s9712,fullmu_deeponet,9712,34,3400,139.1598444092665,0.0,146.29372414946556
fullmu_deeponet_s9712,fullmu_deeponet,9712,34,3500,139.68422790648006,0.0,146.38438886404037
fullmu_deeponet_s9712,fullmu_deeponet,9712,34,3600,139.84853273536348,0.0,146.54755407571793
fullmu_deeponet_s9712,fullmu_deeponet,9712,34,3700,138.17153932547387,0.0,145.51345133781433
fullmu_deeponet_s9712,fullmu_deeponet,9712,34,3800,143.82125435632486,0.0,148.9179196357727
fullmu_deeponet_s9712,fullmu_deeponet,9712,34,3900,143.34874551054233,0.0,148.78900438547134
fullmu_deeponet_s9712,fullmu_deeponet,9712,35,0,36.668576955484944,0.0006256247870624065,58.73932102822414
fullmu_deeponet_s9712,fullmu_deeponet,9712,35,100,138.92290100548968,0.0,144.87139362096786
fullmu_deeponet_s9712,fullmu_deeponet,9712,35,200,138.31700157110785,0.0,145.74322098493576
fullmu_deeponet_s9712,fullmu_deeponet,9712,35,300,141.0338829868688,0.0,147.23880948126316
fullmu_deeponet_s9712,fullmu_deeponet,9712,35,400,138.97169628294768,0.0,146.02121858671308
fullmu_deeponet_s9712,fullmu_deeponet,9712,35,500,143.18596694328846,0.0,148.70937830209732
fullmu_deeponet_s9712,fullmu_deeponet,9712,35,600,139.68910553520567,0.0,146.43026080727577
fullmu_deeponet_s9712,fullmu_deeponet,9712,35,700,140.44546201118936,0.0,146.8550904393196
fullmu_deeponet_s9712,fullmu_deeponet,9712,35,800,140.56149270989815,0.0,147.01024394016713
fullmu_deeponet_s9712,fullmu_deeponet,9712,35,900,138.67359601134515,0.0,145.81302440166473
fullmu_deeponet_s9712,fullmu_deeponet,9712,35,1000,142.76359694090596,0.0,148.3184818327427
fullmu_deeponet_s9712,fullmu_deeponet,9712,35,1100,142.53243041362538,0.0,148.35508972406387
fullmu_deeponet_s9712,fullmu_deeponet,9712,35,1200,140.79162495732143,0.0,147.19220520555973
fullmu_deeponet_s9712,fullmu_deeponet,9712,35,1300,141.14459172980955,0.0,147.40033692121506
fullmu_deeponet_s9712,fullmu_deeponet,9712,35,1400,142.15564316421654,0.0,147.976508975029
fullmu_deeponet_s9712,fullmu_deeponet,9712,35,1500,140.8195859133372,0.0,147.2201180756092
fullmu_deeponet_s9712,fullmu_deeponet,9712,35,1600,139.65165854598808,0.0,146.42883881926537
fullmu_deeponet_s9712,fullmu_deeponet,9712,35,1700,141.31790069343248,0.0,147.46017679572105
fullmu_deeponet_s9712,fullmu_deeponet,9712,35,1800,141.11263421618867,0.0,147.39975154399872
fullmu_deeponet_s9712,fullmu_deeponet,9712,35,1900,139.34853220968586,0.0,146.34529721736908
fullmu_deeponet_s9712,fullmu_deeponet,9712,35,2000,140.69528280967228,0.0,147.11756828427315
fullmu_deeponet_s9712,fullmu_deeponet,9712,35,2100,142.01695086692942,0.0,147.77918529510498
fullmu_deeponet_s9712,fullmu_deeponet,9712,35,2200,141.58169280736257,0.0,147.6370849609375
fullmu_deeponet_s9712,fullmu_deeponet,9712,35,2300,138.2932166987309,0.0,145.66786170005798
fullmu_deeponet_s9712,fullmu_deeponet,9712,35,2400,142.26635157833368,0.0,147.8843601346016
fullmu_deeponet_s9712,fullmu_deeponet,9712,35,2500,140.17766275011732,0.0,146.8300460577011
fullmu_deeponet_s9712,fullmu_deeponet,9712,35,2600,140.79011158104137,0.0,147.18581700325012
fullmu_deeponet_s9712,fullmu_deeponet,9712,35,2700,143.4985362042771,0.0,148.75951880216599
fullmu_deeponet_s9712,fullmu_deeponet,9712,35,2800,138.75882380300413,0.0,146.05638771876693
fullmu_deeponet_s9712,fullmu_deeponet,9712,35,2900,140.37831878271186,0.0,146.86257672309875
fullmu_deeponet_s9712,fullmu_deeponet,9712,35,3000,138.16231980473427,0.0,145.5773972272873
fullmu_deeponet_s9712,fullmu_deeponet,9712,35,3100,142.12648646851207,0.0,148.056465446949
fullmu_deeponet_s9712,fullmu_deeponet,9712,35,3200,140.6687756432696,0.0,147.18116649985313
fullmu_deeponet_s9712,fullmu_deeponet,9712,35,3300,142.48860952922124,0.0,148.30431041121483
fullmu_deeponet_s9712,fullmu_deeponet,9712,35,3400,142.54962158824358,0.0,148.40214449167252
fullmu_deeponet_s9712,fullmu_deeponet,9712,35,3500,140.02629599028515,0.0,146.73907661437988
fullmu_deeponet_s9712,fullmu_deeponet,9712,35,3600,138.95109773996234,0.0,146.07703791558743
fullmu_deeponet_s9712,fullmu_deeponet,9712,35,3700,142.55894708397815,0.0,148.04281658679247
fullmu_deeponet_s9712,fullmu_deeponet,9712,35,3800,138.23338553100265,0.0,145.62848269939423
fullmu_deeponet_s9712,fullmu_deeponet,9712,35,3900,141.75220407838606,0.0,147.87906765937805
fullmu_deeponet_s9712,fullmu_deeponet,9712,36,0,36.668576955484944,0.0006256247870624065,58.73932102822414
fullmu_deeponet_s9712,fullmu_deeponet,9712,36,100,139.57755833321062,0.0,145.2830167710781
fullmu_deeponet_s9712,fullmu_deeponet,9712,36,200,142.2706615964189,0.0,147.82807862758636
fullmu_deeponet_s9712,fullmu_deeponet,9712,36,300,139.05337867465502,0.0,146.25028344988823
fullmu_deeponet_s9712,fullmu_deeponet,9712,36,400,141.61410179673837,0.0,147.65235418081284
fullmu_deeponet_s9712,fullmu_deeponet,9712,36,500,142.11080496453732,0.0,147.9343598484993
fullmu_deeponet_s9712,fullmu_deeponet,9712,36,600,138.01048293996917,0.0,145.4255747795105
fullmu_deeponet_s9712,fullmu_deeponet,9712,36,700,139.94513061823184,0.0,146.66545009613037
fullmu_deeponet_s9712,fullmu_deeponet,9712,36,800,139.70325262864816,0.0,146.44592371582985
fullmu_deeponet_s9712,fullmu_deeponet,9712,36,900,139.8677332757028,0.0,146.8360694050789
fullmu_deeponet_s9712,fullmu_deeponet,9712,36,1000,138.2999352999293,0.0,145.6757246851921
fullmu_deeponet_s9712,fullmu_deeponet,9712,36,1100,138.14147983958603,0.0,145.55615711212158
fullmu_deeponet_s9712,fullmu_deeponet,9712,36,1200,141.46890037817775,0.0,147.66841036081314
fullmu_deeponet_s9712,fullmu_deeponet,9712,36,1300,142.2258885475495,0.0,148.05286636576056
fullmu_deeponet_s9712,fullmu_deeponet,9712,36,1400,142.3284365491008,0.0,147.91866904497147
fullmu_deeponet_s9712,fullmu_deeponet,9712,36,1500,140.9770859113619,0.0,147.21447601914406
fullmu_deeponet_s9712,fullmu_deeponet,9712,36,1600,141.31480693680203,0.0,147.3801366686821
fullmu_deeponet_s9712,fullmu_deeponet,9712,36,1700,144.50868859896968,0.0,149.35917454957962
fullmu_deeponet_s9712,fullmu_deeponet,9712,36,1800,140.15288599185743,0.0,146.64439183473587
fullmu_deeponet_s9712,fullmu_deeponet,9712,36,1900,142.75631406629185,0.0,148.37551084160805
fullmu_deeponet_s9712,fullmu_deeponet,9712,36,2000,141.95754422147832,0.0,147.8680015206337
fullmu_deeponet_s9712,fullmu_deeponet,9712,36,2100,139.16799409392962,0.0,146.09679532051086
fullmu_deeponet_s9712,fullmu_deeponet,9712,36,2200,143.9830316682015,0.0,149.05666364729404
fullmu_deeponet_s9712,fullmu_deeponet,9712,36,2300,139.8683452908611,0.0,146.63424015045166
fullmu_deeponet_s9712,fullmu_deeponet,9712,36,2400,138.7889902828507,0.0,146.02181747928262
fullmu_deeponet_s9712,fullmu_deeponet,9712,36,2500,141.1533142354688,0.0,147.35440278053284
fullmu_deeponet_s9712,fullmu_deeponet,9712,36,2600,141.7231672055331,0.0,147.76743084192276
fullmu_deeponet_s9712,fullmu_deeponet,9712,36,2700,137.42134584058644,0.0,145.33813905715942
fullmu_deeponet_s9712,fullmu_deeponet,9712,36,2800,140.7682833229493,0.0,147.07341042906046
fullmu_deeponet_s9712,fullmu_deeponet,9712,36,2900,141.38192994742582,0.0,147.67204481363297
fullmu_deeponet_s9712,fullmu_deeponet,9712,36,3000,142.1986995677026,0.0,147.96806424856186
fullmu_deeponet_s9712,fullmu_deeponet,9712,36,3100,140.9345221093674,0.0,147.2240089327097
fullmu_deeponet_s9712,fullmu_deeponet,9712,36,3200,138.0038533518303,0.0,145.41203147172928
fullmu_deeponet_s9712,fullmu_deeponet,9712,36,3300,137.05353206676182,0.0,144.86559528112411
fullmu_deeponet_s9712,fullmu_deeponet,9712,36,3400,141.36070464127403,0.0,147.57899111509323
fullmu_deeponet_s9712,fullmu_deeponet,9712,36,3500,142.92110904494953,0.0,148.46431332826614
fullmu_deeponet_s9712,fullmu_deeponet,9712,36,3600,138.03824393085458,0.0,145.60181576013565
fullmu_deeponet_s9712,fullmu_deeponet,9712,36,3700,142.7844038685265,0.0,148.26408213377
fullmu_deeponet_s9712,fullmu_deeponet,9712,36,3800,140.16973585753615,0.0,146.73643273115158
fullmu_deeponet_s9712,fullmu_deeponet,9712,36,3900,144.28804200535671,0.0,149.27176648378372
fullmu_deeponet_s9712,fullmu_deeponet,9712,37,0,36.668576955484944,0.0006256247870624065,58.73932102822414
fullmu_deeponet_s9712,fullmu_deeponet,9712,37,100,135.99686959104181,0.0,142.91419744491577
fullmu_deeponet_s9712,fullmu_deeponet,9712,37,200,142.20869792841208,0.0,147.90800839662552
fullmu_deeponet_s9712,fullmu_deeponet,9712,37,300,138.39085992140755,0.0,145.6712787747383
fullmu_deeponet_s9712,fullmu_deeponet,9712,37,400,139.43075554428953,0.0,146.3479437828064
fullmu_deeponet_s9712,fullmu_deeponet,9712,37,500,137.23055813967605,0.0,144.90262454748154
fullmu_deeponet_s9712,fullmu_deeponet,9712,37,600,138.87733515255076,0.0,145.9869106411934
fullmu_deeponet_s9712,fullmu_deeponet,9712,37,700,140.73495663647967,0.0,147.2868165075779
fullmu_deeponet_s9712,fullmu_deeponet,9712,37,800,138.97078043167727,0.0,145.95331811904907
fullmu_deeponet_s9712,fullmu_deeponet,9712,37,900,144.93309725191733,0.0,149.59186106920242
fullmu_deeponet_s9712,fullmu_deeponet,9712,37,1000,143.14335051108253,0.0,148.72954243421555
fullmu_deeponet_s9712,fullmu_deeponet,9712,37,1100,139.68245874220057,0.0,146.6416397690773
fullmu_deeponet_s9712,fullmu_deeponet,9712,37,1200,140.19833910497914,0.0,146.82354313135147
fullmu_deeponet_s9712,fullmu_deeponet,9712,37,1300,142.4719004422438,0.0,148.2128258496523
fullmu_deeponet_s9712,fullmu_deeponet,9712,37,1400,141.38191696031268,0.0,147.56981927156448
fullmu_deeponet_s9712,fullmu_deeponet,9712,37,1500,143.4819907480168,0.0,148.64486229419708
fullmu_deeponet_s9712,fullmu_deeponet,9712,37,1600,143.37226190616622,0.0,148.67885732650757
fullmu_deeponet_s9712,fullmu_deeponet,9712,37,1700,143.1155973635983,0.0,148.48841962218285
fullmu_deeponet_s9712,fullmu_deeponet,9712,37,1800,142.94227330701568,0.0,148.40922102332115
fullmu_deeponet_s9712,fullmu_deeponet,9712,37,1900,138.8278514788513,0.0,146.09425738453865
fullmu_deeponet_s9712,fullmu_deeponet,9712,37,2000,138.2009769775118,0.0,145.61449587345123
fullmu_deeponet_s9712,fullmu_deeponet,9712,37,2100,141.5556527073851,0.0,147.61099481582642
fullmu_deeponet_s9712,fullmu_deeponet,9712,37,2200,139.42385095320083,0.0,146.35970878601074
fullmu_deeponet_s9712,fullmu_deeponet,9712,37,2300,137.1453854115878,0.0,144.89185428619385
fullmu_deeponet_s9712,fullmu_deeponet,9712,37,2400,142.44523629257282,0.0,148.10899747908115
fullmu_deeponet_s9712,fullmu_deeponet,9712,37,2500,141.7302584890788,0.0,147.70036935806274
fullmu_deeponet_s9712,fullmu_deeponet,9712,37,2600,140.85896408168753,0.0,147.153681114316
fullmu_deeponet_s9712,fullmu_deeponet,9712,37,2700,140.10776427769235,0.0,146.74188512563705
fullmu_deeponet_s9712,fullmu_deeponet,9712,37,2800,140.64884954390612,0.0,147.17635543644428
fullmu_deeponet_s9712,fullmu_deeponet,9712,37,2900,139.9305420103377,0.0,146.80640614032745
fullmu_deeponet_s9712,fullmu_deeponet,9712,37,3000,144.39031825258877,0.0,149.3257130086422
fullmu_deeponet_s9712,fullmu_deeponet,9712,37,3100,142.06648643284856,0.0,147.8674283027649
fullmu_deeponet_s9712,fullmu_deeponet,9712,37,3200,141.89376435876596,0.0,147.76890164613724
fullmu_deeponet_s9712,fullmu_deeponet,9712,37,3300,139.97980048154108,0.0,146.75086122751236
fullmu_deeponet_s9712,fullmu_deeponet,9712,37,3400,140.54720156355577,0.0,146.84645134210587
fullmu_deeponet_s9712,fullmu_deeponet,9712,37,3500,144.42628387679454,0.0,149.3115720152855
fullmu_deeponet_s9712,fullmu_deeponet,9712,37,3600,140.09817576699263,0.0,146.74004155397415
fullmu_deeponet_s9712,fullmu_deeponet,9712,37,3700,140.0339735634572,0.0,146.7181075811386
fullmu_deeponet_s9712,fullmu_deeponet,9712,37,3800,142.0827623164411,0.0,147.83869540691376
fullmu_deeponet_s9712,fullmu_deeponet,9712,37,3900,140.64839459449493,0.0,147.00246926792897
fullmu_deeponet_s9712,fullmu_deeponet,9712,38,0,36.668576955484944,0.0006256247870624065,58.73932102822414
fullmu_deeponet_s9712,fullmu_deeponet,9712,38,100,134.19072177246485,0.0,141.6612724661827
fullmu_deeponet_s9712,fullmu_deeponet,9712,38,200,144.28231749113695,0.0,149.05347327888012
fullmu_deeponet_s9712,fullmu_deeponet,9712,38,300,139.5607609132405,0.0,146.31698602437973
fullmu_deeponet_s9712,fullmu_deeponet,9712,38,400,141.24114778700158,0.0,147.4870186150074
fullmu_deeponet_s9712,fullmu_deeponet,9712,38,500,137.9410003033236,0.0,145.5032863020897
fullmu_deeponet_s9712,fullmu_deeponet,9712,38,600,137.99084203711837,0.0,145.5333976149559
fullmu_deeponet_s9712,fullmu_deeponet,9712,38,700,140.69879580262216,0.0,147.07996222376823
fullmu_deeponet_s9712,fullmu_deeponet,9712,38,800,142.1620515568055,0.0,148.13724821805954
fullmu_deeponet_s9712,fullmu_deeponet,9712,38,900,139.5746701033326,0.0,146.5005031824112
fullmu_deeponet_s9712,fullmu_deeponet,9712,38,1000,138.4704997913127,0.0,145.76430541276932
fullmu_deeponet_s9712,fullmu_deeponet,9712,38,1100,138.54226419820915,0.0,145.9405841231346
fullmu_deeponet_s9712,fullmu_deeponet,9712,38,1200,140.56572026673484,0.0,147.05697610229254
fullmu_deeponet_s9712,fullmu_deeponet,9712,38,1300,139.8216045843481,0.0,146.65567725896835
fullmu_deeponet_s9712,fullmu_deeponet,9712,38,1400,141.49610000733497,0.0,147.90033727884293
fullmu_deeponet_s9712,fullmu_deeponet,9712,38,1500,141.18714909365647,0.0,147.3420792222023
fullmu_deeponet_s9712,fullmu_deeponet,9712,38,1600,137.96053489227012,0.0,145.42230805754662
fullmu_deeponet_s9712,fullmu_deeponet,9712,38,1700,138.11628333245923,0.0,145.5071786046028
fullmu_deeponet_s9712,fullmu_deeponet,9712,38,1800,137.40791859864612,0.0,145.01250983029604
fullmu_deeponet_s9712,fullmu_deeponet,9712,38,1900,142.2668218561571,0.0,147.9780294895172
fullmu_deeponet_s9712,fullmu_deeponet,9712,38,2000,143.56162737802387,0.0,148.88328349590302
fullmu_deeponet_s9712,fullmu_deeponet,9712,38,2100,145.7173200504497,0.0,150.02955284155905
fullmu_deeponet_s9712,fullmu_deeponet,9712,38,2200,142.34987614154,0.0,148.25912791490555
fullmu_deeponet_s9712,fullmu_deeponet,9712,38,2300,143.23458631974614,0.0,148.59041756391525
fullmu_deeponet_s9712,fullmu_deeponet,9712,38,2400,141.88735582076086,0.0,147.86135083436966
fullmu_deeponet_s9712,fullmu_deeponet,9712,38,2500,144.45515108225152,0.0,149.30841752886772
fullmu_deeponet_s9712,fullmu_deeponet,9712,38,2600,143.6391806088223,0.0,148.8728500008583
fullmu_deeponet_s9712,fullmu_deeponet,9712,38,2700,138.89025077858332,0.0,146.12204875797033
fullmu_deeponet_s9712,fullmu_deeponet,9712,38,2800,139.02207127990954,0.0,146.1718865185976
fullmu_deeponet_s9712,fullmu_deeponet,9712,38,2900,138.21124840145373,0.0,145.59115451574326
fullmu_deeponet_s9712,fullmu_deeponet,9712,38,3000,144.52453098653567,0.0,149.3548349738121
fullmu_deeponet_s9712,fullmu_deeponet,9712,38,3100,142.2942640408575,0.0,148.30659356713295
fullmu_deeponet_s9712,fullmu_deeponet,9712,38,3200,139.3361463820816,0.0,146.29817652702332
fullmu_deeponet_s9712,fullmu_deeponet,9712,38,3300,140.20758340538688,0.0,146.90980517864227
fullmu_deeponet_s9712,fullmu_deeponet,9712,38,3400,141.30235743619136,0.0,147.53619533777237
fullmu_deeponet_s9712,fullmu_deeponet,9712,38,3500,141.98493738795128,0.0,147.951939702034
fullmu_deeponet_s9712,fullmu_deeponet,9712,38,3600,143.2936730668844,0.0,148.61861062049866
fullmu_deeponet_s9712,fullmu_deeponet,9712,38,3700,138.9225407346522,0.0,146.05062033981085
fullmu_deeponet_s9712,fullmu_deeponet,9712,38,3800,139.85900945843807,0.0,146.54848343133926
fullmu_deeponet_s9712,fullmu_deeponet,9712,38,3900,143.0493119284092,0.0,148.53203612565994
fullmu_deeponet_s9712,fullmu_deeponet,9712,39,0,36.668576955484944,0.0006256247870624065,58.73932102822414
fullmu_deeponet_s9712,fullmu_deeponet,9712,39,100,137.6138700717176,0.0,143.90065747499466
fullmu_deeponet_s9712,fullmu_deeponet,9712,39,200,140.7259242981329,0.0,146.9915874004364
fullmu_deeponet_s9712,fullmu_deeponet,9712,39,300,141.91540279897018,0.0,147.85724794864655
fullmu_deeponet_s9712,fullmu_deeponet,9712,39,400,140.31353400302282,0.0,146.85206389427185
fullmu_deeponet_s9712,fullmu_deeponet,9712,39,500,141.00435390217686,0.0,147.28337505459785
fullmu_deeponet_s9712,fullmu_deeponet,9712,39,600,139.43146658154603,0.0,146.14048072695732
fullmu_deeponet_s9712,fullmu_deeponet,9712,39,700,139.2522374619432,0.0,146.27990040183067
fullmu_deeponet_s9712,fullmu_deeponet,9712,39,800,140.39150874648755,0.0,146.87199717760086
fullmu_deeponet_s9712,fullmu_deeponet,9712,39,900,141.92383556559278,0.0,147.79389834403992
fullmu_deeponet_s9712,fullmu_deeponet,9712,39,1000,141.74392985214573,0.0,147.73860973119736
fullmu_deeponet_s9712,fullmu_deeponet,9712,39,1100,141.13002681283712,0.0,147.38418850302696
fullmu_deeponet_s9712,fullmu_deeponet,9712,39,1200,142.54432073257667,0.0,148.07719786465168
fullmu_deeponet_s9712,fullmu_deeponet,9712,39,1300,141.54809991581368,0.0,147.5116057395935
fullmu_deeponet_s9712,fullmu_deeponet,9712,39,1400,142.12145999606446,0.0,147.94618040323257
fullmu_deeponet_s9712,fullmu_deeponet,9712,39,1500,140.28821116132573,0.0,146.75116395950317
fullmu_deeponet_s9712,fullmu_deeponet,9712,39,1600,143.83091060418386,0.0,148.8726447224617
fullmu_deeponet_s9712,fullmu_deeponet,9712,39,1700,139.17043208633353,0.0,146.07896192371845
fullmu_deeponet_s9712,fullmu_deeponet,9712,39,1800,141.4973098160794,0.0,147.46341490745544
fullmu_deeponet_s9712,fullmu_deeponet,9712,39,1900,142.96238865912724,0.0,148.43291184306145
fullmu_deeponet_s9712,fullmu_deeponet,9712,39,2000,141.7752452421658,0.0,147.76798790693283
fullmu_deeponet_s9712,fullmu_deeponet,9712,39,2100,140.49062708890702,0.0,146.9058381319046
fullmu_deeponet_s9712,fullmu_deeponet,9712,39,2200,143.35490396186958,0.0,148.59820419549942
fullmu_deeponet_s9712,fullmu_deeponet,9712,39,2300,138.96141024309478,0.0,146.29203337430954
fullmu_deeponet_s9712,fullmu_deeponet,9712,39,2400,139.50668939388257,0.0,146.24666553735733
fullmu_deeponet_s9712,fullmu_deeponet,9712,39,2500,139.2536730594551,0.0,146.19636568427086
fullmu_deeponet_s9712,fullmu_deeponet,9712,39,2600,140.75710697261283,0.0,147.0356742925942
fullmu_deeponet_s9712,fullmu_deeponet,9712,39,2700,139.1811378105003,0.0,146.4381521642208
fullmu_deeponet_s9712,fullmu_deeponet,9712,39,2800,141.07294071916286,0.0,147.2593652009964
fullmu_deeponet_s9712,fullmu_deeponet,9712,39,2900,137.56983813881035,0.0,145.2574629187584
fullmu_deeponet_s9712,fullmu_deeponet,9712,39,3000,142.70104458057713,0.0,148.22914449870586
fullmu_deeponet_s9712,fullmu_deeponet,9712,39,3100,141.74714907951198,0.0,147.8426479101181
fullmu_deeponet_s9712,fullmu_deeponet,9712,39,3200,139.00055746286168,0.0,146.01864397712052
fullmu_deeponet_s9712,fullmu_deeponet,9712,39,3300,143.01235365496797,0.0,148.43776878714561
fullmu_deeponet_s9712,fullmu_deeponet,9712,39,3400,141.59128533566908,0.0,147.78070783615112
fullmu_deeponet_s9712,fullmu_deeponet,9712,39,3500,143.58580291350157,0.0,148.79307693243027
fullmu_deeponet_s9712,fullmu_deeponet,9712,39,3600,142.12398043495762,0.0,147.9773861169815
fullmu_deeponet_s9712,fullmu_deeponet,9712,39,3700,142.52828719878553,0.0,148.19557283818722
fullmu_deeponet_s9712,fullmu_deeponet,9712,39,3800,141.63919794708494,0.0,147.77750605344772
fullmu_deeponet_s9712,fullmu_deeponet,9712,39,3900,137.7335934470727,0.0,145.38668328523636
fullmu_deeponet_s9712,fullmu_deeponet,9712,40,0,36.668576955484944,0.0006256247870624065,58.73932102822414
fullmu_deeponet_s9712,fullmu_deeponet,9712,40,100,140.44987738475817,0.0,145.77850425243378
fullmu_deeponet_s9712,fullmu_deeponet,9712,40,200,139.09346338028297,0.0,146.2642217874527
fullmu_deeponet_s9712,fullmu_deeponet,9712,40,300,140.45167810934254,0.0,146.98773723840714
fullmu_deeponet_s9712,fullmu_deeponet,9712,40,400,142.22205699538802,0.0,147.98953473567963
fullmu_deeponet_s9712,fullmu_deeponet,9712,40,500,141.02634894840605,0.0,147.40486416220665
fullmu_deeponet_s9712,fullmu_deeponet,9712,40,600,138.9205139489608,0.0,146.0979176312685
fullmu_deeponet_s9712,fullmu_deeponet,9712,40,700,141.6789703593002,0.0,147.55630391836166
fullmu_deeponet_s9712,fullmu_deeponet,9712,40,800,139.63799506285434,0.0,146.54676121473312
fullmu_deeponet_s9712,fullmu_deeponet,9712,40,900,140.43503026980952,0.0,146.93668049573898
fullmu_deeponet_s9712,fullmu_deeponet,9712,40,1000,143.21480625622863,0.0,148.46593016386032
fullmu_deeponet_s9712,fullmu_deeponet,9712,40,1100,143.46813038248138,0.0,148.75184053182602
fullmu_deeponet_s9712,fullmu_deeponet,9712,40,1200,137.1362168066358,0.0,144.94910162687302
fullmu_deeponet_s9712,fullmu_deeponet,9712,40,1300,143.1065741206929,0.0,148.4649683535099
fullmu_deeponet_s9712,fullmu_deeponet,9712,40,1400,141.61310083411803,0.0,147.54392105340958
fullmu_deeponet_s9712,fullmu_deeponet,9712,40,1500,140.61514301389025,0.0,146.93797838687897
fullmu_deeponet_s9712,fullmu_deeponet,9712,40,1600,140.96429296002634,0.0,147.08679869025946
fullmu_deeponet_s9712,fullmu_deeponet,9712,40,1700,139.91870051300475,0.0,146.6014582514763
fullmu_deeponet_s9712,fullmu_deeponet,9712,40,1800,141.65474557715544,0.0,147.5694020986557
fullmu_deeponet_s9712,fullmu_deeponet,9712,40,1900,140.74020949090277,0.0,147.2575682103634
fullmu_deeponet_s9712,fullmu_deeponet,9712,40,2000,140.86493636070787,0.0,147.12569181621075
fullmu_deeponet_s9712,fullmu_deeponet,9712,40,2100,140.37318179382686,0.0,146.8810452222824
fullmu_deeponet_s9712,fullmu_deeponet,9712,40,2200,142.38195633173217,0.0,148.17581206560135
fullmu_deeponet_s9712,fullmu_deeponet,9712,40,2300,139.5445113342614,0.0,146.34877878427505
fullmu_deeponet_s9712,fullmu_deeponet,9712,40,2400,137.53333693204985,0.0,145.1255832016468
fullmu_deeponet_s9712,fullmu_deeponet,9712,40,2500,143.75530980760865,0.0,148.88686096668243
fullmu_deeponet_s9712,fullmu_deeponet,9712,40,2600,140.8681485269778,0.0,147.08438112586737
fullmu_deeponet_s9712,fullmu_deeponet,9712,40,2700,139.42844285159146,0.0,146.3023817241192
fullmu_deeponet_s9712,fullmu_deeponet,9712,40,2800,144.32320282182425,0.0,149.17919857800007
fullmu_deeponet_s9712,fullmu_deeponet,9712,40,2900,140.27039975075107,0.0,146.8841987848282
fullmu_deeponet_s9712,fullmu_deeponet,9712,40,3000,138.23191493852264,0.0,145.69663858413696
fullmu_deeponet_s9712,fullmu_deeponet,9712,40,3100,140.40316593350698,0.0,146.8398079276085
fullmu_deeponet_s9712,fullmu_deeponet,9712,40,3200,140.74925890179384,0.0,147.23436242341995
fullmu_deeponet_s9712,fullmu_deeponet,9712,40,3300,141.7890691083208,0.0,147.68142622709274
fullmu_deeponet_s9712,fullmu_deeponet,9712,40,3400,140.1365027008692,0.0,146.94976025819778
fullmu_deeponet_s9712,fullmu_deeponet,9712,40,3500,142.7885179687575,0.0,148.37430256605148
fullmu_deeponet_s9712,fullmu_deeponet,9712,40,3600,144.23946875441376,0.0,149.11090531945229
fullmu_deeponet_s9712,fullmu_deeponet,9712,40,3700,138.44713870483525,0.0,145.83043652772903
fullmu_deeponet_s9712,fullmu_deeponet,9712,40,3800,139.266850264559,0.0,146.25656834244728
fullmu_deeponet_s9712,fullmu_deeponet,9712,40,3900,142.08017675175202,0.0,147.74614185094833
fullmu_deeponet_s9712,fullmu_deeponet,9712,41,0,36.668576955484944,0.0006256247870624065,58.73932102822414
fullmu_deeponet_s9712,fullmu_deeponet,9712,41,100,134.785004062506,0.0,142.22267526388168
fullmu_deeponet_s9712,fullmu_deeponet,9712,41,200,144.49871228948524,0.0,149.1970907896757
fullmu_deeponet_s9712,fullmu_deeponet,9712,41,300,143.00434119189023,0.0,148.45406743884087
fullmu_deeponet_s9712,fullmu_deeponet,9712,41,400,143.74258106421047,0.0,148.87343698740005
fullmu_deeponet_s9712,fullmu_deeponet,9712,41,500,143.1704689919126,0.0,148.65072387456894
fullmu_deeponet_s9712,fullmu_deeponet,9712,41,600,139.3061148103381,0.0,146.39870756864548
fullmu_deeponet_s9712,fullmu_deeponet,9712,41,700,138.54549249779035,0.0,145.67034447193146
fullmu_deeponet_s9712,fullmu_deeponet,9712,41,800,141.8459013630697,0.0,147.84165287017822
fullmu_deeponet_s9712,fullmu_deeponet,9712,41,900,139.91793050891542,0.0,146.68418788909912
fullmu_deeponet_s9712,fullmu_deeponet,9712,41,1000,143.12202012733258,0.0,148.58190739154816
fullmu_deeponet_s9712,fullmu_deeponet,9712,41,1100,140.3474359690784,0.0,146.92891281843185
fullmu_deeponet_s9712,fullmu_deeponet,9712,41,1200,139.27783439513098,0.0,146.20059770345688
fullmu_deeponet_s9712,fullmu_deeponet,9712,41,1300,142.5236500749056,0.0,148.12602661550045
fullmu_deeponet_s9712,fullmu_deeponet,9712,41,1400,139.79988734614156,0.0,146.73484635353088
fullmu_deeponet_s9712,fullmu_deeponet,9712,41,1500,139.51581036750784,0.0,146.50431567430496
fullmu_deeponet_s9712,fullmu_deeponet,9712,41,1600,142.8185819248594,0.0,148.24102564156055
fullmu_deeponet_s9712,fullmu_deeponet,9712,41,1700,141.50164970892388,0.0,147.6848573088646
fullmu_deeponet_s9712,fullmu_deeponet,9712,41,1800,142.57501165410932,0.0,148.32321816682816
fullmu_deeponet_s9712,fullmu_deeponet,9712,41,1900,141.47900169826156,0.0,147.46818986535072
fullmu_deeponet_s9712,fullmu_deeponet,9712,41,2000,142.05659657856947,0.0,148.02567003294826
fullmu_deeponet_s9712,fullmu_deeponet,9712,41,2100,140.7637775923251,0.0,146.9531112909317
fullmu_deeponet_s9712,fullmu_deeponet,9712,41,2200,137.9326419036891,0.0,145.4678505063057
fullmu_deeponet_s9712,fullmu_deeponet,9712,41,2300,141.40451826791846,0.0,147.76220083236694
fullmu_deeponet_s9712,fullmu_deeponet,9712,41,2400,142.0249402952028,0.0,147.90633648633957
fullmu_deeponet_s9712,fullmu_deeponet,9712,41,2500,140.82144012358523,0.0,147.32523876428604
fullmu_deeponet_s9712,fullmu_deeponet,9712,41,2600,143.70685394013594,0.0,148.73970353603363
fullmu_deeponet_s9712,fullmu_deeponet,9712,41,2700,144.94046683722055,0.0,149.6928493976593
fullmu_deeponet_s9712,fullmu_deeponet,9712,41,2800,143.24391744252466,0.0,148.81654447317123
fullmu_deeponet_s9712,fullmu_deeponet,9712,41,2900,143.67916498556687,0.0,149.03000182844698
fullmu_deeponet_s9712,fullmu_deeponet,9712,41,3000,141.23242235989738,0.0,147.59254109859467
fullmu_deeponet_s9712,fullmu_deeponet,9712,41,3100,140.91960385718554,0.0,147.19544731080532
fullmu_deeponet_s9712,fullmu_deeponet,9712,41,3200,142.500884879971,0.0,147.9844524860382
fullmu_deeponet_s9712,fullmu_deeponet,9712,41,3300,142.82583419717722,0.0,148.2845363020897
fullmu_deeponet_s9712,fullmu_deeponet,9712,41,3400,142.31221176076212,0.0,148.2102571427822
fullmu_deeponet_s9712,fullmu_deeponet,9712,41,3500,141.0342988526272,0.0,147.20768673717976
fullmu_deeponet_s9712,fullmu_deeponet,9712,41,3600,144.0782411851643,0.0,148.9667301774025
fullmu_deeponet_s9712,fullmu_deeponet,9712,41,3700,143.26231129149812,0.0,148.7172994017601
fullmu_deeponet_s9712,fullmu_deeponet,9712,41,3800,141.45776703172004,0.0,147.53263694047928
fullmu_deeponet_s9712,fullmu_deeponet,9712,41,3900,140.69050468362775,0.0,147.0163547527045
fullmu_deeponet_s9713,fullmu_deeponet,9713,30,0,36.668576955484944,0.0006256247870624065,58.73932102822414
fullmu_deeponet_s9713,fullmu_deeponet,9713,30,100,140.23960446761987,0.0,146.76125264167786
fullmu_deeponet_s9713,fullmu_deeponet,9713,30,200,142.71767780364576,0.0,149.5058319568634
fullmu_deeponet_s9713,fullmu_deeponet,9713,30,300,146.1737559127186,0.0,151.67910772562027
fullmu_deeponet_s9713,fullmu_deeponet,9713,30,400,145.0432095970655,0.0,151.00085519364802
fullmu_deeponet_s9713,fullmu_deeponet,9713,30,500,143.53461718788986,0.0,150.02317042835057
fullmu_deeponet_s9713,fullmu_deeponet,9713,30,600,147.02023882566098,0.0,152.20455221831799
fullmu_deeponet_s9713,fullmu_deeponet,9713,30,700,144.84161848378773,0.0,150.92846167087555
fullmu_deeponet_s9713,fullmu_deeponet,9713,30,800,143.85397507623395,0.0,150.2941841185093
fullmu_deeponet_s9713,fullmu_deeponet,9713,30,900,143.2765087907017,0.0,150.13418474793434
fullmu_deeponet_s9713,fullmu_deeponet,9713,30,1000,144.84207804943438,0.0,150.72964423894882
fullmu_deeponet_s9713,fullmu_deeponet,9713,30,1100,143.7016791502793,0.0,150.08160668611526
fullmu_deeponet_s9713,fullmu_deeponet,9713,30,1200,147.14528387237007,0.0,152.19152936339378
fullmu_deeponet_s9713,fullmu_deeponet,9713,30,1300,143.82720254022058,0.0,150.379446297884
fullmu_deeponet_s9713,fullmu_deeponet,9713,30,1400,145.1606776022537,0.0,150.9662195444107
fullmu_deeponet_s9713,fullmu_deeponet,9713,30,1500,147.88613817275345,0.0,152.64248675107956
fullmu_deeponet_s9713,fullmu_deeponet,9713,30,1600,146.40218466998712,0.0,151.87191319465637
fullmu_deeponet_s9713,fullmu_deeponet,9713,30,1700,139.52441491356527,0.0,147.69892060756683
fullmu_deeponet_s9713,fullmu_deeponet,9713,30,1800,144.79124697104638,0.0,150.7739771604538
fullmu_deeponet_s9713,fullmu_deeponet,9713,30,1900,147.58141541325054,0.0,152.5181409716606
fullmu_deeponet_s9713,fullmu_deeponet,9713,30,2000,143.3132870549386,0.0,150.05198792740703
fullmu_deeponet_s9713,fullmu_deeponet,9713,30,2100,142.1689863697601,0.0,149.20128047466278
fullmu_deeponet_s9713,fullmu_deeponet,9713,30,2200,143.7915421996703,0.0,150.16816364228725
fullmu_deeponet_s9713,fullmu_deeponet,9713,30,2300,142.97537887013695,0.0,149.83639961481094
fullmu_deeponet_s9713,fullmu_deeponet,9713,30,2400,143.80479950037346,0.0,150.3260628581047
fullmu_deeponet_s9713,fullmu_deeponet,9713,30,2500,146.98029757451062,0.0,151.99714028835297
fullmu_deeponet_s9713,fullmu_deeponet,9713,30,2600,143.82706833362033,0.0,150.4270583987236
fullmu_deeponet_s9713,fullmu_deeponet,9713,30,2700,144.39563865809225,0.0,150.6126360297203
fullmu_deeponet_s9713,fullmu_deeponet,9713,30,2800,143.12404628874754,0.0,149.85493063926697
fullmu_deeponet_s9713,fullmu_deeponet,9713,30,2900,146.56343304509076,0.0,151.82848179340363
fullmu_deeponet_s9713,fullmu_deeponet,9713,30,3000,141.4084765613039,0.0,148.9622219800949
fullmu_deeponet_s9713,fullmu_deeponet,9713,30,3100,143.8832013368085,0.0,150.36644858121872
fullmu_deeponet_s9713,fullmu_deeponet,9713,30,3200,143.89319378409883,0.0,150.31189754605293
fullmu_deeponet_s9713,fullmu_deeponet,9713,30,3300,144.40304925656386,0.0,150.72196221351624
fullmu_deeponet_s9713,fullmu_deeponet,9713,30,3400,144.74547012838096,0.0,150.87061285972595
fullmu_deeponet_s9713,fullmu_deeponet,9713,30,3500,142.97220479624443,0.0,149.9548819065094
fullmu_deeponet_s9713,fullmu_deeponet,9713,30,3600,141.8245147926057,0.0,149.19062992930412
fullmu_deeponet_s9713,fullmu_deeponet,9713,30,3700,144.22987376663247,0.0,150.372325360775
fullmu_deeponet_s9713,fullmu_deeponet,9713,30,3800,145.4108337805294,0.0,151.19950817525387
fullmu_deeponet_s9713,fullmu_deeponet,9713,30,3900,147.76660443749805,0.0,152.5251675248146
fullmu_deeponet_s9713,fullmu_deeponet,9713,31,0,36.668576955484944,0.0006256247870624065,58.73932102822414
fullmu_deeponet_s9713,fullmu_deeponet,9713,31,100,140.27018068109857,0.0,146.8412288427353
fullmu_deeponet_s9713,fullmu_deeponet,9713,31,200,142.32248847097304,0.0,149.29586386680603
fullmu_deeponet_s9713,fullmu_deeponet,9713,31,300,142.31589040497647,0.0,149.31503826379776
fullmu_deeponet_s9713,fullmu_deeponet,9713,31,400,146.66034378968877,0.0,151.77230805158615
fullmu_deeponet_s9713,fullmu_deeponet,9713,31,500,143.49811938108954,0.0,150.1889903843403
fullmu_deeponet_s9713,fullmu_deeponet,9713,31,600,142.52218383255342,0.0,149.43902385234833
fullmu_deeponet_s9713,fullmu_deeponet,9713,31,700,144.53953362576664,0.0,150.72398483753204
fullmu_deeponet_s9713,fullmu_deeponet,9713,31,800,142.77614695689164,0.0,149.5215883255005
fullmu_deeponet_s9713,fullmu_deeponet,9713,31,900,142.45318907129786,0.0,149.3417847752571
fullmu_deeponet_s9713,fullmu_deeponet,9713,31,1000,143.7247923551508,0.0,150.07818795740604
fullmu_deeponet_s9713,fullmu_deeponet,9713,31,1100,147.13283288112606,0.0,152.14874820411205
fullmu_deeponet_s9713,fullmu_deeponet,9713,31,1200,141.6257669709185,0.0,149.20164903998375
fullmu_deeponet_s9713,fullmu_deeponet,9713,31,1300,146.21541173322518,0.0,151.60319674015045
fullmu_deeponet_s9713,fullmu_deeponet,9713,31,1400,142.75293793166549,0.0,149.66350376605988
fullmu_deeponet_s9713,fullmu_deeponet,9713,31,1500,145.1027797926834,0.0,150.96683818101883
fullmu_deeponet_s9713,fullmu_deeponet,9713,31,1600,143.87702785011732,0.0,150.3638781607151
fullmu_deeponet_s9713,fullmu_deeponet,9713,31,1700,144.60911216213142,0.0,150.7569232583046
fullmu_deeponet_s9713,fullmu_deeponet,9713,31,1800,142.54219674205154,0.0,149.55080515146255
fullmu_deeponet_s9713,fullmu_deeponet,9713,31,1900,146.72770446783449,0.0,151.85483527183533
fullmu_deeponet_s9713,fullmu_deeponet,9713,31,2000,143.9827234959252,0.0,150.43575608730316
fullmu_deeponet_s9713,fullmu_deeponet,9713,31,2100,145.71428386148386,0.0,151.46220448613167
fullmu_deeponet_s9713,fullmu_deeponet,9713,31,2200,143.51200499252474,0.0,150.19515152275562
fullmu_deeponet_s9713,fullmu_deeponet,9713,31,2300,142.8577680948616,0.0,149.71132451295853
fullmu_deeponet_s9713,fullmu_deeponet,9713,31,2400,147.5716209251292,0.0,152.4841033220291
fullmu_deeponet_s9713,fullmu_deeponet,9713,31,2500,146.50424253784027,0.0,151.84464645385742
fullmu_deeponet_s9713,fullmu_deeponet,9713,31,2600,147.0967445855688,0.0,152.14416395127773
fullmu_deeponet_s9713,fullmu_deeponet,9713,31,2700,141.71065411346643,0.0,149.09133872389793
fullmu_deeponet_s9713,fullmu_deeponet,9713,31,2800,144.90037130655267,0.0,150.85438805818558
fullmu_deeponet_s9713,fullmu_deeponet,9713,31,2900,145.6062473081705,0.0,151.2017721682787
fullmu_deeponet_s9713,fullmu_deeponet,9713,31,3000,143.26422266943797,0.0,149.89450919628143
fullmu_deeponet_s9713,fullmu_deeponet,9713,31,3100,146.53835495659385,0.0,151.827556848526
fullmu_deeponet_s9713,fullmu_deeponet,9713,31,3200,146.8805559790828,0.0,152.09953935444355
fullmu_deeponet_s9713,fullmu_deeponet,9713,31,3300,146.1486398695964,0.0,151.70155823230743
fullmu_deeponet_s9713,fullmu_deeponet,9713,31,3400,143.11586492631733,0.0,149.89992183446884
fullmu_deeponet_s9713,fullmu_deeponet,9713,31,3500,142.5461245933535,0.0,149.5075397491455
fullmu_deeponet_s9713,fullmu_deeponet,9713,31,3600,142.76815564668695,0.0,149.59837746620178
fullmu_deeponet_s9713,fullmu_deeponet,9713,31,3700,144.05357407044787,0.0,150.40986880660057
fullmu_deeponet_s9713,fullmu_deeponet,9713,31,3800,145.59195546428344,0.0,151.20334666967392
fullmu_deeponet_s9713,fullmu_deeponet,9713,31,3900,140.29069604792554,0.0,148.1769372075796
fullmu_deeponet_s9713,fullmu_deeponet,9713,32,0,36.668576955484944,0.0006256247870624065,58.73932102822414
fullmu_deeponet_s9713,fullmu_deeponet,9713,32,100,139.4039406314721,0.0,146.15672470629215
fullmu_deeponet_s9713,fullmu_deeponet,9713,32,200,146.12502687639983,0.0,151.60731357336044
fullmu_deeponet_s9713,fullmu_deeponet,9713,32,300,143.098063457205,0.0,149.76765513420105
fullmu_deeponet_s9713,fullmu_deeponet,9713,32,400,145.97689532452415,0.0,151.6353313922882
fullmu_deeponet_s9713,fullmu_deeponet,9713,32,500,145.9862497147594,0.0,151.42476108670235
fullmu_deeponet_s9713,fullmu_deeponet,9713,32,600,145.6318888924492,0.0,151.18991777300835
fullmu_deeponet_s9713,fullmu_deeponet,9713,32,700,142.91112499068143,0.0,149.77905464172363
fullmu_deeponet_s9713,fullmu_deeponet,9713,32,800,145.66990291039676,0.0,151.26101499795914
fullmu_deeponet_s9713,fullmu_deeponet,9713,32,900,145.48432960615517,0.0,151.38325944542885
fullmu_deeponet_s9713,fullmu_deeponet,9713,32,1000,142.4080891211679,0.0,149.33270612359047
fullmu_deeponet_s9713,fullmu_deeponet,9713,32,1100,146.52147099661045,0.0,151.7536073923111
fullmu_deeponet_s9713,fullmu_deeponet,9713,32,1200,147.3635884466911,0.0,152.2951735854149
fullmu_deeponet_s9713,fullmu_deeponet,9713,32,1300,145.64397418836364,0.0,151.35752227902412
fullmu_deeponet_s9713,fullmu_deeponet,9713,32,1400,145.17257887214868,0.0,151.0986905246973
fullmu_deeponet_s9713,fullmu_deeponet,9713,32,1500,143.0838680259888,0.0,149.83011502027512
fullmu_deeponet_s9713,fullmu_deeponet,9713,32,1600,146.85077926313815,0.0,151.94868952035904
fullmu_deeponet_s9713,fullmu_deeponet,9713,32,1700,145.63212771024243,0.0,151.43623051047325
fullmu_deeponet_s9713,fullmu_deeponet,9713,32,1800,143.95498701741033,0.0,150.47514393925667
fullmu_deeponet_s9713,fullmu_deeponet,9713,32,1900,145.33407127747574,0.0,151.1574237048626
fullmu_deeponet_s9713,fullmu_deeponet,9713,32,2000,144.33580464146024,0.0,150.61509776115417
fullmu_deeponet_s9713,fullmu_deeponet,9713,32,2100,144.72749270794998,0.0,150.72718501091003
fullmu_deeponet_s9713,fullmu_deeponet,9713,32,2200,142.73284653072568,0.0,149.49607610702515
fullmu_deeponet_s9713,fullmu_deeponet,9713,32,2300,145.3555863426942,0.0,151.22756834328175
fullmu_deeponet_s9713,fullmu_deeponet,9713,32,2400,143.83256578719093,0.0,150.11172877252102
fullmu_deeponet_s9713,fullmu_deeponet,9713,32,2500,142.47078886489922,0.0,149.51864105463028
fullmu_deeponet_s9713,fullmu_deeponet,9713,32,2600,146.09231667679177,0.0,151.44114744663239
fullmu_deeponet_s9713,fullmu_deeponet,9713,32,2700,143.50298824402572,0.0,150.300007045269
fullmu_deeponet_s9713,fullmu_deeponet,9713,32,2800,141.00739270974827,0.0,148.61269211769104
fullmu_deeponet_s9713,fullmu_deeponet,9713,32,2900,144.51722880009876,0.0,150.6055999994278
fullmu_deeponet_s9713,fullmu_deeponet,9713,32,3000,145.18422390978205,0.0,150.9205801486969
fullmu_deeponet_s9713,fullmu_deeponet,9713,32,3100,142.0673888743194,0.0,149.3319557607174
fullmu_deeponet_s9713,fullmu_deeponet,9713,32,3200,143.6778369560996,0.0,150.11905170232058
fullmu_deeponet_s9713,fullmu_deeponet,9713,32,3300,143.2142709839695,0.0,149.93770915269852
fullmu_deeponet_s9713,fullmu_deeponet,9713,32,3400,144.54058861551445,0.0,150.68837314844131
fullmu_deeponet_s9713,fullmu_deeponet,9713,32,3500,142.66057876399793,0.0,149.75059515237808
fullmu_deeponet_s9713,fullmu_deeponet,9713,32,3600,144.6310812089294,0.0,150.65875208377838
fullmu_deeponet_s9713,fullmu_deeponet,9713,32,3700,141.21975613524637,0.0,148.6261424422264
fullmu_deeponet_s9713,fullmu_deeponet,9713,32,3800,144.00008215846535,0.0,150.18365405499935
fullmu_deeponet_s9713,fullmu_deeponet,9713,32,3900,146.76017590084803,0.0,152.00002497964306
fullmu_deeponet_s9713,fullmu_deeponet,9713,33,0,36.668576955484944,0.0006256247870624065,58.73932102822414
fullmu_deeponet_s9713,fullmu_deeponet,9713,33,100,139.0382867567283,0.0,146.00137440906838
fullmu_deeponet_s9713,fullmu_deeponet,9713,33,200,145.50552847788498,0.0,151.1617635935545
fullmu_deeponet_s9713,fullmu_deeponet,9713,33,300,147.90778734546973,0.0,152.60316133499146
fullmu_deeponet_s9713,fullmu_deeponet,9713,33,400,143.50201445202154,0.0,150.28046217560768
fullmu_deeponet_s9713,fullmu_deeponet,9713,33,500,143.49232978472605,0.0,150.2241757363081
fullmu_deeponet_s9713,fullmu_deeponet,9713,33,600,142.5768429235962,0.0,149.59545481204987
fullmu_deeponet_s9713,fullmu_deeponet,9713,33,700,146.6090887541619,0.0,151.82386249303818
fullmu_deeponet_s9713,fullmu_deeponet,9713,33,800,140.56604823560468,0.0,148.46163687109947
fullmu_deeponet_s9713,fullmu_deeponet,9713,33,900,146.70590467787844,0.0,151.87124460935593
fullmu_deeponet_s9713,fullmu_deeponet,9713,33,1000,143.56668344569277,0.0,150.08411421626806
fullmu_deeponet_s9713,fullmu_deeponet,9713,33,1100,141.12780764020007,0.0,148.67236298322678
fullmu_deeponet_s9713,fullmu_deeponet,9713,33,1200,143.28504996494445,0.0,149.6798678636551
fullmu_deeponet_s9713,fullmu_deeponet,9713,33,1300,145.94941797131708,0.0,151.2925187945366
fullmu_deeponet_s9713,fullmu_deeponet,9713,33,1400,144.497152275951,0.0,150.6880366206169
fullmu_deeponet_s9713,fullmu_deeponet,9713,33,1500,143.41272241411104,0.0,150.2126418799162
fullmu_deeponet_s9713,fullmu_deeponet,9713,33,1600,145.53516330649973,0.0,151.2786698937416
fullmu_deeponet_s9713,fullmu_deeponet,9713,33,1700,142.8637363926635,0.0,149.58485692739487
fullmu_deeponet_s9713,fullmu_deeponet,9713,33,1800,142.966630894359,0.0,149.71475172042847
fullmu_deeponet_s9713,fullmu_deeponet,9713,33,1900,144.65213351006233,0.0,150.78028070926666
fullmu_deeponet_s9713,fullmu_deeponet,9713,33,2000,143.39838628134012,0.0,150.2767834365368
fullmu_deeponet_s9713,fullmu_deeponet,9713,33,2100,142.19075725263025,0.0,149.2220640182495
fullmu_deeponet_s9713,fullmu_deeponet,9713,33,2200,142.67829902104472,0.0,149.64711713790894
fullmu_deeponet_s9713,fullmu_deeponet,9713,33,2300,144.81812772049298,0.0,150.7412675023079
fullmu_deeponet_s9713,fullmu_deeponet,9713,33,2400,144.81935383716902,0.0,150.7357730269432
fullmu_deeponet_s9713,fullmu_deeponet,9713,33,2500,142.62876259158256,0.0,149.67041140794754
fullmu_deeponet_s9713,fullmu_deeponet,9713,33,2600,142.7456333356804,0.0,149.5852056145668
fullmu_deeponet_s9713,fullmu_deeponet,9713,33,2700,143.60482816366095,0.0,149.99419993162155
fullmu_deeponet_s9713,fullmu_deeponet,9713,33,2800,145.51436807968662,0.0,151.15656478703022
fullmu_deeponet_s9713,fullmu_deeponet,9713,33,2900,146.6799691487614,0.0,151.95865160226822
fullmu_deeponet_s9713,fullmu_deeponet,9713,33,3000,144.32177440151463,0.0,150.7381952404976
fullmu_deeponet_s9713,fullmu_deeponet,9713,33,3100,141.93539201233526,0.0,149.22155618667603
fullmu_deeponet_s9713,fullmu_deeponet,9713,33,3200,141.0234710620998,0.0,148.75732225179672
fullmu_deeponet_s9713,fullmu_deeponet,9713,33,3300,144.2544392541972,0.0,150.61620217561722
fullmu_deeponet_s9713,fullmu_deeponet,9713,33,3400,146.41841417287688,0.0,151.72189939022064
fullmu_deeponet_s9713,fullmu_deeponet,9713,33,3500,145.08474672078037,0.0,150.99671757221222
fullmu_deeponet_s9713,fullmu_deeponet,9713,33,3600,144.97033166404023,0.0,150.9329330921173
fullmu_deeponet_s9713,fullmu_deeponet,9713,33,3700,145.51213746401712,0.0,151.3539559841156
fullmu_deeponet_s9713,fullmu_deeponet,9713,33,3800,143.65844399526208,0.0,150.17532427608967
fullmu_deeponet_s9713,fullmu_deeponet,9713,33,3900,145.11723380111664,0.0,150.98818480968475
fullmu_deeponet_s9713,fullmu_deeponet,9713,34,0,36.668576955484944,0.0006256247870624065,58.73932102822414
fullmu_deeponet_s9713,fullmu_deeponet,9713,34,100,141.5651895510684,0.0,147.61004412174225
fullmu_deeponet_s9713,fullmu_deeponet,9713,34,200,140.1331237601063,0.0,148.20550793409348
fullmu_deeponet_s9713,fullmu_deeponet,9713,34,300,142.47867853825522,0.0,149.46050164103508
fullmu_deeponet_s9713,fullmu_deeponet,9713,34,400,145.8261618781284,0.0,151.39608988165855
fullmu_deeponet_s9713,fullmu_deeponet,9713,34,500,141.55272794140805,0.0,149.05791659653187
fullmu_deeponet_s9713,fullmu_deeponet,9713,34,600,141.8611336146071,0.0,149.11426231265068
fullmu_deeponet_s9713,fullmu_deeponet,9713,34,700,145.22880087907808,0.0,151.0455645173788
fullmu_deeponet_s9713,fullmu_deeponet,9713,34,800,143.44140869773364,0.0,149.95162791013718
fullmu_deeponet_s9713,fullmu_deeponet,9713,34,900,142.3287339800059,0.0,149.37768423557281
fullmu_deeponet_s9713,fullmu_deeponet,9713,34,1000,143.93041241808103,0.0,150.29376235604286
fullmu_deeponet_s9713,fullmu_deeponet,9713,34,1100,144.97471449510954,0.0,150.92446595430374
fullmu_deeponet_s9713,fullmu_deeponet,9713,34,1200,143.52191425629513,0.0,150.065097771585
fullmu_deeponet_s9713,fullmu_deeponet,9713,34,1300,139.87348393560683,0.0,147.80021154880524
fullmu_deeponet_s9713,fullmu_deeponet,9713,34,1400,144.81443625854112,0.0,150.77009201049805
fullmu_deeponet_s9713,fullmu_deeponet,9713,34,1500,144.0438491765768,0.0,150.5319423675537
fullmu_deeponet_s9713,fullmu_deeponet,9713,34,1600,144.37047020221803,0.0,150.45501682162285
fullmu_deeponet_s9713,fullmu_deeponet,9713,34,1700,145.57084657490967,0.0,151.1859550923109
fullmu_deeponet_s9713,fullmu_deeponet,9713,34,1800,144.7424533097972,0.0,150.75449019670486
fullmu_deeponet_s9713,fullmu_deeponet,9713,34,1900,143.62768749117328,0.0,150.28293284773827
fullmu_deeponet_s9713,fullmu_deeponet,9713,34,2000,146.15518227146973,0.0,151.7285628914833
fullmu_deeponet_s9713,fullmu_deeponet,9713,34,2100,141.97179270253497,0.0,149.2565538585186
fullmu_deeponet_s9713,fullmu_deeponet,9713,34,2200,142.38847728986525,0.0,149.3278410434723
fullmu_deeponet_s9713,fullmu_deeponet,9713,34,2300,142.02524690751414,0.0,149.08046014606953
fullmu_deeponet_s9713,fullmu_deeponet,9713,34,2400,142.19497764768278,0.0,149.4047068953514
fullmu_deeponet_s9713,fullmu_deeponet,9713,34,2500,144.0494558788677,0.0,150.23654420673847
fullmu_deeponet_s9713,fullmu_deeponet,9713,34,2600,144.9193881911842,0.0,150.91717195510864
fullmu_deeponet_s9713,fullmu_deeponet,9713,34,2700,143.5170770157125,0.0,150.02479408681393
fullmu_deeponet_s9713,fullmu_deeponet,9713,34,2800,142.92503179569638,0.0,149.79825568199158
fullmu_deeponet_s9713,fullmu_deeponet,9713,34,2900,143.11456752449592,0.0,149.9819238781929
fullmu_deeponet_s9713,fullmu_deeponet,9713,34,3000,146.05452304375126,0.0,151.5778060555458
fullmu_deeponet_s9713,fullmu_deeponet,9713,34,3100,145.9121120867169,0.0,151.521635055542
fullmu_deeponet_s9713,fullmu_deeponet,9713,34,3200,146.63784017094392,0.0,151.97121047973633
fullmu_deeponet_s9713,fullmu_deeponet,9713,34,3300,146.3968728788876,0.0,151.83336067199707
fullmu_deeponet_s9713,fullmu_deeponet,9713,34,3400,142.18796063824817,0.0,149.4280180633068
fullmu_deeponet_s9713,fullmu_deeponet,9713,34,3500,142.738374566205,0.0,149.53678780794144
fullmu_deeponet_s9713,fullmu_deeponet,9713,34,3600,142.90868945003353,0.0,149.70629799365997
fullmu_deeponet_s9713,fullmu_deeponet,9713,34,3700,141.23803389065313,0.0,148.68761932849884
fullmu_deeponet_s9713,fullmu_deeponet,9713,34,3800,146.80950841157602,0.0,151.96464836597443
fullmu_deeponet_s9713,fullmu_deeponet,9713,34,3900,146.3303147683421,0.0,151.83511465787888
fullmu_deeponet_s9713,fullmu_deeponet,9713,35,0,36.668576955484944,0.0006256247870624065,58.73932102822414
fullmu_deeponet_s9713,fullmu_deeponet,9713,35,100,141.71077775536972,0.0,147.7993000149727
fullmu_deeponet_s9713,fullmu_deeponet,9713,35,200,141.33740957216548,0.0,148.86654913425446
fullmu_deeponet_s9713,fullmu_deeponet,9713,35,300,144.06642732849164,0.0,150.36534377932549
fullmu_deeponet_s9713,fullmu_deeponet,9713,35,400,142.0147195490588,0.0,149.18692976236343
fullmu_deeponet_s9713,fullmu_deeponet,9713,35,500,146.17046106903786,0.0,151.7527293562889
fullmu_deeponet_s9713,fullmu_deeponet,9713,35,600,142.74759670395724,0.0,149.59104949235916
fullmu_deeponet_s9713,fullmu_deeponet,9713,35,700,143.48414095157045,0.0,149.97023689746857
fullmu_deeponet_s9713,fullmu_deeponet,9713,35,800,143.59979526071885,0.0,150.1622910350561
fullmu_deeponet_s9713,fullmu_deeponet,9713,35,900,141.72691643907947,0.0,148.96182602643967
fullmu_deeponet_s9713,fullmu_deeponet,9713,35,1000,145.76603012705039,0.0,151.39642694592476
fullmu_deeponet_s9713,fullmu_deeponet,9713,35,1100,145.52005156711638,0.0,151.41043907403946
fullmu_deeponet_s9713,fullmu_deeponet,9713,35,1200,143.79023534811535,0.0,150.2775249183178
fullmu_deeponet_s9713,fullmu_deeponet,9713,35,1300,144.13946373527236,0.0,150.47363689541817
fullmu_deeponet_s9713,fullmu_deeponet,9713,35,1400,145.1504385023661,0.0,151.05345164984465
fullmu_deeponet_s9713,fullmu_deeponet,9713,35,1500,143.81299011747348,0.0,150.30041033029556
fullmu_deeponet_s9713,fullmu_deeponet,9713,35,1600,142.69719769208518,0.0,149.57180279493332
fullmu_deeponet_s9713,fullmu_deeponet,9713,35,1700,144.32748970809516,0.0,150.54952305555344
fullmu_deeponet_s9713,fullmu_deeponet,9713,35,1800,144.11787546722556,0.0,150.49056035280228
fullmu_deeponet_s9713,fullmu_deeponet,9713,35,1900,142.379705803125,0.0,149.47713792324066
fullmu_deeponet_s9713,fullmu_deeponet,9713,35,2000,143.71236720637557,0.0,150.23418655991554
fullmu_deeponet_s9713,fullmu_deeponet,9713,35,2100,145.03553147849638,0.0,150.8690180182457
fullmu_deeponet_s9713,fullmu_deeponet,9713,35,2200,144.58518566766682,0.0,150.71509712934494
fullmu_deeponet_s9713,fullmu_deeponet,9713,35,2300,141.32958352207166,0.0,148.8038513660431
fullmu_deeponet_s9713,fullmu_deeponet,9713,35,2400,145.293880981576,0.0,150.98141604661942
fullmu_deeponet_s9713,fullmu_deeponet,9713,35,2500,143.19838642730153,0.0,149.93241572380066
fullmu_deeponet_s9713,fullmu_deeponet,9713,35,2600,143.7960289509781,0.0,150.28438118100166
fullmu_deeponet_s9713,fullmu_deeponet,9713,35,2700,146.488275759857,0.0,151.81064414978027
fullmu_deeponet_s9713,fullmu_deeponet,9713,35,2800,141.7667049332415,0.0,149.17871870100498
fullmu_deeponet_s9713,fullmu_deeponet,9713,35,2900,143.39506875099917,0.0,149.95615643262863
fullmu_deeponet_s9713,fullmu_deeponet,9713,35,3000,141.22937402938396,0.0,148.7531305551529
fullmu_deeponet_s9713,fullmu_deeponet,9713,35,3100,145.10841803182012,0.0,151.12045601010323
fullmu_deeponet_s9713,fullmu_deeponet,9713,35,3200,143.66196971543695,0.0,150.26472783088684
fullmu_deeponet_s9713,fullmu_deeponet,9713,35,3300,145.46987521448128,0.0,151.35530552268028
fullmu_deeponet_s9713,fullmu_deeponet,9713,35,3400,145.54229731381471,0.0,151.45877599716187
fullmu_deeponet_s9713,fullmu_deeponet,9713,35,3500,143.0516698460581,0.0,149.8531261086464
fullmu_deeponet_s9713,fullmu_deeponet,9713,35,3600,141.97814987158495,0.0,149.2188097834587
fullmu_deeponet_s9713,fullmu_deeponet,9713,35,3700,145.58999442462678,0.0,151.16539131104946
fullmu_deeponet_s9713,fullmu_deeponet,9713,35,3800,141.27179056080473,0.0,148.76891070604324
fullmu_deeponet_s9713,fullmu_deeponet,9713,35,3900,144.73877023442157,0.0,150.93575650453568
fullmu_deeponet_s9713,fullmu_deeponet,9713,36,0,36.668576955484944,0.0006256247870624065,58.73932102822414
fullmu_deeponet_s9713,fullmu_deeponet,9713,36,100,142.36065907627923,0.0,148.18853764235973
fullmu_deeponet_s9713,fullmu_deeponet,9713,36,200,145.32167833276733,0.0,150.95092421770096
fullmu_deeponet_s9713,fullmu_deeponet,9713,36,300,142.05615973320448,0.0,149.35199654102325
fullmu_deeponet_s9713,fullmu_deeponet,9713,36,400,144.61864545502664,0.0,150.72772783041
fullmu_deeponet_s9713,fullmu_deeponet,9713,36,500,145.10935521759063,0.0,150.99940073490143
fullmu_deeponet_s9713,fullmu_deeponet,9713,36,600,141.07708614182857,0.0,148.59906363487244
fullmu_deeponet_s9713,fullmu_deeponet,9713,36,700,142.9814164097562,0.0,149.78971952199936
fullmu_deeponet_s9713,fullmu_deeponet,9713,36,800,142.74617859022615,0.0,149.58328813314438
fullmu_deeponet_s9713,fullmu_deeponet,9713,36,900,142.85279299194735,0.0,149.89663589000702
fullmu_deeponet_s9713,fullmu_deeponet,9713,36,1000,141.3335549403747,0.0,148.80984222888947
fullmu_deeponet_s9713,fullmu_deeponet,9713,36,1100,141.19079313768336,0.0,148.70613557100296
fullmu_deeponet_s9713,fullmu_deeponet,9713,36,1200,144.45495592035604,0.0,150.7222664952278
fullmu_deeponet_s9713,fullmu_deeponet,9713,36,1300,145.20827613173495,0.0,151.11244750767946
fullmu_deeponet_s9713,fullmu_deeponet,9713,36,1400,145.36732360712085,0.0,151.03863370791078
fullmu_deeponet_s9713,fullmu_deeponet,9713,36,1500,143.99067416911691,0.0,150.31741371750832
fullmu_deeponet_s9713,fullmu_deeponet,9713,36,1600,144.35670215091082,0.0,150.51023870706558
fullmu_deeponet_s9713,fullmu_deeponet,9713,36,1700,147.49729433748647,0.0,152.40895029902458
fullmu_deeponet_s9713,fullmu_deeponet,9713,36,1800,143.2099618131689,0.0,149.7927063703537
fullmu_deeponet_s9713,fullmu_deeponet,9713,36,1900,145.742376528908,0.0,151.43437811732292
fullmu_deeponet_s9713,fullmu_deeponet,9713,36,2000,144.9428638888529,0.0,150.92010748386383
fullmu_deeponet_s9713,fullmu_deeponet,9713,36,2100,142.24322535253586,0.0,149.29619285464287
fullmu_deeponet_s9713,fullmu_deeponet,9713,36,2200,146.98023467770204,0.0,152.1184425652027
fullmu_deeponet_s9713,fullmu_deeponet,9713,36,2300,142.87900825469663,0.0,149.728853225708
fullmu_deeponet_s9713,fullmu_deeponet,9713,36,2400,141.8049005872898,0.0,149.15583896636963
fullmu_deeponet_s9713,fullmu_deeponet,9713,36,2500,144.1597524729593,0.0,150.44237598776817
fullmu_deeponet_s9713,fullmu_deeponet,9713,36,2600,144.70769925528825,0.0,150.81974011659622
fullmu_deeponet_s9713,fullmu_deeponet,9713,36,2700,140.44720049538265,0.0,148.4749689400196
fullmu_deeponet_s9713,fullmu_deeponet,9713,36,2800,143.80365406700622,0.0,150.2121269851923
fullmu_deeponet_s9713,fullmu_deeponet,9713,36,2900,144.36181945760333,0.0,150.7242369055748
fullmu_deeponet_s9713,fullmu_deeponet,9713,36,3000,145.19847328615,0.0,151.0470242574811
fullmu_deeponet_s9713,fullmu_deeponet,9713,36,3100,143.9424702646789,0.0,150.3175044953823
fullmu_deeponet_s9713,fullmu_deeponet,9713,36,3200,141.07595451165247,0.0,148.59534388780594
fullmu_deeponet_s9713,fullmu_deeponet,9713,36,3300,140.14615205689114,0.0,148.07116029411554
fullmu_deeponet_s9713,fullmu_deeponet,9713,36,3400,144.34650258214546,0.0,150.63370990753174
fullmu_deeponet_s9713,fullmu_deeponet,9713,36,3500,145.912940867606,0.0,151.52541136741638
fullmu_deeponet_s9713,fullmu_deeponet,9713,36,3600,141.06687153583167,0.0,148.73444837331772
fullmu_deeponet_s9713,fullmu_deeponet,9713,36,3700,145.78380736164308,0.0,151.33329391479492
fullmu_deeponet_s9713,fullmu_deeponet,9713,36,3800,143.21072950278253,0.0,149.86289703845978
fullmu_deeponet_s9713,fullmu_deeponet,9713,36,3900,147.29504078583315,0.0,152.33598446846008
fullmu_deeponet_s9713,fullmu_deeponet,9713,37,0,36.668576955484944,0.0006256247870624065,58.73932102822414
fullmu_deeponet_s9713,fullmu_deeponet,9713,37,100,138.7482606138592,0.0,145.83090019226074
fullmu_deeponet_s9713,fullmu_deeponet,9713,37,200,145.22510169659026,0.0,150.99484753608704
fullmu_deeponet_s9713,fullmu_deeponet,9713,37,300,141.43837275845624,0.0,148.8173884153366
fullmu_deeponet_s9713,fullmu_deeponet,9713,37,400,142.47371388459902,0.0,149.49088329076767
fullmu_deeponet_s9713,fullmu_deeponet,9713,37,500,140.34586152002979,0.0,148.14359639585018
fullmu_deeponet_s9713,fullmu_deeponet,9713,37,600,141.9170497646187,0.0,149.14773716032505
fullmu_deeponet_s9713,fullmu_deeponet,9713,37,700,143.72107734152326,0.0,150.35270529985428
fullmu_deeponet_s9713,fullmu_deeponet,9713,37,800,142.04417330853605,0.0,149.1500249952078
fullmu_deeponet_s9713,fullmu_deeponet,9713,37,900,147.93002861557895,0.0,152.6399009823799
fullmu_deeponet_s9713,fullmu_deeponet,9713,37,1000,146.13774344618253,0.0,151.78938299417496
fullmu_deeponet_s9713,fullmu_deeponet,9713,37,1100,142.67466392364554,0.0,149.71637046337128
fullmu_deeponet_s9713,fullmu_deeponet,9713,37,1200,143.21235049781717,0.0,149.91704338788986
fullmu_deeponet_s9713,fullmu_deeponet,9713,37,1300,145.46113628782993,0.0,151.27697119116783
fullmu_deeponet_s9713,fullmu_deeponet,9713,37,1400,144.37511446446305,0.0,150.63932728767395
fullmu_deeponet_s9713,fullmu_deeponet,9713,37,1500,146.48740817305423,0.0,151.7145735025406
fullmu_deeponet_s9713,fullmu_deeponet,9713,37,1600,146.3554936375352,0.0,151.7227487564087
fullmu_deeponet_s9713,fullmu_deeponet,9713,37,1700,146.12515810139166,0.0,151.57033908367157
fullmu_deeponet_s9713,fullmu_deeponet,9713,37,1800,145.94186044886757,0.0,151.48341536521912
fullmu_deeponet_s9713,fullmu_deeponet,9713,37,1900,141.83554327359636,0.0,149.21220657229424
fullmu_deeponet_s9713,fullmu_deeponet,9713,37,2000,141.2434536858524,0.0,148.75941824913025
fullmu_deeponet_s9713,fullmu_deeponet,9713,37,2100,144.5556038949638,0.0,150.6836979985237
fullmu_deeponet_s9713,fullmu_deeponet,9713,37,2200,142.45162105732746,0.0,149.48709374666214
fullmu_deeponet_s9713,fullmu_deeponet,9713,37,2300,140.22746592915433,0.0,148.08887414634228
fullmu_deeponet_s9713,fullmu_deeponet,9713,37,2400,145.4560132044483,0.0,151.20866066217422
fullmu_deeponet_s9713,fullmu_deeponet,9713,37,2500,144.7278676931695,0.0,150.76861703395844
fullmu_deeponet_s9713,fullmu_deeponet,9713,37,2600,143.87193397729632,0.0,150.25868570804596
fullmu_deeponet_s9713,fullmu_deeponet,9713,37,2700,143.13722099857864,0.0,149.8591240644455
fullmu_deeponet_s9713,fullmu_deeponet,9713,37,2800,143.6479878218877,0.0,150.2665050625801
fullmu_deeponet_s9713,fullmu_deeponet,9713,37,2900,142.94105956820533,0.0,149.90530341863632
fullmu_deeponet_s9713,fullmu_deeponet,9713,37,3000,147.39479396182472,0.0,152.3866093158722
fullmu_deeponet_s9713,fullmu_deeponet,9713,37,3100,145.0781665116648,0.0,150.94772017002106
fullmu_deeponet_s9713,fullmu_deeponet,9713,37,3200,144.90295153088184,0.0,150.85211622714996
fullmu_deeponet_s9713,fullmu_deeponet,9713,37,3300,142.99387969827404,0.0,149.8498778939247
fullmu_deeponet_s9713,fullmu_deeponet,9713,37,3400,143.6211097780344,0.0,150.00953044835478
fullmu_deeponet_s9713,fullmu_deeponet,9713,37,3500,147.4141414877258,0.0,152.36133283376694
fullmu_deeponet_s9713,fullmu_deeponet,9713,37,3600,143.13550692637853,0.0,149.8683277964592
fullmu_deeponet_s9713,fullmu_deeponet,9713,37,3700,143.05075779811165,0.0,149.81264573335648
fullmu_deeponet_s9713,fullmu_deeponet,9713,37,3800,145.10040348053167,0.0,150.92486786842346
fullmu_deeponet_s9713,fullmu_deeponet,9713,37,3900,143.68314368787324,0.0,150.149529799819
fullmu_deeponet_s9713,fullmu_deeponet,9713,38,0,36.668576955484944,0.0006256247870624065,58.73932102822414
fullmu_deeponet_s9713,fullmu_deeponet,9713,38,100,136.89388829956343,0.0,144.5354140996933
fullmu_deeponet_s9713,fullmu_deeponet,9713,38,200,147.2864879250754,0.0,152.13156893849373
fullmu_deeponet_s9713,fullmu_deeponet,9713,38,300,142.60959650793438,0.0,149.46961411833763
fullmu_deeponet_s9713,fullmu_deeponet,9713,38,400,144.26128634299306,0.0,150.5932970046997
fullmu_deeponet_s9713,fullmu_deeponet,9713,38,500,140.97923905112452,0.0,148.64861315488815
fullmu_deeponet_s9713,fullmu_deeponet,9713,38,600,141.0338743798515,0.0,148.67983889579773
fullmu_deeponet_s9713,fullmu_deeponet,9713,38,700,143.73133601281836,0.0,150.217311501503
fullmu_deeponet_s9713,fullmu_deeponet,9713,38,800,145.15023096596346,0.0,151.1991402208805
fullmu_deeponet_s9713,fullmu_deeponet,9713,38,900,142.5840254512821,0.0,149.59807854890823
fullmu_deeponet_s9713,fullmu_deeponet,9713,38,1000,141.52009128675775,0.0,148.91282707452774
fullmu_deeponet_s9713,fullmu_deeponet,9713,38,1100,141.5556084535816,0.0,149.063718624413
fullmu_deeponet_s9713,fullmu_deeponet,9713,38,1200,143.56823256009642,0.0,150.15590876340866
fullmu_deeponet_s9713,fullmu_deeponet,9713,38,1300,142.81919916334448,0.0,149.7345541715622
fullmu_deeponet_s9713,fullmu_deeponet,9713,38,1400,144.50839584806712,0.0,150.97303104400635
fullmu_deeponet_s9713,fullmu_deeponet,9713,38,1500,144.21246391681936,0.0,150.45550939440727
fullmu_deeponet_s9713,fullmu_deeponet,9713,38,1600,141.02646457310354,0.0,148.60060346126556
fullmu_deeponet_s9713,fullmu_deeponet,9713,38,1700,141.18196004343685,0.0,148.6795843243599
fullmu_deeponet_s9713,fullmu_deeponet,9713,38,1800,140.49652105242706,0.0,148.22547329962254
fullmu_deeponet_s9713,fullmu_deeponet,9713,38,1900,145.27297037816697,0.0,151.067865639925
fullmu_deeponet_s9713,fullmu_deeponet,9713,38,2000,146.54733485241286,0.0,151.92680937051773
fullmu_deeponet_s9713,fullmu_deeponet,9713,38,2100,148.75200952389255,0.0,153.12553882598877
fullmu_deeponet_s9713,fullmu_deeponet,9713,38,2200,145.33766638240374,0.0,151.32383713126183
fullmu_deeponet_s9713,fullmu_deeponet,9713,38,2300,146.21936684075246,0.0,151.64001435041428
fullmu_deeponet_s9713,fullmu_deeponet,9713,38,2400,144.88673182599968,0.0,150.9356256723404
fullmu_deeponet_s9713,fullmu_deeponet,9713,38,2500,147.44387176812992,0.0,152.36004695296288
fullmu_deeponet_s9713,fullmu_deeponet,9713,38,2600,146.62541777261458,0.0,151.91685795783997
fullmu_deeponet_s9713,fullmu_deeponet,9713,38,2700,141.89544119565164,0.0,149.23612739145756
fullmu_deeponet_s9713,fullmu_deeponet,9713,38,2800,142.03880887774622,0.0,149.29551848769188
fullmu_deeponet_s9713,fullmu_deeponet,9713,38,2900,141.28448121851017,0.0,148.77241450548172
fullmu_deeponet_s9713,fullmu_deeponet,9713,38,3000,147.51303948881431,0.0,152.40327781438828
fullmu_deeponet_s9713,fullmu_deeponet,9713,38,3100,145.30130401207396,0.0,151.38094741106033
fullmu_deeponet_s9713,fullmu_deeponet,9713,38,3200,142.3614847368587,0.0,149.42458155751228
fullmu_deeponet_s9713,fullmu_deeponet,9713,38,3300,143.202557941847,0.0,149.9818589091301
fullmu_deeponet_s9713,fullmu_deeponet,9713,38,3400,144.29909144379712,0.0,150.60960626602173
fullmu_deeponet_s9713,fullmu_deeponet,9713,38,3500,144.9647101292298,0.0,150.99967694282532
fullmu_deeponet_s9713,fullmu_deeponet,9713,38,3600,146.2878353494643,0.0,151.6781261563301
fullmu_deeponet_s9713,fullmu_deeponet,9713,38,3700,141.9516347603075,0.0,149.19820246100426
fullmu_deeponet_s9713,fullmu_deeponet,9713,38,3800,142.8921993692756,0.0,149.67085045576096
fullmu_deeponet_s9713,fullmu_deeponet,9713,38,3900,146.03882758641507,0.0,151.5925259590149
fullmu_deeponet_s9713,fullmu_deeponet,9713,39,0,36.668576955484944,0.0006256247870624065,58.73932102822414
fullmu_deeponet_s9713,fullmu_deeponet,9713,39,100,140.34170210157407,0.0,146.7835977077484
fullmu_deeponet_s9713,fullmu_deeponet,9713,39,200,143.75661290373245,0.0,150.1267621666193
fullmu_deeponet_s9713,fullmu_deeponet,9713,39,300,144.91184929272754,0.0,150.926295876503
fullmu_deeponet_s9713,fullmu_deeponet,9713,39,400,143.35116135193368,0.0,149.9776731133461
fullmu_deeponet_s9713,fullmu_deeponet,9713,39,500,144.01309337890163,0.0,150.37820953130722
fullmu_deeponet_s9713,fullmu_deeponet,9713,39,600,142.49292620818306,0.0,149.31514996290207
fullmu_deeponet_s9713,fullmu_deeponet,9713,39,700,142.2838403713247,0.0,149.41520342230797
fullmu_deeponet_s9713,fullmu_deeponet,9713,39,800,143.43731627872535,0.0,150.00666309613734
fullmu_deeponet_s9713,fullmu_deeponet,9713,39,900,144.93938937412665,0.0,150.88134670257568
fullmu_deeponet_s9713,fullmu_deeponet,9713,39,1000,144.74440479542997,0.0,150.81357872486115
fullmu_deeponet_s9713,fullmu_deeponet,9713,39,1100,144.13090979329894,0.0,150.4649648964405
fullmu_deeponet_s9713,fullmu_deeponet,9713,39,1200,145.56325369412454,0.0,151.18399725854397
fullmu_deeponet_s9713,fullmu_deeponet,9713,39,1300,144.5853981516488,0.0,150.6304457783699
fullmu_deeponet_s9713,fullmu_deeponet,9713,39,1400,145.11820873716863,0.0,151.01698052696884
fullmu_deeponet_s9713,fullmu_deeponet,9713,39,1500,143.32804752631625,0.0,149.8768869638443
fullmu_deeponet_s9713,fullmu_deeponet,9713,39,1600,146.83346568365252,0.0,151.93744695186615
fullmu_deeponet_s9713,fullmu_deeponet,9713,39,1700,142.21346691165718,0.0,149.23765420913696
fullmu_deeponet_s9713,fullmu_deeponet,9713,39,1800,144.54431619674367,0.0,150.5959724187851
fullmu_deeponet_s9713,fullmu_deeponet,9713,39,1900,145.95523588258564,0.0,151.49744772911072
fullmu_deeponet_s9713,fullmu_deeponet,9713,39,2000,144.77099367452863,0.0,150.8361184000969
fullmu_deeponet_s9713,fullmu_deeponet,9713,39,2100,143.52609898060837,0.0,150.02936492674053
fullmu_deeponet_s9713,fullmu_deeponet,9713,39,2200,146.35235685361897,0.0,151.66110515594482
fullmu_deeponet_s9713,fullmu_deeponet,9713,39,2300,141.9597585871113,0.0,149.38842225074768
fullmu_deeponet_s9713,fullmu_deeponet,9713,39,2400,142.56559866881534,0.0,149.4119988679886
fullmu_deeponet_s9713,fullmu_deeponet,9713,39,2500,142.29409579584606,0.0,149.34464451670647
fullmu_deeponet_s9713,fullmu_deeponet,9713,39,2600,143.7907139972581,0.0,150.17194582521915
fullmu_deeponet_s9713,fullmu_deeponet,9713,39,2700,142.19217744688908,0.0,149.54733389616013
fullmu_deeponet_s9713,fullmu_deeponet,9713,39,2800,144.1052314115334,0.0,150.38462522625923
fullmu_deeponet_s9713,fullmu_deeponet,9713,39,2900,140.62196362396944,0.0,148.42354607582092
fullmu_deeponet_s9713,fullmu_deeponet,9713,39,3000,145.71145874449212,0.0,151.31838196516037
fullmu_deeponet_s9713,fullmu_deeponet,9713,39,3100,144.727354087852,0.0,150.8894802927971
fullmu_deeponet_s9713,fullmu_deeponet,9713,39,3200,142.06453455335046,0.0,149.2109963297844
fullmu_deeponet_s9713,fullmu_deeponet,9713,39,3300,146.02036128556063,0.0,151.51749485731125
fullmu_deeponet_s9713,fullmu_deeponet,9713,39,3400,144.57531299680787,0.0,150.83542430400848
fullmu_deeponet_s9713,fullmu_deeponet,9713,39,3500,146.57530155791892,0.0,151.84148573875427
fullmu_deeponet_s9713,fullmu_deeponet,9713,39,3600,145.12192009833203,0.0,151.0634385496378
fullmu_deeponet_s9713,fullmu_deeponet,9713,39,3700,145.53221225614143,0.0,151.28499281406403
fullmu_deeponet_s9713,fullmu_deeponet,9713,39,3800,144.62576592879847,0.0,150.8357619047165
fullmu_deeponet_s9713,fullmu_deeponet,9713,39,3900,140.7715745955902,0.0,148.53428030014038
fullmu_deeponet_s9713,fullmu_deeponet,9713,40,0,36.668576955484944,0.0006256247870624065,58.73932102822414
fullmu_deeponet_s9713,fullmu_deeponet,9713,40,100,143.1925934616323,0.0,148.65621536970139
fullmu_deeponet_s9713,fullmu_deeponet,9713,40,200,142.09075207086272,0.0,149.35923671722412
fullmu_deeponet_s9713,fullmu_deeponet,9713,40,300,143.4542824164844,0.0,150.08571706712246
fullmu_deeponet_s9713,fullmu_deeponet,9713,40,400,145.23076269720744,0.0,151.0925513803959
fullmu_deeponet_s9713,fullmu_deeponet,9713,40,500,144.0203712196235,0.0,150.47866904735565
fullmu_deeponet_s9713,fullmu_deeponet,9713,40,600,141.94090639087023,0.0,149.23215222358704
fullmu_deeponet_s9713,fullmu_deeponet,9713,40,700,144.73004897618114,0.0,150.6861847639084
fullmu_deeponet_s9713,fullmu_deeponet,9713,40,800,142.64952745871958,0.0,149.64651370048523
fullmu_deeponet_s9713,fullmu_deeponet,9713,40,900,143.4523489445868,0.0,150.04570036381483
fullmu_deeponet_s9713,fullmu_deeponet,9713,40,1000,146.24223896680311,0.0,151.56672424077988
fullmu_deeponet_s9713,fullmu_deeponet,9713,40,1100,146.45769319429635,0.0,151.80133521556854
fullmu_deeponet_s9713,fullmu_deeponet,9713,40,1200,140.20433250664635,0.0,148.13539239764214
fullmu_deeponet_s9713,fullmu_deeponet,9713,40,1300,146.10768705417897,0.0,151.53185963630676
fullmu_deeponet_s9713,fullmu_deeponet,9713,40,1400,144.63978022972572,0.0,150.6529004573822
fullmu_deeponet_s9713,fullmu_deeponet,9713,40,1500,143.67227908351694,0.0,150.0976451560855
fullmu_deeponet_s9713,fullmu_deeponet,9713,40,1600,144.04034411808357,0.0,150.27778559923172
fullmu_deeponet_s9713,fullmu_deeponet,9713,40,1700,142.95084867361948,0.0,149.72343409061432
fullmu_deeponet_s9713,fullmu_deeponet,9713,40,1800,144.67959086468764,0.0,150.66840261220932
fullmu_deeponet_s9713,fullmu_deeponet,9713,40,1900,143.72499002136524,0.0,150.3250368833542
fullmu_deeponet_s9713,fullmu_deeponet,9713,40,2000,143.88508275292787,0.0,150.23977234959602
fullmu_deeponet_s9713,fullmu_deeponet,9713,40,2100,143.40016789117146,0.0,149.99160712957382
fullmu_deeponet_s9713,fullmu_deeponet,9713,40,2200,145.36865639363955,0.0,151.23968444764614
fullmu_deeponet_s9713,fullmu_deeponet,9713,40,2300,142.58390840525817,0.0,149.4886092543602
fullmu_deeponet_s9713,fullmu_deeponet,9713,40,2400,140.6078032134517,0.0,148.32009956240654
fullmu_deeponet_s9713,fullmu_deeponet,9713,40,2500,146.74562828160805,0.0,151.93615573644638
fullmu_deeponet_s9713,fullmu_deeponet,9713,40,2600,143.9103686517167,0.0,150.234564229846
fullmu_deeponet_s9713,fullmu_deeponet,9713,40,2700,142.47008671355258,0.0,149.4467605650425
fullmu_deeponet_s9713,fullmu_deeponet,9713,40,2800,147.31700403323572,0.0,152.237927287817
fullmu_deeponet_s9713,fullmu_deeponet,9713,40,2900,143.28223153295596,0.0,149.97967213392258
fullmu_deeponet_s9713,fullmu_deeponet,9713,40,3000,141.2553909466736,0.0,148.8206605911255
fullmu_deeponet_s9713,fullmu_deeponet,9713,40,3100,143.43998041800694,0.0,149.95924544334412
fullmu_deeponet_s9713,fullmu_deeponet,9713,40,3200,143.74223621835247,0.0,150.314479470253
fullmu_deeponet_s9713,fullmu_deeponet,9713,40,3300,144.8235785890658,0.0,150.7944740653038
fullmu_deeponet_s9713,fullmu_deeponet,9713,40,3400,143.1249673249029,0.0,150.02136628329754
fullmu_deeponet_s9713,fullmu_deeponet,9713,40,3500,145.77517708214313,0.0,151.43150547146797
fullmu_deeponet_s9713,fullmu_deeponet,9713,40,3600,147.2374862423461,0.0,152.18010030686855
fullmu_deeponet_s9713,fullmu_deeponet,9713,40,3700,141.46418962236936,0.0,148.94622784852982
fullmu_deeponet_s9713,fullmu_deeponet,9713,40,3800,142.29270708227864,0.0,149.3842131793499
fullmu_deeponet_s9713,fullmu_deeponet,9713,40,3900,145.11404036289323,0.0,150.85216057300568
fullmu_deeponet_s9713,fullmu_deeponet,9713,41,0,36.668576955484944,0.0006256247870624065,58.73932102822414
fullmu_deeponet_s9713,fullmu_deeponet,9713,41,100,137.53883061829754,0.0,145.12946912646294
fullmu_deeponet_s9713,fullmu_deeponet,9713,41,200,147.5052883286748,0.0,152.26837307214737
fullmu_deeponet_s9713,fullmu_deeponet,9713,41,300,146.00263463938884,0.0,151.52518784999847
fullmu_deeponet_s9713,fullmu_deeponet,9713,41,400,146.73261388221945,0.0,151.92292374372482
fullmu_deeponet_s9713,fullmu_deeponet,9713,41,500,146.15130007995538,0.0,151.6959513425827
fullmu_deeponet_s9713,fullmu_deeponet,9713,41,600,142.32974577740166,0.0,149.52214986085892
fullmu_deeponet_s9713,fullmu_deeponet,9713,41,700,141.63054638783416,0.0,148.86081528663635
fullmu_deeponet_s9713,fullmu_deeponet,9713,41,800,144.83045630685473,0.0,150.89402037858963
fullmu_deeponet_s9713,fullmu_deeponet,9713,41,900,142.93178748351596,0.0,149.78137707710266
fullmu_deeponet_s9713,fullmu_deeponet,9713,41,1000,146.11423890708943,0.0,151.63482004404068
fullmu_deeponet_s9713,fullmu_deeponet,9713,41,1100,143.3490313002661,0.0,150.00873059406877
fullmu_deeponet_s9713,fullmu_deeponet,9713,41,1200,142.3191993954098,0.0,149.34927105903625
fullmu_deeponet_s9713,fullmu_deeponet,9713,41,1300,145.5316495623224,0.0,151.21905368566513
fullmu_deeponet_s9713,fullmu_deeponet,9713,41,1400,142.79154180769774,0.0,149.80667060613632
fullmu_deeponet_s9713,fullmu_deeponet,9713,41,1500,142.54391627278875,0.0,149.63084042072296
fullmu_deeponet_s9713,fullmu_deeponet,9713,41,1600,145.84768700401116,0.0,151.35344496369362
fullmu_deeponet_s9713,fullmu_deeponet,9713,41,1700,144.4888259982349,0.0,150.74586629867554
fullmu_deeponet_s9713,fullmu_deeponet,9713,41,1800,145.56248377402335,0.0,151.37707048654556
fullmu_deeponet_s9713,fullmu_deeponet,9713,41,1900,144.5194309320269,0.0,150.59221589565277
fullmu_deeponet_s9713,fullmu_deeponet,9713,41,2000,145.04051943451816,0.0,151.0892977192998
fullmu_deeponet_s9713,fullmu_deeponet,9713,41,2100,143.83432549470177,0.0,150.1354257762432
fullmu_deeponet_s9713,fullmu_deeponet,9713,41,2200,140.98377982899913,0.0,148.62818735837936
fullmu_deeponet_s9713,fullmu_deeponet,9713,41,2300,144.39501191341625,0.0,150.81848806142807
fullmu_deeponet_s9713,fullmu_deeponet,9713,41,2400,145.02348436513083,0.0,150.9774048924446
fullmu_deeponet_s9713,fullmu_deeponet,9713,41,2500,143.81331601505434,0.0,150.4015658199787
fullmu_deeponet_s9713,fullmu_deeponet,9713,41,2600,146.72086056054758,0.0,151.81542897224426
fullmu_deeponet_s9713,fullmu_deeponet,9713,41,2700,147.99796732791148,0.0,152.79181671142578
fullmu_deeponet_s9713,fullmu_deeponet,9713,41,2800,146.27217780300538,0.0,151.89878743886948
fullmu_deeponet_s9713,fullmu_deeponet,9713,41,2900,146.69594039045055,0.0,152.1192657724023
fullmu_deeponet_s9713,fullmu_deeponet,9713,41,3000,144.2223572919678,0.0,150.65620493888855
fullmu_deeponet_s9713,fullmu_deeponet,9713,41,3100,143.93902427587824,0.0,150.30758288502693
fullmu_deeponet_s9713,fullmu_deeponet,9713,41,3200,145.5493354518131,0.0,151.132046982646
fullmu_deeponet_s9713,fullmu_deeponet,9713,41,3300,145.8247327663786,0.0,151.35696983337402
fullmu_deeponet_s9713,fullmu_deeponet,9713,41,3400,145.29637547845815,0.0,151.26715570688248
fullmu_deeponet_s9713,fullmu_deeponet,9713,41,3500,144.08294679983982,0.0,150.35975036025047
fullmu_deeponet_s9713,fullmu_deeponet,9713,41,3600,147.08959811154182,0.0,152.04912420734763
fullmu_deeponet_s9713,fullmu_deeponet,9713,41,3700,146.24374629071815,0.0,151.7633332014084
fullmu_deeponet_s9713,fullmu_deeponet,9713,41,3800,144.47488983720896,0.0,150.63359558582306
fullmu_deeponet_s9713,fullmu_deeponet,9713,41,3900,143.7151309907152,0.0,150.14590211212635
fullmu_mlp_s9711,fullmu_mlp,9711,30,0,36.668576955484944,0.0006256247870624065,58.73932102822414
fullmu_mlp_s9711,fullmu_mlp,9711,30,100,150.8723717458739,0.0,158.30590429902077
fullmu_mlp_s9711,fullmu_mlp,9711,30,200,157.79858133829774,0.0,165.3853629231453
fullmu_mlp_s9711,fullmu_mlp,9711,30,300,162.7222904383989,0.0,168.89080381393433
fullmu_mlp_s9711,fullmu_mlp,9711,30,400,161.60735538921185,0.0,168.29160875082016
fullmu_mlp_s9711,fullmu_mlp,9711,30,500,159.57045360142754,0.0,166.8296319246292
fullmu_mlp_s9711,fullmu_mlp,9711,30,600,164.23821866080561,0.0,169.9986488223076
fullmu_mlp_s9711,fullmu_mlp,9711,30,700,161.46479598944362,0.0,168.29327312111855
fullmu_mlp_s9711,fullmu_mlp,9711,30,800,160.24256215506796,0.0,167.4023175239563
fullmu_mlp_s9711,fullmu_mlp,9711,30,900,160.05412956623712,0.0,167.64063650369644
fullmu_mlp_s9711,fullmu_mlp,9711,30,1000,160.6340783965329,0.0,167.2906736433506
fullmu_mlp_s9711,fullmu_mlp,9711,30,1100,159.4753293754868,0.0,166.64184522628784
fullmu_mlp_s9711,fullmu_mlp,9711,30,1200,164.0428619695615,0.0,169.72488021850586
fullmu_mlp_s9711,fullmu_mlp,9711,30,1300,160.63943358982903,0.0,167.8734496831894
fullmu_mlp_s9711,fullmu_mlp,9711,30,1400,161.34620315948115,0.0,167.8759279847145
fullmu_mlp_s9711,fullmu_mlp,9711,30,1500,165.18733575143546,0.0,170.53066915273666
fullmu_mlp_s9711,fullmu_mlp,9711,30,1600,163.7094315319132,0.0,169.79843205213547
fullmu_mlp_s9711,fullmu_mlp,9711,30,1700,155.05512162739132,0.0,164.10379265248775
fullmu_mlp_s9711,fullmu_mlp,9711,30,1800,160.98492246616564,0.0,167.66374039649963
fullmu_mlp_s9711,fullmu_mlp,9711,30,1900,164.90633444142492,0.0,170.43401476740837
fullmu_mlp_s9711,fullmu_mlp,9711,30,2000,160.00106465298006,0.0,167.49637311697006
fullmu_mlp_s9711,fullmu_mlp,9711,30,2100,157.93180647046282,0.0,165.76990056037903
fullmu_mlp_s9711,fullmu_mlp,9711,30,2200,159.72143021389888,0.0,166.8404791355133
fullmu_mlp_s9711,fullmu_mlp,9711,30,2300,159.13962443888715,0.0,166.77796870470047
fullmu_mlp_s9711,fullmu_mlp,9711,30,2400,160.25591682782778,0.0,167.4898033440113
fullmu_mlp_s9711,fullmu_mlp,9711,30,2500,163.5421589125415,0.0,169.25620993971825
fullmu_mlp_s9711,fullmu_mlp,9711,30,2600,160.74744675856718,0.0,168.01065270695835
fullmu_mlp_s9711,fullmu_mlp,9711,30,2700,160.78416291624626,0.0,167.71274065971375
fullmu_mlp_s9711,fullmu_mlp,9711,30,2800,159.48731563491438,0.0,166.96106547117233
fullmu_mlp_s9711,fullmu_mlp,9711,30,2900,163.32568432660946,0.0,169.23368513584137
fullmu_mlp_s9711,fullmu_mlp,9711,30,3000,157.598121590598,0.0,165.96480214595795
fullmu_mlp_s9711,fullmu_mlp,9711,30,3100,160.17795505228068,0.0,167.41439166665077
fullmu_mlp_s9711,fullmu_mlp,9711,30,3200,160.1409693802159,0.0,167.28323659300804
fullmu_mlp_s9711,fullmu_mlp,9711,30,3300,161.1975242477635,0.0,168.197559684515
fullmu_mlp_s9711,fullmu_mlp,9711,30,3400,161.4326883117609,0.0,168.25663137435913
fullmu_mlp_s9711,fullmu_mlp,9711,30,3500,159.7382990837538,0.0,167.4802564382553
fullmu_mlp_s9711,fullmu_mlp,9711,30,3600,158.20479752443418,0.0,166.36055260896683
fullmu_mlp_s9711,fullmu_mlp,9711,30,3700,160.1186107824721,0.0,166.979638338089
fullmu_mlp_s9711,fullmu_mlp,9711,30,3800,161.9714910927719,0.0,168.44883650541306
fullmu_mlp_s9711,fullmu_mlp,9711,30,3900,164.73042900897315,0.0,170.1009624004364
fullmu_mlp_s9711,fullmu_mlp,9711,31,0,36.668576955484944,0.0006256247870624065,58.73932102822414
fullmu_mlp_s9711,fullmu_mlp,9711,31,100,151.12213584129475,0.0,158.59672558307648
fullmu_mlp_s9711,fullmu_mlp,9711,31,200,157.79184796742268,0.0,165.54004514217377
fullmu_mlp_s9711,fullmu_mlp,9711,31,300,158.1412771145016,0.0,165.9167612195015
fullmu_mlp_s9711,fullmu_mlp,9711,31,400,162.73053750561357,0.0,168.55422496795654
fullmu_mlp_s9711,fullmu_mlp,9711,31,500,160.1585023508357,0.0,167.57431238889694
fullmu_mlp_s9711,fullmu_mlp,9711,31,600,158.31412946798562,0.0,166.0035695687402
fullmu_mlp_s9711,fullmu_mlp,9711,31,700,161.05484520862166,0.0,167.91795432567596
fullmu_mlp_s9711,fullmu_mlp,9711,31,800,158.59623950305686,0.0,166.09118708968163
fullmu_mlp_s9711,fullmu_mlp,9711,31,900,158.00902585389804,0.0,165.69616162776947
fullmu_mlp_s9711,fullmu_mlp,9711,31,1000,159.4393135503396,0.0,166.58080571889877
fullmu_mlp_s9711,fullmu_mlp,9711,31,1100,163.74810282686636,0.0,169.43373769521713
fullmu_mlp_s9711,fullmu_mlp,9711,31,1200,158.20953824150072,0.0,166.5715230703354
fullmu_mlp_s9711,fullmu_mlp,9711,31,1300,162.7061285228224,0.0,168.76112842559814
fullmu_mlp_s9711,fullmu_mlp,9711,31,1400,158.96128820716982,0.0,166.64331531524658
fullmu_mlp_s9711,fullmu_mlp,9711,31,1500,161.32537787985655,0.0,167.91892969608307
fullmu_mlp_s9711,fullmu_mlp,9711,31,1600,160.19129431411204,0.0,167.40953972935677
fullmu_mlp_s9711,fullmu_mlp,9711,31,1700,161.27668305807828,0.0,168.1074487119913
fullmu_mlp_s9711,fullmu_mlp,9711,31,1800,158.65035454894462,0.0,166.43471133708954
fullmu_mlp_s9711,fullmu_mlp,9711,31,1900,163.11352707287435,0.0,168.9134767651558
fullmu_mlp_s9711,fullmu_mlp,9711,31,2000,160.6090364977196,0.0,167.76005405187607
fullmu_mlp_s9711,fullmu_mlp,9711,31,2100,162.55951273937865,0.0,168.95586091279984
fullmu_mlp_s9711,fullmu_mlp,9711,31,2200,160.27399953972463,0.0,167.6740983724594
fullmu_mlp_s9711,fullmu_mlp,9711,31,2300,159.1355938947559,0.0,166.74899113178253
fullmu_mlp_s9711,fullmu_mlp,9711,31,2400,164.71766422379733,0.0,170.219941675663
fullmu_mlp_s9711,fullmu_mlp,9711,31,2500,163.40911669864525,0.0,169.41682270169258
fullmu_mlp_s9711,fullmu_mlp,9711,31,2600,163.9722063826515,0.0,169.67503196001053
fullmu_mlp_s9711,fullmu_mlp,9711,31,2700,157.93767324613688,0.0,166.1226538270712
fullmu_mlp_s9711,fullmu_mlp,9711,31,2800,161.22431535804398,0.0,167.85877120494843
fullmu_mlp_s9711,fullmu_mlp,9711,31,2900,161.98578756324306,0.0,168.26689311861992
fullmu_mlp_s9711,fullmu_mlp,9711,31,3000,159.36381993352632,0.0,166.7649685740471
fullmu_mlp_s9711,fullmu_mlp,9711,31,3100,163.06513231973963,0.0,169.02629312686622
fullmu_mlp_s9711,fullmu_mlp,9711,31,3200,164.0754099512049,0.0,169.90684747695923
fullmu_mlp_s9711,fullmu_mlp,9711,31,3300,163.2238267350877,0.0,169.42219614982605
fullmu_mlp_s9711,fullmu_mlp,9711,31,3400,159.40077953150924,0.0,166.95451933145523
fullmu_mlp_s9711,fullmu_mlp,9711,31,3500,158.50885770007775,0.0,166.2466493099928
fullmu_mlp_s9711,fullmu_mlp,9711,31,3600,158.78613747521837,0.0,166.3785980641842
fullmu_mlp_s9711,fullmu_mlp,9711,31,3700,160.39048031347107,0.0,167.46809074282646
fullmu_mlp_s9711,fullmu_mlp,9711,31,3800,162.01555179210916,0.0,168.31718039512634
fullmu_mlp_s9711,fullmu_mlp,9711,31,3900,155.94056391894077,0.0,164.68334078788757
fullmu_mlp_s9711,fullmu_mlp,9711,32,0,36.668576955484944,0.0006256247870624065,58.73932102822414
fullmu_mlp_s9711,fullmu_mlp,9711,32,100,149.93445744942008,0.0,157.62458783388138
fullmu_mlp_s9711,fullmu_mlp,9711,32,200,162.35006709992365,0.0,168.47397410869598
fullmu_mlp_s9711,fullmu_mlp,9711,32,300,158.90336836458866,0.0,166.38083815574646
fullmu_mlp_s9711,fullmu_mlp,9711,32,400,163.0269393687785,0.0,169.30694660544395
fullmu_mlp_s9711,fullmu_mlp,9711,32,500,162.05339401318844,0.0,168.2111608684063
fullmu_mlp_s9711,fullmu_mlp,9711,32,600,161.83167592242714,0.0,168.0736350119114
fullmu_mlp_s9711,fullmu_mlp,9711,32,700,158.9354788719741,0.0,166.60636752843857
fullmu_mlp_s9711,fullmu_mlp,9711,32,800,161.98230592002287,0.0,168.2519744336605
fullmu_mlp_s9711,fullmu_mlp,9711,32,900,162.60501832554928,0.0,169.11170467734337
fullmu_mlp_s9711,fullmu_mlp,9711,32,1000,158.32798825796343,0.0,166.02094979770482
fullmu_mlp_s9711,fullmu_mlp,9711,32,1100,162.90523835054037,0.0,168.80714517831802
fullmu_mlp_s9711,fullmu_mlp,9711,32,1200,164.26662156103095,0.0,169.81306666135788
fullmu_mlp_s9711,fullmu_mlp,9711,32,1300,162.13255996696927,0.0,168.5497369170189
fullmu_mlp_s9711,fullmu_mlp,9711,32,1400,161.79126255078268,0.0,168.43571996688843
fullmu_mlp_s9711,fullmu_mlp,9711,32,1500,159.22520860055482,0.0,166.74688106775284
fullmu_mlp_s9711,fullmu_mlp,9711,32,1600,163.47309866257393,0.0,169.2491884380579
fullmu_mlp_s9711,fullmu_mlp,9711,32,1700,162.65880891714582,0.0,169.09112302958965
fullmu_mlp_s9711,fullmu_mlp,9711,32,1800,160.53363312614104,0.0,167.7771511077881
fullmu_mlp_s9711,fullmu_mlp,9711,32,1900,161.90106249760353,0.0,168.41860777139664
fullmu_mlp_s9711,fullmu_mlp,9711,32,2000,160.76855588002067,0.0,167.76555466651917
fullmu_mlp_s9711,fullmu_mlp,9711,32,2100,160.97809193999353,0.0,167.67564857006073
fullmu_mlp_s9711,fullmu_mlp,9711,32,2200,158.2132792314172,0.0,165.78644514083862
fullmu_mlp_s9711,fullmu_mlp,9711,32,2300,161.9515972297183,0.0,168.51983243227005
fullmu_mlp_s9711,fullmu_mlp,9711,32,2400,159.41289830768207,0.0,166.49308291077614
fullmu_mlp_s9711,fullmu_mlp,9711,32,2500,158.5776271952642,0.0,166.3838452398777
fullmu_mlp_s9711,fullmu_mlp,9711,32,2600,162.18380831554185,0.0,168.21407172083855
fullmu_mlp_s9711,fullmu_mlp,9711,32,2700,160.4284893691524,0.0,167.89708465337753
fullmu_mlp_s9711,fullmu_mlp,9711,32,2800,156.81977896507934,0.0,165.24943335354328
fullmu_mlp_s9711,fullmu_mlp,9711,32,2900,160.7242052082634,0.0,167.50458025932312
fullmu_mlp_s9711,fullmu_mlp,9711,32,3000,161.20433766241865,0.0,167.6708503961563
fullmu_mlp_s9711,fullmu_mlp,9711,32,3100,158.3687955635321,0.0,166.41608542203903
fullmu_mlp_s9711,fullmu_mlp,9711,32,3200,159.7794534920895,0.0,166.9416100382805
fullmu_mlp_s9711,fullmu_mlp,9711,32,3300,159.37153596873674,0.0,166.8588788509369
fullmu_mlp_s9711,fullmu_mlp,9711,32,3400,161.08796889566287,0.0,167.91665363311768
fullmu_mlp_s9711,fullmu_mlp,9711,32,3500,159.36921060475663,0.0,167.20978958904743
fullmu_mlp_s9711,fullmu_mlp,9711,32,3600,160.7440175590747,0.0,167.49526417255402
fullmu_mlp_s9711,fullmu_mlp,9711,32,3700,156.44293273972855,0.0,164.71769726276398
fullmu_mlp_s9711,fullmu_mlp,9711,32,3800,159.82983860034838,0.0,166.74200755357742
fullmu_mlp_s9711,fullmu_mlp,9711,32,3900,163.6938170284686,0.0,169.5984897017479
fullmu_mlp_s9711,fullmu_mlp,9711,33,0,36.668576955484944,0.0006256247870624065,58.73932102822414
fullmu_mlp_s9711,fullmu_mlp,9711,33,100,149.44083432980284,0.0,157.37512293457985
fullmu_mlp_s9711,fullmu_mlp,9711,33,200,161.4906308814116,0.0,167.7996762394905
fullmu_mlp_s9711,fullmu_mlp,9711,33,300,165.056343758437,0.0,170.34744909405708
fullmu_mlp_s9711,fullmu_mlp,9711,33,400,160.46021127705112,0.0,167.93250972032547
fullmu_mlp_s9711,fullmu_mlp,9711,33,500,160.14446347767546,0.0,167.6118490099907
fullmu_mlp_s9711,fullmu_mlp,9711,33,600,158.93882531687086,0.0,166.69921672344208
fullmu_mlp_s9711,fullmu_mlp,9711,33,700,163.02135802591852,0.0,168.90811270475388
fullmu_mlp_s9711,fullmu_mlp,9711,33,800,156.61136027332827,0.0,165.3462536931038
fullmu_mlp_s9711,fullmu_mlp,9711,33,900,163.49939277741763,0.0,169.30430668592453
fullmu_mlp_s9711,fullmu_mlp,9711,33,1000,159.70125489462106,0.0,166.9800008535385
fullmu_mlp_s9711,fullmu_mlp,9711,33,1100,156.97499317279065,0.0,165.34433194994926
fullmu_mlp_s9711,fullmu_mlp,9711,33,1200,158.79757116807875,0.0,165.9359530210495
fullmu_mlp_s9711,fullmu_mlp,9711,33,1300,161.80000844670064,0.0,167.8359159231186
fullmu_mlp_s9711,fullmu_mlp,9711,33,1400,161.04929646297958,0.0,167.91769182682037
fullmu_mlp_s9711,fullmu_mlp,9711,33,1500,160.20913063822618,0.0,167.7047289609909
fullmu_mlp_s9711,fullmu_mlp,9711,33,1600,162.1126579932159,0.0,168.5477706193924
fullmu_mlp_s9711,fullmu_mlp,9711,33,1700,158.81246782516192,0.0,166.3014745414257
fullmu_mlp_s9711,fullmu_mlp,9711,33,1800,158.668685332062,0.0,166.20265345275402
fullmu_mlp_s9711,fullmu_mlp,9711,33,1900,160.9971245497482,0.0,167.8291356563568
fullmu_mlp_s9711,fullmu_mlp,9711,33,2000,160.38186421274415,0.0,167.9518083333969
fullmu_mlp_s9711,fullmu_mlp,9711,33,2100,158.0884977024997,0.0,165.89229822158813
fullmu_mlp_s9711,fullmu_mlp,9711,33,2200,158.82792847063712,0.0,166.55266124010086
fullmu_mlp_s9711,fullmu_mlp,9711,33,2300,160.8875159342616,0.0,167.53848481178284
fullmu_mlp_s9711,fullmu_mlp,9711,33,2400,160.73181156218226,0.0,167.3933347761631
fullmu_mlp_s9711,fullmu_mlp,9711,33,2500,159.10817196788307,0.0,166.87798368930817
fullmu_mlp_s9711,fullmu_mlp,9711,33,2600,158.50163296669646,0.0,166.13228115439415
fullmu_mlp_s9711,fullmu_mlp,9711,33,2700,159.58070429603407,0.0,166.72185242176056
fullmu_mlp_s9711,fullmu_mlp,9711,33,2800,161.76726105382704,0.0,168.09562596678734
fullmu_mlp_s9711,fullmu_mlp,9711,33,2900,163.68977636177493,0.0,169.62415546178818
fullmu_mlp_s9711,fullmu_mlp,9711,33,3000,161.02040362125987,0.0,168.1742774695158
fullmu_mlp_s9711,fullmu_mlp,9711,33,3100,158.15510854315605,0.0,166.21542876958847
fullmu_mlp_s9711,fullmu_mlp,9711,33,3200,157.20409221285075,0.0,165.75115376710892
fullmu_mlp_s9711,fullmu_mlp,9711,33,3300,160.8523603292712,0.0,167.8670687675476
fullmu_mlp_s9711,fullmu_mlp,9711,33,3400,163.14139604329108,0.0,169.06947203725576
fullmu_mlp_s9711,fullmu_mlp,9711,33,3500,161.54607318613853,0.0,168.1875312924385
fullmu_mlp_s9711,fullmu_mlp,9711,33,3600,161.2554216111651,0.0,167.95369213819504
fullmu_mlp_s9711,fullmu_mlp,9711,33,3700,162.14536975104653,0.0,168.66467851400375
fullmu_mlp_s9711,fullmu_mlp,9711,33,3800,160.01267888541088,0.0,167.25061401724815
fullmu_mlp_s9711,fullmu_mlp,9711,33,3900,161.26646624529457,0.0,167.87614506483078
fullmu_mlp_s9711,fullmu_mlp,9711,34,0,36.668576955484944,0.0006256247870624065,58.73932102822414
fullmu_mlp_s9711,fullmu_mlp,9711,34,100,152.42066586023503,0.0,159.3450382053852
fullmu_mlp_s9711,fullmu_mlp,9711,34,200,155.43196228289864,0.0,164.35410711169243
fullmu_mlp_s9711,fullmu_mlp,9711,34,300,158.46089523123524,0.0,166.18904408812523
fullmu_mlp_s9711,fullmu_mlp,9711,34,400,162.3762203045429,0.0,168.59914004802704
fullmu_mlp_s9711,fullmu_mlp,9711,34,500,157.96930217873688,0.0,166.27958008646965
fullmu_mlp_s9711,fullmu_mlp,9711,34,600,157.61578375215967,0.0,165.7037718296051
fullmu_mlp_s9711,fullmu_mlp,9711,34,700,161.39256476658514,0.0,167.9371661543846
fullmu_mlp_s9711,fullmu_mlp,9711,34,800,159.18214160433138,0.0,166.49876001477242
fullmu_mlp_s9711,fullmu_mlp,9711,34,900,158.29884343611818,0.0,166.1081556379795
fullmu_mlp_s9711,fullmu_mlp,9711,34,1000,159.8901392608108,0.0,166.9918013215065
fullmu_mlp_s9711,fullmu_mlp,9711,34,1100,161.39112202914404,0.0,168.05379447713494
fullmu_mlp_s9711,fullmu_mlp,9711,34,1200,159.80489756043497,0.0,167.10251583904028
fullmu_mlp_s9711,fullmu_mlp,9711,34,1300,155.0909580757286,0.0,163.87491393089294
fullmu_mlp_s9711,fullmu_mlp,9711,34,1400,160.84138718207825,0.0,167.51916825771332
fullmu_mlp_s9711,fullmu_mlp,9711,34,1500,160.87460163674947,0.0,167.99353164434433
fullmu_mlp_s9711,fullmu_mlp,9711,34,1600,160.4797264452275,0.0,167.27833303809166
fullmu_mlp_s9711,fullmu_mlp,9711,34,1700,161.6158789202506,0.0,167.9426000714302
fullmu_mlp_s9711,fullmu_mlp,9711,34,1800,161.24456459691146,0.0,167.9216651916504
fullmu_mlp_s9711,fullmu_mlp,9711,34,1900,160.03033397568993,0.0,167.43366912007332
fullmu_mlp_s9711,fullmu_mlp,9711,34,2000,163.1950943009848,0.0,169.40985876321793
fullmu_mlp_s9711,fullmu_mlp,9711,34,2100,158.16870506936138,0.0,166.26649883389473
fullmu_mlp_s9711,fullmu_mlp,9711,34,2200,158.19729946747307,0.0,165.90665340423584
fullmu_mlp_s9711,fullmu_mlp,9711,34,2300,157.4419891468359,0.0,165.33544835448265
fullmu_mlp_s9711,fullmu_mlp,9711,34,2400,158.51973315514147,0.0,166.47703412175179
fullmu_mlp_s9711,fullmu_mlp,9711,34,2500,159.57560176393557,0.0,166.54069709777832
fullmu_mlp_s9711,fullmu_mlp,9711,34,2600,161.67388084988332,0.0,168.3513438999653
fullmu_mlp_s9711,fullmu_mlp,9711,34,2700,159.6792680640921,0.0,166.92510187625885
fullmu_mlp_s9711,fullmu_mlp,9711,34,2800,159.1602604545314,0.0,166.7898737192154
fullmu_mlp_s9711,fullmu_mlp,9711,34,2900,159.76081738081248,0.0,167.3840610384941
fullmu_mlp_s9711,fullmu_mlp,9711,34,3000,162.79318929091033,0.0,168.94889104366302
fullmu_mlp_s9711,fullmu_mlp,9711,34,3100,162.63037750068236,0.0,168.89841204881668
fullmu_mlp_s9711,fullmu_mlp,9711,34,3200,163.88922969039703,0.0,169.84591895341873
fullmu_mlp_s9711,fullmu_mlp,9711,34,3300,163.56100419459267,0.0,169.64224380254745
fullmu_mlp_s9711,fullmu_mlp,9711,34,3400,158.43317686635893,0.0,166.48514753580093
fullmu_mlp_s9711,fullmu_mlp,9711,34,3500,158.6008124181207,0.0,166.16483430564404
fullmu_mlp_s9711,fullmu_mlp,9711,34,3600,158.64001331282137,0.0,166.2419455498457
fullmu_mlp_s9711,fullmu_mlp,9711,34,3700,156.9250413762585,0.0,165.2012822329998
fullmu_mlp_s9711,fullmu_mlp,9711,34,3800,163.53855104108018,0.0,169.359729886055
fullmu_mlp_s9711,fullmu_mlp,9711,34,3900,163.2896805795363,0.0,169.47106656432152
fullmu_mlp_s9711,fullmu_mlp,9711,35,0,36.668576955484944,0.0006256247870624065,58.73932102822414
fullmu_mlp_s9711,fullmu_mlp,9711,35,100,152.8421010806891,0.0,159.79240423440933
fullmu_mlp_s9711,fullmu_mlp,9711,35,200,156.98011473820614,0.0,165.33513501286507
fullmu_mlp_s9711,fullmu_mlp,9711,35,300,160.0933315636741,0.0,167.1133046746254
fullmu_mlp_s9711,fullmu_mlp,9711,35,400,157.95399226279184,0.0,165.9182484149933
fullmu_mlp_s9711,fullmu_mlp,9711,35,500,163.16890874720522,0.0,169.38870710134506
fullmu_mlp_s9711,fullmu_mlp,9711,35,600,158.65159591301048,0.0,166.29954034090042
fullmu_mlp_s9711,fullmu_mlp,9711,35,700,159.50235542711465,0.0,166.74300134181976
fullmu_mlp_s9711,fullmu_mlp,9711,35,800,159.54242059015505,0.0,166.85813587903976
fullmu_mlp_s9711,fullmu_mlp,9711,35,900,157.57550283650292,0.0,165.6297019124031
fullmu_mlp_s9711,fullmu_mlp,9711,35,1000,162.2110399159071,0.0,168.5196425318718
fullmu_mlp_s9711,fullmu_mlp,9711,35,1100,162.58512642516604,0.0,169.1016110405326
fullmu_mlp_s9711,fullmu_mlp,9711,35,1200,160.3985704072711,0.0,167.5945149064064
fullmu_mlp_s9711,fullmu_mlp,9711,35,1300,160.69367337648958,0.0,167.70991891622543
fullmu_mlp_s9711,fullmu_mlp,9711,35,1400,161.71499218967804,0.0,168.32862457633018
fullmu_mlp_s9711,fullmu_mlp,9711,35,1500,160.40232767989062,0.0,167.60328650474548
fullmu_mlp_s9711,fullmu_mlp,9711,35,1600,158.6195455371634,0.0,166.27412167191505
fullmu_mlp_s9711,fullmu_mlp,9711,35,1700,160.65670872302988,0.0,167.58291161060333
fullmu_mlp_s9711,fullmu_mlp,9711,35,1800,160.55688150852157,0.0,167.66158193349838
fullmu_mlp_s9711,fullmu_mlp,9711,35,1900,158.45188276822026,0.0,166.33394965529442
fullmu_mlp_s9711,fullmu_mlp,9711,35,2000,159.95741846925063,0.0,167.22738461196423
fullmu_mlp_s9711,fullmu_mlp,9711,35,2100,161.32839154111716,0.0,167.8634843826294
fullmu_mlp_s9711,fullmu_mlp,9711,35,2200,161.04079035606262,0.0,167.86154282093048
fullmu_mlp_s9711,fullmu_mlp,9711,35,2300,157.3757743690909,0.0,165.65403807163239
fullmu_mlp_s9711,fullmu_mlp,9711,35,2400,161.44010178506045,0.0,167.84367549419403
fullmu_mlp_s9711,fullmu_mlp,9711,35,2500,159.38714630024398,0.0,166.8794292807579
fullmu_mlp_s9711,fullmu_mlp,9711,35,2600,160.2318598402079,0.0,167.45712849497795
fullmu_mlp_s9711,fullmu_mlp,9711,35,2700,163.27420027636776,0.0,169.25417140126228
fullmu_mlp_s9711,fullmu_mlp,9711,35,2800,158.16502052353482,0.0,166.36701855063438
fullmu_mlp_s9711,fullmu_mlp,9711,35,2900,159.64772990673617,0.0,166.9326958656311
fullmu_mlp_s9711,fullmu_mlp,9711,35,3000,156.92562145786158,0.0,165.28934985399246
fullmu_mlp_s9711,fullmu_mlp,9711,35,3100,161.9049159368812,0.0,168.60397285223007
fullmu_mlp_s9711,fullmu_mlp,9711,35,3200,160.23421512452595,0.0,167.56749588251114
fullmu_mlp_s9711,fullmu_mlp,9711,35,3300,162.3913477789316,0.0,168.89844447374344
fullmu_mlp_s9711,fullmu_mlp,9711,35,3400,162.852262445599,0.0,169.39138627052307
fullmu_mlp_s9711,fullmu_mlp,9711,35,3500,159.29276489747218,0.0,166.87575882673264
fullmu_mlp_s9711,fullmu_mlp,9711,35,3600,158.09410321905085,0.0,166.10834424197674
fullmu_mlp_s9711,fullmu_mlp,9711,35,3700,161.72859262232194,0.0,167.97540259361267
fullmu_mlp_s9711,fullmu_mlp,9711,35,3800,157.28887736380807,0.0,165.60071963071823
fullmu_mlp_s9711,fullmu_mlp,9711,35,3900,161.41460773954915,0.0,168.32644221186638
fullmu_mlp_s9711,fullmu_mlp,9711,36,0,36.668576955484944,0.0006256247870624065,58.73932102822414
fullmu_mlp_s9711,fullmu_mlp,9711,36,100,153.4980582337577,0.0,160.1811188608408
fullmu_mlp_s9711,fullmu_mlp,9711,36,200,160.7931344082506,0.0,167.1670765131712
fullmu_mlp_s9711,fullmu_mlp,9711,36,300,158.4156897921461,0.0,166.4732017815113
fullmu_mlp_s9711,fullmu_mlp,9711,36,400,161.07700671646847,0.0,167.85754507780075
fullmu_mlp_s9711,fullmu_mlp,9711,36,500,161.65715872798458,0.0,168.2526189684868
fullmu_mlp_s9711,fullmu_mlp,9711,36,600,156.81369817908583,0.0,165.15417562425137
fullmu_mlp_s9711,fullmu_mlp,9711,36,700,158.94669576220198,0.0,166.53589391708374
fullmu_mlp_s9711,fullmu_mlp,9711,36,800,158.68869381921974,0.0,166.29689022898674
fullmu_mlp_s9711,fullmu_mlp,9711,36,900,159.56951253708644,0.0,167.35505121946335
fullmu_mlp_s9711,fullmu_mlp,9711,36,1000,157.45594470743765,0.0,165.73843562602997
fullmu_mlp_s9711,fullmu_mlp,9711,36,1100,157.08358609625577,0.0,165.40377795696259
fullmu_mlp_s9711,fullmu_mlp,9711,36,1200,161.2129542327103,0.0,168.13317799568176
fullmu_mlp_s9711,fullmu_mlp,9711,36,1300,162.09536373991264,0.0,168.6607403755188
fullmu_mlp_s9711,fullmu_mlp,9711,36,1400,161.45103574471185,0.0,167.8595911860466
fullmu_mlp_s9711,fullmu_mlp,9711,36,1500,160.301140755772,0.0,167.34238603711128
fullmu_mlp_s9711,fullmu_mlp,9711,36,1600,160.3342791102552,0.0,167.21688593924046
fullmu_mlp_s9711,fullmu_mlp,9711,36,1700,164.42301418796794,0.0,169.93945986032486
fullmu_mlp_s9711,fullmu_mlp,9711,36,1800,159.12279799467146,0.0,166.50146198272705
fullmu_mlp_s9711,fullmu_mlp,9711,36,1900,162.48713648250958,0.0,168.83306485414505
fullmu_mlp_s9711,fullmu_mlp,9711,36,2000,161.68474651793835,0.0,168.34633767604828
fullmu_mlp_s9711,fullmu_mlp,9711,36,2100,157.87382612631478,0.0,165.7487491965294
fullmu_mlp_s9711,fullmu_mlp,9711,36,2200,164.11186374767124,0.0,169.83655947446823
fullmu_mlp_s9711,fullmu_mlp,9711,36,2300,159.28092251351674,0.0,166.86584550142288
fullmu_mlp_s9711,fullmu_mlp,9711,36,2400,158.05939647964698,0.0,166.1930711567402
fullmu_mlp_s9711,fullmu_mlp,9711,36,2500,160.55161851039963,0.0,167.53251999616623
fullmu_mlp_s9711,fullmu_mlp,9711,36,2600,161.47349724836823,0.0,168.26077112555504
fullmu_mlp_s9711,fullmu_mlp,9711,36,2700,156.6160211983898,0.0,165.48233112692833
fullmu_mlp_s9711,fullmu_mlp,9711,36,2800,159.82043734460478,0.0,166.94838494062424
fullmu_mlp_s9711,fullmu_mlp,9711,36,2900,161.15299017194647,0.0,168.20146043598652
fullmu_mlp_s9711,fullmu_mlp,9711,36,3000,161.72439682522537,0.0,168.27881932258606
fullmu_mlp_s9711,fullmu_mlp,9711,36,3100,160.36100799843987,0.0,167.4334135055542
fullmu_mlp_s9711,fullmu_mlp,9711,36,3200,156.72126829866752,0.0,165.07086853682995
fullmu_mlp_s9711,fullmu_mlp,9711,36,3300,155.57384888653502,0.0,164.3455466926098
fullmu_mlp_s9711,fullmu_mlp,9711,36,3400,161.02988267362772,0.0,167.94722628593445
fullmu_mlp_s9711,fullmu_mlp,9711,36,3500,162.53973337706216,0.0,168.80567699670792
fullmu_mlp_s9711,fullmu_mlp,9711,36,3600,157.19983663220123,0.0,165.6870801448822
fullmu_mlp_s9711,fullmu_mlp,9711,36,3700,162.36891315814387,0.0,168.5543556213379
fullmu_mlp_s9711,fullmu_mlp,9711,36,3800,159.21540258514264,0.0,166.6489344239235
fullmu_mlp_s9711,fullmu_mlp,9711,36,3900,164.45210091666561,0.0,170.05906872823834
fullmu_mlp_s9711,fullmu_mlp,9711,37,0,36.668576955484944,0.0006256247870624065,58.73932102822414
fullmu_mlp_s9711,fullmu_mlp,9711,37,100,149.09760531208173,0.0,157.1228869408369
fullmu_mlp_s9711,fullmu_mlp,9711,37,200,160.92729169368843,0.0,167.43746373057365
fullmu_mlp_s9711,fullmu_mlp,9711,37,300,157.31180454427766,0.0,165.50077158212662
fullmu_mlp_s9711,fullmu_mlp,9711,37,400,158.34750818361778,0.0,166.1271480768919
fullmu_mlp_s9711,fullmu_mlp,9711,37,500,155.50783436936237,0.0,164.18193791806698
fullmu_mlp_s9711,fullmu_mlp,9711,37,600,157.84732698807585,0.0,165.85340523719788
fullmu_mlp_s9711,fullmu_mlp,9711,37,700,160.4261371281368,0.0,167.7360103726387
fullmu_mlp_s9711,fullmu_mlp,9711,37,800,157.71828080527789,0.0,165.64819526672363
fullmu_mlp_s9711,fullmu_mlp,9711,37,900,165.0759872123206,0.0,170.38616341352463
fullmu_mlp_s9711,fullmu_mlp,9711,37,1000,163.24317023604138,0.0,169.57485842704773
fullmu_mlp_s9711,fullmu_mlp,9711,37,1100,159.27304459356426,0.0,167.03810349479318
fullmu_mlp_s9711,fullmu_mlp,9711,37,1200,159.47562685986495,0.0,166.91693592071533
fullmu_mlp_s9711,fullmu_mlp,9711,37,1300,162.1633116052768,0.0,168.63757055997849
fullmu_mlp_s9711,fullmu_mlp,9711,37,1400,161.1146411618771,0.0,168.06559940427542
fullmu_mlp_s9711,fullmu_mlp,9711,37,1500,162.99233106684784,0.0,168.87032061815262
fullmu_mlp_s9711,fullmu_mlp,9711,37,1600,163.35453646235376,0.0,169.35388460755348
fullmu_mlp_s9711,fullmu_mlp,9711,37,1700,162.54915138200204,0.0,168.68141442537308
fullmu_mlp_s9711,fullmu_mlp,9711,37,1800,162.4861746240822,0.0,168.70617228746414
fullmu_mlp_s9711,fullmu_mlp,9711,37,1900,158.2237581657318,0.0,166.38748475909233
fullmu_mlp_s9711,fullmu_mlp,9711,37,2000,157.19813314772938,0.0,165.52732157707214
fullmu_mlp_s9711,fullmu_mlp,9711,37,2100,161.0208160100758,0.0,167.8212524652481
fullmu_mlp_s9711,fullmu_mlp,9711,37,2200,158.5734747717318,0.0,166.39563277363777
fullmu_mlp_s9711,fullmu_mlp,9711,37,2300,155.79191211610467,0.0,164.50733715295792
fullmu_mlp_s9711,fullmu_mlp,9711,37,2400,161.75466347673802,0.0,168.21308721601963
fullmu_mlp_s9711,fullmu_mlp,9711,37,2500,161.2855937369073,0.0,167.98674070835114
fullmu_mlp_s9711,fullmu_mlp,9711,37,2600,160.2376093831301,0.0,167.34186366200447
fullmu_mlp_s9711,fullmu_mlp,9711,37,2700,159.22567413573,0.0,166.72976571321487
fullmu_mlp_s9711,fullmu_mlp,9711,37,2800,160.08324791707366,0.0,167.42523232102394
fullmu_mlp_s9711,fullmu_mlp,9711,37,2900,159.36926388780574,0.0,167.12141489237547
fullmu_mlp_s9711,fullmu_mlp,9711,37,3000,164.64403848218004,0.0,170.2172226458788
fullmu_mlp_s9711,fullmu_mlp,9711,37,3100,161.51009743162433,0.0,168.0814190208912
fullmu_mlp_s9711,fullmu_mlp,9711,37,3200,161.2936879504569,0.0,167.94766587018967
fullmu_mlp_s9711,fullmu_mlp,9711,37,3300,159.29144524757663,0.0,166.90608632564545
fullmu_mlp_s9711,fullmu_mlp,9711,37,3400,159.2533539413378,0.0,166.4578468799591
fullmu_mlp_s9711,fullmu_mlp,9711,37,3500,164.37560567206955,0.0,169.92406570911407
fullmu_mlp_s9711,fullmu_mlp,9711,37,3600,159.23541526355805,0.0,166.76762717962265
fullmu_mlp_s9711,fullmu_mlp,9711,37,3700,159.28652982435523,0.0,166.77283602952957
fullmu_mlp_s9711,fullmu_mlp,9711,37,3800,161.37812279210164,0.0,167.8979213833809
fullmu_mlp_s9711,fullmu_mlp,9711,37,3900,159.72725388996335,0.0,166.94846057891846
fullmu_mlp_s9711,fullmu_mlp,9711,38,0,36.668576955484944,0.0006256247870624065,58.73932102822414
fullmu_mlp_s9711,fullmu_mlp,9711,38,100,146.97377069978782,0.0,155.58944886922836
fullmu_mlp_s9711,fullmu_mlp,9711,38,200,163.2466816719791,0.0,168.76409876346588
fullmu_mlp_s9711,fullmu_mlp,9711,38,300,158.5162263982698,0.0,166.15797255933285
fullmu_mlp_s9711,fullmu_mlp,9711,38,400,160.4144047963518,0.0,167.4969746172428
fullmu_mlp_s9711,fullmu_mlp,9711,38,500,156.99524041689398,0.0,165.49395567178726
fullmu_mlp_s9711,fullmu_mlp,9711,38,600,156.9530483658586,0.0,165.41331893205643
fullmu_mlp_s9711,fullmu_mlp,9711,38,700,159.76930860111784,0.0,166.98025506734848
fullmu_mlp_s9711,fullmu_mlp,9711,38,800,162.3281366027866,0.0,168.99479126930237
fullmu_mlp_s9711,fullmu_mlp,9711,38,900,158.99086844483367,0.0,166.75004023313522
fullmu_mlp_s9711,fullmu_mlp,9711,38,1000,157.40241412467597,0.0,165.61305218935013
fullmu_mlp_s9711,fullmu_mlp,9711,38,1100,157.77415483406128,0.0,166.06972940266132
fullmu_mlp_s9711,fullmu_mlp,9711,38,1200,159.95408139622597,0.0,167.26691162586212
fullmu_mlp_s9711,fullmu_mlp,9711,38,1300,159.31163374532707,0.0,166.9412089586258
fullmu_mlp_s9711,fullmu_mlp,9711,38,1400,161.81098566082056,0.0,168.92917948961258
fullmu_mlp_s9711,fullmu_mlp,9711,38,1500,160.45114310140323,0.0,167.4268383681774
fullmu_mlp_s9711,fullmu_mlp,9711,38,1600,156.71979166654293,0.0,165.13733376562595
fullmu_mlp_s9711,fullmu_mlp,9711,38,1700,156.85979340916538,0.0,165.179299518466
fullmu_mlp_s9711,fullmu_mlp,9711,38,1800,155.94886415884187,0.0,164.52847349643707
fullmu_mlp_s9711,fullmu_mlp,9711,38,1900,161.60925580302472,0.0,168.0844455435872
fullmu_mlp_s9711,fullmu_mlp,9711,38,2000,163.73927940068756,0.0,169.75404959917068
fullmu_mlp_s9711,fullmu_mlp,9711,38,2100,166.2384308970833,0.0,171.19218763709068
fullmu_mlp_s9711,fullmu_mlp,9711,38,2200,162.34021291021304,0.0,168.97604030370712
fullmu_mlp_s9711,fullmu_mlp,9711,38,2300,163.07606901165417,0.0,169.1282003968954
fullmu_mlp_s9711,fullmu_mlp,9711,38,2400,161.43608138635452,0.0,168.22247986495495
fullmu_mlp_s9711,fullmu_mlp,9711,38,2500,164.4155934024916,0.0,169.9355319738388
fullmu_mlp_s9711,fullmu_mlp,9711,38,2600,163.77281487920553,0.0,169.70194751024246
fullmu_mlp_s9711,fullmu_mlp,9711,38,2700,158.40145248988352,0.0,166.51959830522537
fullmu_mlp_s9711,fullmu_mlp,9711,38,2800,158.2732240676316,0.0,166.306795835495
fullmu_mlp_s9711,fullmu_mlp,9711,38,2900,156.88999312015866,0.0,165.21492923796177
fullmu_mlp_s9711,fullmu_mlp,9711,38,3000,164.38288732978532,0.0,169.87288719415665
fullmu_mlp_s9711,fullmu_mlp,9711,38,3100,162.69178490569135,0.0,169.3969351053238
fullmu_mlp_s9711,fullmu_mlp,9711,38,3200,158.60811311575685,0.0,166.4464873969555
fullmu_mlp_s9711,fullmu_mlp,9711,38,3300,159.70679885104732,0.0,167.22971192002296
fullmu_mlp_s9711,fullmu_mlp,9711,38,3400,160.81668608867642,0.0,167.81131130456924
fullmu_mlp_s9711,fullmu_mlp,9711,38,3500,161.79157846189526,0.0,168.52706682682037
fullmu_mlp_s9711,fullmu_mlp,9711,38,3600,162.93969516207207,0.0,168.9668366909027
fullmu_mlp_s9711,fullmu_mlp,9711,38,3700,158.10223858726948,0.0,166.14367569983006
fullmu_mlp_s9711,fullmu_mlp,9711,38,3800,158.91639070093845,0.0,166.45186400413513
fullmu_mlp_s9711,fullmu_mlp,9711,38,3900,162.67029208238444,0.0,168.88393479585648
fullmu_mlp_s9711,fullmu_mlp,9711,39,0,36.668576955484944,0.0006256247870624065,58.73932102822414
fullmu_mlp_s9711,fullmu_mlp,9711,39,100,151.14842723278065,0.0,158.50537276268005
fullmu_mlp_s9711,fullmu_mlp,9711,39,200,159.34322130661195,0.0,166.4573308825493
fullmu_mlp_s9711,fullmu_mlp,9711,39,300,161.36019678686372,0.0,168.0808807834983
fullmu_mlp_s9711,fullmu_mlp,9711,39,400,159.3917013266175,0.0,166.81293284893036
fullmu_mlp_s9711,fullmu_mlp,9711,39,500,160.3442308446474,0.0,167.41845828294754
fullmu_mlp_s9711,fullmu_mlp,9711,39,600,158.2868049049005,0.0,165.87165439128876
fullmu_mlp_s9711,fullmu_mlp,9711,39,700,158.32670974296974,0.0,166.24320867657661
fullmu_mlp_s9711,fullmu_mlp,9711,39,800,159.338860635607,0.0,166.7103427052498
fullmu_mlp_s9711,fullmu_mlp,9711,39,900,161.192019892046,0.0,167.84159249067307
fullmu_mlp_s9711,fullmu_mlp,9711,39,1000,161.21079763431715,0.0,167.974287211895
fullmu_mlp_s9711,fullmu_mlp,9711,39,1100,160.631046776728,0.0,167.65592104196548
fullmu_mlp_s9711,fullmu_mlp,9711,39,1200,161.85435678690547,0.0,168.15855960547924
fullmu_mlp_s9711,fullmu_mlp,9711,39,1300,160.5993957822749,0.0,167.37502214312553
fullmu_mlp_s9711,fullmu_mlp,9711,39,1400,161.6549961929903,0.0,168.2691589295864
fullmu_mlp_s9711,fullmu_mlp,9711,39,1500,159.36381648388564,0.0,166.68892753124237
fullmu_mlp_s9711,fullmu_mlp,9711,39,1600,163.36629164350444,0.0,169.15215274691582
fullmu_mlp_s9711,fullmu_mlp,9711,39,1700,158.22704059130257,0.0,166.01784300245345
fullmu_mlp_s9711,fullmu_mlp,9711,39,1800,160.48175770678128,0.0,167.2686279118061
fullmu_mlp_s9711,fullmu_mlp,9711,39,1900,162.56631738465788,0.0,168.767307639122
fullmu_mlp_s9711,fullmu_mlp,9711,39,2000,161.31996845503562,0.0,168.07505993545055
fullmu_mlp_s9711,fullmu_mlp,9711,39,2100,159.60270072736736,0.0,166.87134212255478
fullmu_mlp_s9711,fullmu_mlp,9711,39,2200,162.95394292395653,0.0,168.90184873342514
fullmu_mlp_s9711,fullmu_mlp,9711,39,2300,158.52194504568268,0.0,166.71702712774277
fullmu_mlp_s9711,fullmu_mlp,9711,39,2400,158.40172905918496,0.0,166.00476226722822
fullmu_mlp_s9711,fullmu_mlp,9711,39,2500,158.2698990258406,0.0,166.07804483175278
fullmu_mlp_s9711,fullmu_mlp,9711,39,2600,159.84704066125622,0.0,166.9325212240219
fullmu_mlp_s9711,fullmu_mlp,9711,39,2700,158.5490997215073,0.0,166.7044946551323
fullmu_mlp_s9711,fullmu_mlp,9711,39,2800,160.18840414827346,0.0,167.19393961131573
fullmu_mlp_s9711,fullmu_mlp,9711,39,2900,156.47204600832922,0.0,165.1043270751834
fullmu_mlp_s9711,fullmu_mlp,9711,39,3000,162.04794893042842,0.0,168.32912069559097
fullmu_mlp_s9711,fullmu_mlp,9711,39,3100,161.68581077034742,0.0,168.5318049788475
fullmu_mlp_s9711,fullmu_mlp,9711,39,3200,157.83360797217347,0.0,165.7984949350357
fullmu_mlp_s9711,fullmu_mlp,9711,39,3300,162.42573716252937,0.0,168.6007435321808
fullmu_mlp_s9711,fullmu_mlp,9711,39,3400,161.45843485633304,0.0,168.42423382401466
fullmu_mlp_s9711,fullmu_mlp,9711,39,3500,163.42783027301172,0.0,169.3433699309826
fullmu_mlp_s9711,fullmu_mlp,9711,39,3600,161.6842968942433,0.0,168.36046308279037
fullmu_mlp_s9711,fullmu_mlp,9711,39,3700,162.00097371187064,0.0,168.46521696448326
fullmu_mlp_s9711,fullmu_mlp,9711,39,3800,161.2852712802151,0.0,168.19391851127148
fullmu_mlp_s9711,fullmu_mlp,9711,39,3900,156.81473199142764,0.0,165.4051831662655
fullmu_mlp_s9711,fullmu_mlp,9711,40,0,36.668576955484944,0.0006256247870624065,58.73932102822414
fullmu_mlp_s9711,fullmu_mlp,9711,40,100,154.52652072212751,0.0,160.82409131526947
fullmu_mlp_s9711,fullmu_mlp,9711,40,200,158.01892918149852,0.0,166.01794075779617
fullmu_mlp_s9711,fullmu_mlp,9711,40,300,159.83371484147472,0.0,167.18990989029408
fullmu_mlp_s9711,fullmu_mlp,9711,40,400,161.64211074513867,0.0,168.2365229278803
fullmu_mlp_s9711,fullmu_mlp,9711,40,500,160.59491301310013,0.0,167.74397444725037
fullmu_mlp_s9711,fullmu_mlp,9711,40,600,158.1476141032406,0.0,166.22780212759972
fullmu_mlp_s9711,fullmu_mlp,9711,40,700,160.59969501555105,0.0,167.28244799375534
fullmu_mlp_s9711,fullmu_mlp,9711,40,800,158.96970507895728,0.0,166.72228956222534
fullmu_mlp_s9711,fullmu_mlp,9711,40,900,159.695470792627,0.0,167.04003655537963
fullmu_mlp_s9711,fullmu_mlp,9711,40,1000,162.43577954178136,0.0,168.461875975132
fullmu_mlp_s9711,fullmu_mlp,9711,40,1100,163.25489330133453,0.0,169.24698555469513
fullmu_mlp_s9711,fullmu_mlp,9711,40,1200,155.96286672280746,0.0,164.7339494228363
fullmu_mlp_s9711,fullmu_mlp,9711,40,1300,162.63562571305167,0.0,168.69908338785172
fullmu_mlp_s9711,fullmu_mlp,9711,40,1400,160.83570297452007,0.0,167.58516508340836
fullmu_mlp_s9711,fullmu_mlp,9711,40,1500,159.4764818876187,0.0,166.678646504879
fullmu_mlp_s9711,fullmu_mlp,9711,40,1600,159.63100930704286,0.0,166.65564167499542
fullmu_mlp_s9711,fullmu_mlp,9711,40,1700,159.02116517402118,0.0,166.5714282989502
fullmu_mlp_s9711,fullmu_mlp,9711,40,1800,160.8524645316816,0.0,167.5357654094696
fullmu_mlp_s9711,fullmu_mlp,9711,40,1900,160.4815815421823,0.0,167.7686441540718
fullmu_mlp_s9711,fullmu_mlp,9711,40,2000,160.13405551089295,0.0,167.19205735623837
fullmu_mlp_s9711,fullmu_mlp,9711,40,2100,159.57520440794337,0.0,166.9415779709816
fullmu_mlp_s9711,fullmu_mlp,9711,40,2200,162.05574664915434,0.0,168.5955975651741
fullmu_mlp_s9711,fullmu_mlp,9711,40,2300,158.63314814079595,0.0,166.3214691877365
fullmu_mlp_s9711,fullmu_mlp,9711,40,2400,156.22360570242404,0.0,164.77861833572388
fullmu_mlp_s9711,fullmu_mlp,9711,40,2500,163.40880892606037,0.0,169.26418393850327
fullmu_mlp_s9711,fullmu_mlp,9711,40,2600,159.94133489363597,0.0,167.01519106701016
fullmu_mlp_s9711,fullmu_mlp,9711,40,2700,158.41447414183713,0.0,166.16586892306805
fullmu_mlp_s9711,fullmu_mlp,9711,40,2800,164.07733674881044,0.0,169.6260079741478
fullmu_mlp_s9711,fullmu_mlp,9711,40,2900,159.68759378347812,0.0,167.16183841228485
fullmu_mlp_s9711,fullmu_mlp,9711,40,3000,157.43880531577784,0.0,165.80446863174438
fullmu_mlp_s9711,fullmu_mlp,9711,40,3100,159.4653898375715,0.0,166.75665402412415
fullmu_mlp_s9711,fullmu_mlp,9711,40,3200,160.3286833876212,0.0,167.62110096216202
fullmu_mlp_s9711,fullmu_mlp,9711,40,3300,160.89143255441883,0.0,167.6111415028572
fullmu_mlp_s9711,fullmu_mlp,9711,40,3400,159.7918273633139,0.0,167.45429319143295
fullmu_mlp_s9711,fullmu_mlp,9711,40,3500,162.48593897440645,0.0,168.784030854702
fullmu_mlp_s9711,fullmu_mlp,9711,40,3600,163.94551532130941,0.0,169.5445009469986
fullmu_mlp_s9711,fullmu_mlp,9711,40,3700,157.78585863340598,0.0,166.0712230503559
fullmu_mlp_s9711,fullmu_mlp,9711,40,3800,158.43720941988383,0.0,166.2899370789528
fullmu_mlp_s9711,fullmu_mlp,9711,40,3900,161.22174043164895,0.0,167.67749482393265
fullmu_mlp_s9711,fullmu_mlp,9711,41,0,36.668576955484944,0.0006256247870624065,58.73932102822414
fullmu_mlp_s9711,fullmu_mlp,9711,41,100,147.93241566530503,0.0,156.4892964065075
fullmu_mlp_s9711,fullmu_mlp,9711,41,200,163.588389300057,0.0,168.97669231891632
fullmu_mlp_s9711,fullmu_mlp,9711,41,300,162.53777364124915,0.0,168.73732787370682
fullmu_mlp_s9711,fullmu_mlp,9711,41,400,163.51127131150525,0.0,169.37185847759247
fullmu_mlp_s9711,fullmu_mlp,9711,41,500,163.12926641045146,0.0,169.3270904123783
fullmu_mlp_s9711,fullmu_mlp,9711,41,600,158.5225753258674,0.0,166.51002323627472
fullmu_mlp_s9711,fullmu_mlp,9711,41,700,157.13175581899387,0.0,165.20826368033886
fullmu_mlp_s9711,fullmu_mlp,9711,41,800,161.4952615160418,0.0,168.2396201491356
fullmu_mlp_s9711,fullmu_mlp,9711,41,900,159.2461869267729,0.0,166.840273976326
fullmu_mlp_s9711,fullmu_mlp,9711,41,1000,162.89529406900715,0.0,169.02003250457346
fullmu_mlp_s9711,fullmu_mlp,9711,41,1100,159.8023679125236,0.0,167.20690448582172
fullmu_mlp_s9711,fullmu_mlp,9711,41,1200,158.2884130687912,0.0,166.07615721225739
fullmu_mlp_s9711,fullmu_mlp,9711,41,1300,161.91457814662886,0.0,168.29383531212807
fullmu_mlp_s9711,fullmu_mlp,9711,41,1400,159.35889469495862,0.0,167.1104408353567
fullmu_mlp_s9711,fullmu_mlp,9711,41,1500,158.66983050363842,0.0,166.56591165065765
fullmu_mlp_s9711,fullmu_mlp,9711,41,1600,162.0077934508166,0.0,168.20995803177357
fullmu_mlp_s9711,fullmu_mlp,9711,41,1700,161.19175896523583,0.0,168.14107790589333
fullmu_mlp_s9711,fullmu_mlp,9711,41,1800,162.60246949533024,0.0,169.01355292182416
fullmu_mlp_s9711,fullmu_mlp,9711,41,1900,160.57286817058022,0.0,167.37731617689133
fullmu_mlp_s9711,fullmu_mlp,9711,41,2000,161.8979330493533,0.0,168.618294775486
fullmu_mlp_s9711,fullmu_mlp,9711,41,2100,159.5719196753271,0.0,166.66834944486618
fullmu_mlp_s9711,fullmu_mlp,9711,41,2200,156.8151520163266,0.0,165.29302370548248
fullmu_mlp_s9711,fullmu_mlp,9711,41,2300,161.48184228560183,0.0,168.57749074697495
fullmu_mlp_s9711,fullmu_mlp,9711,41,2400,161.56620730135546,0.0,168.25087177753448
fullmu_mlp_s9711,fullmu_mlp,9711,41,2500,160.50668127134765,0.0,167.798730134964
fullmu_mlp_s9711,fullmu_mlp,9711,41,2600,163.14602586715205,0.0,168.90118843317032
fullmu_mlp_s9711,fullmu_mlp,9711,41,2700,165.58191007519957,0.0,170.92619210481644
fullmu_mlp_s9711,fullmu_mlp,9711,41,2800,163.7391995808822,0.0,169.97694724798203
fullmu_mlp_s9711,fullmu_mlp,9711,41,2900,164.18023566855052,0.0,170.20820058882236
fullmu_mlp_s9711,fullmu_mlp,9711,41,3000,161.14343387051193,0.0,168.27460896968842
fullmu_mlp_s9711,fullmu_mlp,9711,41,3100,160.20809852646252,0.0,167.29916658997536
fullmu_mlp_s9711,fullmu_mlp,9711,41,3200,161.4748689096124,0.0,167.78966629505157
fullmu_mlp_s9711,fullmu_mlp,9711,41,3300,162.37647807684473,0.0,168.56545442342758
fullmu_mlp_s9711,fullmu_mlp,9711,41,3400,162.26712635936582,0.0,168.87392514944077
fullmu_mlp_s9711,fullmu_mlp,9711,41,3500,160.0447352024095,0.0,167.0814972743392
fullmu_mlp_s9711,fullmu_mlp,9711,41,3600,163.55878084723244,0.0,169.20206412672997
fullmu_mlp_s9711,fullmu_mlp,9711,41,3700,163.15745257713218,0.0,169.34504905343056
fullmu_mlp_s9711,fullmu_mlp,9711,41,3800,160.81298367046298,0.0,167.71238559484482
fullmu_mlp_s9711,fullmu_mlp,9711,41,3900,159.88510486168627,0.0,167.04765816405416
fullmu_mlp_s9712,fullmu_mlp,9712,30,0,36.668576955484944,0.0006256247870624065,58.73932102822414
fullmu_mlp_s9712,fullmu_mlp,9712,30,100,151.5096055295636,0.0,158.91534984111786
fullmu_mlp_s9712,fullmu_mlp,9712,30,200,158.44211193467808,0.0,165.99912667274475
fullmu_mlp_s9712,fullmu_mlp,9712,30,300,163.52473901559995,0.0,169.7003691792488
fullmu_mlp_s9712,fullmu_mlp,9712,30,400,162.4134403899439,0.0,169.07324662059546
fullmu_mlp_s9712,fullmu_mlp,9712,30,500,160.31243865278495,0.0,167.57529717683792
fullmu_mlp_s9712,fullmu_mlp,9712,30,600,165.090794620023,0.0,170.8601457476616
fullmu_mlp_s9712,fullmu_mlp,9712,30,700,162.27191782708496,0.0,169.07742585241795
fullmu_mlp_s9712,fullmu_mlp,9712,30,800,161.01179227000262,0.0,168.15279141068459
fullmu_mlp_s9712,fullmu_mlp,9712,30,900,160.8864035883714,0.0,168.47385972738266
fullmu_mlp_s9712,fullmu_mlp,9712,30,1000,161.38546608845175,0.0,168.0075354501605
fullmu_mlp_s9712,fullmu_mlp,9712,30,1100,160.2268646720704,0.0,167.3860419690609
fullmu_mlp_s9712,fullmu_mlp,9712,30,1200,164.89340877919034,0.0,170.5768410563469
fullmu_mlp_s9712,fullmu_mlp,9712,30,1300,161.46946986562992,0.0,168.71065032482147
fullmu_mlp_s9712,fullmu_mlp,9712,30,1400,162.10543260274898,0.0,168.64135718345642
fullmu_mlp_s9712,fullmu_mlp,9712,30,1500,166.02043575429818,0.0,171.3580220937729
fullmu_mlp_s9712,fullmu_mlp,9712,30,1600,164.53177353332134,0.0,170.62687158584595
fullmu_mlp_s9712,fullmu_mlp,9712,30,1700,155.8338523530726,0.0,164.87511509656906
fullmu_mlp_s9712,fullmu_mlp,9712,30,1800,161.74678111130874,0.0,168.42373803257942
fullmu_mlp_s9712,fullmu_mlp,9712,30,1900,165.73739319163062,0.0,171.25432294607162
fullmu_mlp_s9712,fullmu_mlp,9712,30,2000,160.80323167648984,0.0,168.28971680998802
fullmu_mlp_s9712,fullmu_mlp,9712,30,2100,158.68566371417648,0.0,166.521390914917
fullmu_mlp_s9712,fullmu_mlp,9712,30,2200,160.46627051917665,0.0,167.58840382099152
fullmu_mlp_s9712,fullmu_mlp,9712,30,2300,159.91196699772536,0.0,167.5513744354248
fullmu_mlp_s9712,fullmu_mlp,9712,30,2400,161.0467414038064,0.0,168.27057680487633
fullmu_mlp_s9712,fullmu_mlp,9712,30,2500,164.34817367265978,0.0,170.03284406661987
fullmu_mlp_s9712,fullmu_mlp,9712,30,2600,161.58662341970796,0.0,168.85792422294617
fullmu_mlp_s9712,fullmu_mlp,9712,30,2700,161.55716438414728,0.0,168.48567166924477
fullmu_mlp_s9712,fullmu_mlp,9712,30,2800,160.25648809509258,0.0,167.73826903104782
fullmu_mlp_s9712,fullmu_mlp,9712,30,2900,164.15952928954192,0.0,170.04260093346238
fullmu_mlp_s9712,fullmu_mlp,9712,30,3000,158.38377705628625,0.0,166.75284564495087
fullmu_mlp_s9712,fullmu_mlp,9712,30,3100,160.95964779414788,0.0,168.18012996017933
fullmu_mlp_s9712,fullmu_mlp,9712,30,3200,160.90424042997103,0.0,168.0164890307933
fullmu_mlp_s9712,fullmu_mlp,9712,30,3300,162.033237514003,0.0,169.00859788060188
fullmu_mlp_s9712,fullmu_mlp,9712,30,3400,162.25665802308225,0.0,169.05770067870617
fullmu_mlp_s9712,fullmu_mlp,9712,30,3500,160.5628928069411,0.0,168.29906910657883
fullmu_mlp_s9712,fullmu_mlp,9712,30,3600,158.9906782309557,0.0,167.12544624507427
fullmu_mlp_s9712,fullmu_mlp,9712,30,3700,160.86419232744018,0.0,167.73287534713745
fullmu_mlp_s9712,fullmu_mlp,9712,30,3800,162.772617784341,0.0,169.23625676333904
fullmu_mlp_s9712,fullmu_mlp,9712,30,3900,165.58616721198092,0.0,170.9424106478691
fullmu_mlp_s9712,fullmu_mlp,9712,31,0,36.668576955484944,0.0006256247870624065,58.73932102822414
fullmu_mlp_s9712,fullmu_mlp,9712,31,100,151.80799731426833,0.0,159.26880404353142
fullmu_mlp_s9712,fullmu_mlp,9712,31,200,158.45505678779696,0.0,166.19177159667015
fullmu_mlp_s9712,fullmu_mlp,9712,31,300,158.88940363210483,0.0,166.66681444644928
fullmu_mlp_s9712,fullmu_mlp,9712,31,400,163.49946983079684,0.0,169.3112164735794
fullmu_mlp_s9712,fullmu_mlp,9712,31,500,160.97316081493776,0.0,168.38584172725677
fullmu_mlp_s9712,fullmu_mlp,9712,31,600,159.0624301507555,0.0,166.75578993558884
fullmu_mlp_s9712,fullmu_mlp,9712,31,700,161.84492198088267,0.0,168.7165738940239
fullmu_mlp_s9712,fullmu_mlp,9712,31,800,159.32982551740125,0.0,166.81633013486862
fullmu_mlp_s9712,fullmu_mlp,9712,31,900,158.76488850605364,0.0,166.44879898428917
fullmu_mlp_s9712,fullmu_mlp,9712,31,1000,160.18957698313707,0.0,167.31947991251945
fullmu_mlp_s9712,fullmu_mlp,9712,31,1100,164.5749767463886,0.0,170.2481164485216
fullmu_mlp_s9712,fullmu_mlp,9712,31,1200,159.01720404712114,0.0,167.37784990668297
fullmu_mlp_s9712,fullmu_mlp,9712,31,1300,163.49705915156673,0.0,169.5541192293167
fullmu_mlp_s9712,fullmu_mlp,9712,31,1400,159.7133735016701,0.0,167.39009180665016
fullmu_mlp_s9712,fullmu_mlp,9712,31,1500,162.08988701423783,0.0,168.6901068687439
fullmu_mlp_s9712,fullmu_mlp,9712,31,1600,160.96496301522444,0.0,168.16498343646526
fullmu_mlp_s9712,fullmu_mlp,9712,31,1700,162.07971552120722,0.0,168.90137124061584
fullmu_mlp_s9712,fullmu_mlp,9712,31,1800,159.40898513580697,0.0,167.17504620552063
fullmu_mlp_s9712,fullmu_mlp,9712,31,1900,163.89572069879466,0.0,169.70482504367828
fullmu_mlp_s9712,fullmu_mlp,9712,31,2000,161.40554554615676,0.0,168.5602308511734
fullmu_mlp_s9712,fullmu_mlp,9712,31,2100,163.3923708869493,0.0,169.7950683236122
fullmu_mlp_s9712,fullmu_mlp,9712,31,2200,161.09118286083645,0.0,168.4928558766842
fullmu_mlp_s9712,fullmu_mlp,9712,31,2300,159.8966908528059,0.0,167.5110648870468
fullmu_mlp_s9712,fullmu_mlp,9712,31,2400,165.56990439015772,0.0,171.04870994389057
fullmu_mlp_s9712,fullmu_mlp,9712,31,2500,164.26252091861508,0.0,170.2590977549553
fullmu_mlp_s9712,fullmu_mlp,9712,31,2600,164.82282344259625,0.0,170.52460753917694
fullmu_mlp_s9712,fullmu_mlp,9712,31,2700,158.72801231094252,0.0,166.89856404066086
fullmu_mlp_s9712,fullmu_mlp,9712,31,2800,162.00800971430763,0.0,168.6510675549507
fullmu_mlp_s9712,fullmu_mlp,9712,31,2900,162.74637055661833,0.0,168.99470883607864
fullmu_mlp_s9712,fullmu_mlp,9712,31,3000,160.1092998332373,0.0,167.51069098711014
fullmu_mlp_s9712,fullmu_mlp,9712,31,3100,163.87369524477748,0.0,169.8379851579666
fullmu_mlp_s9712,fullmu_mlp,9712,31,3200,164.92120376738598,0.0,170.7585266828537
fullmu_mlp_s9712,fullmu_mlp,9712,31,3300,164.07359605674506,0.0,170.26260900497437
fullmu_mlp_s9712,fullmu_mlp,9712,31,3400,160.20030944704433,0.0,167.7588091492653
fullmu_mlp_s9712,fullmu_mlp,9712,31,3500,159.262832573059,0.0,166.9716260433197
fullmu_mlp_s9712,fullmu_mlp,9712,31,3600,159.5209541067223,0.0,167.08725452423096
fullmu_mlp_s9712,fullmu_mlp,9712,31,3700,161.1596982388106,0.0,168.2236595749855
fullmu_mlp_s9712,fullmu_mlp,9712,31,3800,162.77558825032966,0.0,169.04797819629312
fullmu_mlp_s9712,fullmu_mlp,9712,31,3900,156.7056069640659,0.0,165.44333425164223
fullmu_mlp_s9712,fullmu_mlp,9712,32,0,36.668576955484944,0.0006256247870624065,58.73932102822414
fullmu_mlp_s9712,fullmu_mlp,9712,32,100,150.54741629075315,0.0,158.21995244920254
fullmu_mlp_s9712,fullmu_mlp,9712,32,200,163.08450208558352,0.0,169.19197356700897
fullmu_mlp_s9712,fullmu_mlp,9712,32,300,159.65614649915634,0.0,167.10956775397062
fullmu_mlp_s9712,fullmu_mlp,9712,32,400,163.87683581473735,0.0,170.14194543659687
fullmu_mlp_s9712,fullmu_mlp,9712,32,500,162.80891093767318,0.0,168.94030100107193
fullmu_mlp_s9712,fullmu_mlp,9712,32,600,162.5998979973737,0.0,168.83892273902893
fullmu_mlp_s9712,fullmu_mlp,9712,32,700,159.70194038582625,0.0,167.36571738123894
fullmu_mlp_s9712,fullmu_mlp,9712,32,800,162.75148533376608,0.0,168.98959469795227
fullmu_mlp_s9712,fullmu_mlp,9712,32,900,163.4511669416421,0.0,169.9456844329834
fullmu_mlp_s9712,fullmu_mlp,9712,32,1000,159.0696738645126,0.0,166.76517862081528
fullmu_mlp_s9712,fullmu_mlp,9712,32,1100,163.6844149232463,0.0,169.59155386686325
fullmu_mlp_s9712,fullmu_mlp,9712,32,1200,165.1176494733874,0.0,170.66829591989517
fullmu_mlp_s9712,fullmu_mlp,9712,32,1300,162.93305560664575,0.0,169.3416187763214
fullmu_mlp_s9712,fullmu_mlp,9712,32,1400,162.60256058026297,0.0,169.23398327827454
fullmu_mlp_s9712,fullmu_mlp,9712,32,1500,159.98039975067482,0.0,167.5016793012619
fullmu_mlp_s9712,fullmu_mlp,9712,32,1600,164.28282152129762,0.0,170.0307590905577
fullmu_mlp_s9712,fullmu_mlp,9712,32,1700,163.512052101998,0.0,169.93447279930115
fullmu_mlp_s9712,fullmu_mlp,9712,32,1800,161.3456242888436,0.0,168.5920592546463
fullmu_mlp_s9712,fullmu_mlp,9712,32,1900,162.70633300762339,0.0,169.20923733711243
fullmu_mlp_s9712,fullmu_mlp,9712,32,2000,161.55024467104244,0.0,168.5496073961258
fullmu_mlp_s9712,fullmu_mlp,9712,32,2100,161.74999638566385,0.0,168.44623935222626
fullmu_mlp_s9712,fullmu_mlp,9712,32,2200,158.98179911336112,0.0,166.55253398418427
fullmu_mlp_s9712,fullmu_mlp,9712,32,2300,162.761525453108,0.0,169.32181698083878
fullmu_mlp_s9712,fullmu_mlp,9712,32,2400,160.16076757627346,0.0,167.22312623262405
fullmu_mlp_s9712,fullmu_mlp,9712,32,2500,159.33817928465226,0.0,167.12195269018412
fullmu_mlp_s9712,fullmu_mlp,9712,32,2600,162.9378059079096,0.0,168.9420212507248
fullmu_mlp_s9712,fullmu_mlp,9712,32,2700,161.27009282311263,0.0,168.74929422140121
fullmu_mlp_s9712,fullmu_mlp,9712,32,2800,157.5791769163945,0.0,165.99117189645767
fullmu_mlp_s9712,fullmu_mlp,9712,32,2900,161.47759023796726,0.0,168.2447715997696
fullmu_mlp_s9712,fullmu_mlp,9712,32,3000,161.96019881502295,0.0,168.42227193713188
fullmu_mlp_s9712,fullmu_mlp,9712,32,3100,159.14694335160613,0.0,167.1797866821289
fullmu_mlp_s9712,fullmu_mlp,9712,32,3200,160.52496717537684,0.0,167.69938749074936
fullmu_mlp_s9712,fullmu_mlp,9712,32,3300,160.14801474511756,0.0,167.63957178592682
fullmu_mlp_s9712,fullmu_mlp,9712,32,3400,161.86589427660664,0.0,168.70344865322113
fullmu_mlp_s9712,fullmu_mlp,9712,32,3500,160.17152180483748,0.0,167.9902445077896
fullmu_mlp_s9712,fullmu_mlp,9712,32,3600,161.49037522736396,0.0,168.22606717050076
fullmu_mlp_s9712,fullmu_mlp,9712,32,3700,157.2314138391111,0.0,165.4997898042202
fullmu_mlp_s9712,fullmu_mlp,9712,32,3800,160.56131868151547,0.0,167.4731424152851
fullmu_mlp_s9712,fullmu_mlp,9712,32,3900,164.55551135591728,0.0,170.4585991203785
fullmu_mlp_s9712,fullmu_mlp,9712,33,0,36.668576955484944,0.0006256247870624065,58.73932102822414
fullmu_mlp_s9712,fullmu_mlp,9712,33,100,150.06875980177452,0.0,157.96778178215027
fullmu_mlp_s9712,fullmu_mlp,9712,33,200,162.1769591264948,0.0,168.49503898620605
fullmu_mlp_s9712,fullmu_mlp,9712,33,300,165.90242988734752,0.0,171.17873369157314
fullmu_mlp_s9712,fullmu_mlp,9712,33,400,161.2788073376233,0.0,168.7603264451027
fullmu_mlp_s9712,fullmu_mlp,9712,33,500,160.95153538539475,0.0,168.41762000322342
fullmu_mlp_s9712,fullmu_mlp,9712,33,600,159.71258459591678,0.0,167.47471830248833
fullmu_mlp_s9712,fullmu_mlp,9712,33,700,163.81353292907406,0.0,169.70870971679688
fullmu_mlp_s9712,fullmu_mlp,9712,33,800,157.3826772866715,0.0,166.1065008714795
fullmu_mlp_s9712,fullmu_mlp,9712,33,900,164.33030813536786,0.0,170.116498619318
fullmu_mlp_s9712,fullmu_mlp,9712,33,1000,160.45088183808562,0.0,167.7374246120453
fullmu_mlp_s9712,fullmu_mlp,9712,33,1100,157.73017294008267,0.0,166.08501920104027
fullmu_mlp_s9712,fullmu_mlp,9712,33,1200,159.50348134142013,0.0,166.64719432592392
fullmu_mlp_s9712,fullmu_mlp,9712,33,1300,162.5281139321492,0.0,168.56846606731415
fullmu_mlp_s9712,fullmu_mlp,9712,33,1400,161.83754518237254,0.0,168.71479034423828
fullmu_mlp_s9712,fullmu_mlp,9712,33,1500,161.0410508542875,0.0,168.54137408733368
fullmu_mlp_s9712,fullmu_mlp,9712,33,1600,162.91734841058812,0.0,169.34459981322289
fullmu_mlp_s9712,fullmu_mlp,9712,33,1700,159.5438447431112,0.0,166.9990792274475
fullmu_mlp_s9712,fullmu_mlp,9712,33,1800,159.42439093723556,0.0,166.93681144714355
fullmu_mlp_s9712,fullmu_mlp,9712,33,1900,161.78497496494447,0.0,168.622822701931
fullmu_mlp_s9712,fullmu_mlp,9712,33,2000,161.19908351584172,0.0,168.77898335456848
fullmu_mlp_s9712,fullmu_mlp,9712,33,2100,158.8220885426519,0.0,166.62876516580582
fullmu_mlp_s9712,fullmu_mlp,9712,33,2200,159.5903857127435,0.0,167.30608955025673
fullmu_mlp_s9712,fullmu_mlp,9712,33,2300,161.63299352377882,0.0,168.27062278985977
fullmu_mlp_s9712,fullmu_mlp,9712,33,2400,161.47497975286336,0.0,168.11060150712729
fullmu_mlp_s9712,fullmu_mlp,9712,33,2500,159.90319974971976,0.0,167.68202275037766
fullmu_mlp_s9712,fullmu_mlp,9712,33,2600,159.26450023058806,0.0,166.8823801279068
fullmu_mlp_s9712,fullmu_mlp,9712,33,2700,160.3081239013775,0.0,167.44804206490517
fullmu_mlp_s9712,fullmu_mlp,9712,33,2800,162.53548218660654,0.0,168.85783833265305
fullmu_mlp_s9712,fullmu_mlp,9712,33,2900,164.5538793783274,0.0,170.48751029372215
fullmu_mlp_s9712,fullmu_mlp,9712,33,3000,161.81822531070864,0.0,168.9516818523407
fullmu_mlp_s9712,fullmu_mlp,9712,33,3100,158.92917317067133,0.0,166.96224743127823
fullmu_mlp_s9712,fullmu_mlp,9712,33,3200,157.99344723350868,0.0,166.53987288475037
fullmu_mlp_s9712,fullmu_mlp,9712,33,3300,161.6765049758081,0.0,168.70055085420609
fullmu_mlp_s9712,fullmu_mlp,9712,33,3400,163.9755752236242,0.0,169.8996371626854
fullmu_mlp_s9712,fullmu_mlp,9712,33,3500,162.33789383094012,0.0,168.9560385942459
fullmu_mlp_s9712,fullmu_mlp,9712,33,3600,162.02633343032744,0.0,168.73179638385773
fullmu_mlp_s9712,fullmu_mlp,9712,33,3700,162.97533378878626,0.0,169.49370968341827
fullmu_mlp_s9712,fullmu_mlp,9712,33,3800,160.78081536245094,0.0,167.98946356773376
fullmu_mlp_s9712,fullmu_mlp,9712,33,3900,162.03524903757543,0.0,168.65045046806335
fullmu_mlp_s9712,fullmu_mlp,9712,34,0,36.668576955484944,0.0006256247870624065,58.73932102822414
fullmu_mlp_s9712,fullmu_mlp,9712,34,100,153.08659386496984,0.0,159.97387689352036
fullmu_mlp_s9712,fullmu_mlp,9712,34,200,156.17947157653992,0.0,165.09000393748283
fullmu_mlp_s9712,fullmu_mlp,9712,34,300,159.2037293383538,0.0,166.90922552347183
fullmu_mlp_s9712,fullmu_mlp,9712,34,400,163.1676159003688,0.0,169.386570841074
fullmu_mlp_s9712,fullmu_mlp,9712,34,500,158.7698012445581,0.0,167.05562583729625
fullmu_mlp_s9712,fullmu_mlp,9712,34,600,158.40240632814385,0.0,166.48798725008965
fullmu_mlp_s9712,fullmu_mlp,9712,34,700,162.16038266666658,0.0,168.71175450086594
fullmu_mlp_s9712,fullmu_mlp,9712,34,800,159.93142335962935,0.0,167.23147456347942
fullmu_mlp_s9712,fullmu_mlp,9712,34,900,159.04784625431463,0.0,166.84480780363083
fullmu_mlp_s9712,fullmu_mlp,9712,34,1000,160.65375529460377,0.0,167.7636517882347
fullmu_mlp_s9712,fullmu_mlp,9712,34,1100,162.18043203870266,0.0,168.84137672185898
fullmu_mlp_s9712,fullmu_mlp,9712,34,1200,160.56715036850863,0.0,167.85730075836182
fullmu_mlp_s9712,fullmu_mlp,9712,34,1300,155.84105296197572,0.0,164.6254888176918
fullmu_mlp_s9712,fullmu_mlp,9712,34,1400,161.59409157176486,0.0,168.2585602402687
fullmu_mlp_s9712,fullmu_mlp,9712,34,1500,161.71640116369758,0.0,168.84806603193283
fullmu_mlp_s9712,fullmu_mlp,9712,34,1600,161.2073441995167,0.0,167.97499406337738
fullmu_mlp_s9712,fullmu_mlp,9712,34,1700,162.36825771879396,0.0,168.7027131319046
fullmu_mlp_s9712,fullmu_mlp,9712,34,1800,162.0265781992113,0.0,168.7137400507927
fullmu_mlp_s9712,fullmu_mlp,9712,34,1900,160.8325862369799,0.0,168.22394347190857
fullmu_mlp_s9712,fullmu_mlp,9712,34,2000,164.05147055824736,0.0,170.25708982348442
fullmu_mlp_s9712,fullmu_mlp,9712,34,2100,158.94662029505616,0.0,167.01786822080612
fullmu_mlp_s9712,fullmu_mlp,9712,34,2200,158.93750856714738,0.0,166.64941930770874
fullmu_mlp_s9712,fullmu_mlp,9712,34,2300,158.2029687645565,0.0,166.0758181065321
fullmu_mlp_s9712,fullmu_mlp,9712,34,2400,159.29779640464383,0.0,167.24410481750965
fullmu_mlp_s9712,fullmu_mlp,9712,34,2500,160.3136894763592,0.0,167.26463475823402
fullmu_mlp_s9712,fullmu_mlp,9712,34,2600,162.49412380015593,0.0,169.15599858760834
fullmu_mlp_s9712,fullmu_mlp,9712,34,2700,160.42674341426675,0.0,167.68347334861755
fullmu_mlp_s9712,fullmu_mlp,9712,34,2800,159.93234382903623,0.0,167.56567430496216
fullmu_mlp_s9712,fullmu_mlp,9712,34,2900,160.57363233136866,0.0,168.18476775288582
fullmu_mlp_s9712,fullmu_mlp,9712,34,3000,163.6210904327823,0.0,169.7854706645012
fullmu_mlp_s9712,fullmu_mlp,9712,34,3100,163.4573771196683,0.0,169.73118126392365
fullmu_mlp_s9712,fullmu_mlp,9712,34,3200,164.7328935465018,0.0,170.69630390405655
fullmu_mlp_s9712,fullmu_mlp,9712,34,3300,164.3825652261179,0.0,170.46414184570312
fullmu_mlp_s9712,fullmu_mlp,9712,34,3400,159.20214476382455,0.0,167.24236702919006
fullmu_mlp_s9712,fullmu_mlp,9712,34,3500,159.33929743426384,0.0,166.8858413696289
fullmu_mlp_s9712,fullmu_mlp,9712,34,3600,159.42856217075663,0.0,167.00481258379295
fullmu_mlp_s9712,fullmu_mlp,9712,34,3700,157.68857503728773,0.0,165.94920468330383
fullmu_mlp_s9712,fullmu_mlp,9712,34,3800,164.37383035667966,0.0,170.18014486134052
fullmu_mlp_s9712,fullmu_mlp,9712,34,3900,164.14597063139936,0.0,170.319762468338
fullmu_mlp_s9712,fullmu_mlp,9712,35,0,36.668576955484944,0.0006256247870624065,58.73932102822414
fullmu_mlp_s9712,fullmu_mlp,9712,35,100,153.54243198304357,0.0,160.4953557550907
fullmu_mlp_s9712,fullmu_mlp,9712,35,200,157.7465266871988,0.0,166.08821599930525
fullmu_mlp_s9712,fullmu_mlp,9712,35,300,160.83460314070865,0.0,167.84540152549744
fullmu_mlp_s9712,fullmu_mlp,9712,35,400,158.70264254123998,0.0,166.66892278194427
fullmu_mlp_s9712,fullmu_mlp,9712,35,500,164.02308509234578,0.0,170.2322642803192
fullmu_mlp_s9712,fullmu_mlp,9712,35,600,159.41107012887196,0.0,167.033004950732
fullmu_mlp_s9712,fullmu_mlp,9712,35,700,160.2467783508446,0.0,167.48905831575394
fullmu_mlp_s9712,fullmu_mlp,9712,35,800,160.3294431199504,0.0,167.6485139131546
fullmu_mlp_s9712,fullmu_mlp,9712,35,900,158.31336783849434,0.0,166.36262559890747
fullmu_mlp_s9712,fullmu_mlp,9712,35,1000,163.00087902754262,0.0,169.29949274659157
fullmu_mlp_s9712,fullmu_mlp,9712,35,1100,163.4359353681217,0.0,169.9410051703453
fullmu_mlp_s9712,fullmu_mlp,9712,35,1200,161.1966651879287,0.0,168.3885315656662
fullmu_mlp_s9712,fullmu_mlp,9712,35,1300,161.47935548224493,0.0,168.49769142270088
fullmu_mlp_s9712,fullmu_mlp,9712,35,1400,162.5159964665229,0.0,169.10774478316307
fullmu_mlp_s9712,fullmu_mlp,9712,35,1500,161.19876547411369,0.0,168.39681190252304
fullmu_mlp_s9712,fullmu_mlp,9712,35,1600,159.37531927976335,0.0,166.99897760152817
fullmu_mlp_s9712,fullmu_mlp,9712,35,1700,161.41535504622547,0.0,168.33473080396652
fullmu_mlp_s9712,fullmu_mlp,9712,35,1800,161.33577902870928,0.0,168.43798914551735
fullmu_mlp_s9712,fullmu_mlp,9712,35,1900,159.22239636547567,0.0,167.0805912166834
fullmu_mlp_s9712,fullmu_mlp,9712,35,2000,160.72001315830744,0.0,167.96494990587234
fullmu_mlp_s9712,fullmu_mlp,9712,35,2100,162.09281200290712,0.0,168.63393944501877
fullmu_mlp_s9712,fullmu_mlp,9712,35,2200,161.81869986110397,0.0,168.64606595039368
fullmu_mlp_s9712,fullmu_mlp,9712,35,2300,158.1205687964679,0.0,166.39635083079338
fullmu_mlp_s9712,fullmu_mlp,9712,35,2400,162.1851507685875,0.0,168.59408736228943
fullmu_mlp_s9712,fullmu_mlp,9712,35,2500,160.16260008275495,0.0,167.66166418790817
fullmu_mlp_s9712,fullmu_mlp,9712,35,2600,161.01440153735618,0.0,168.22744758427143
fullmu_mlp_s9712,fullmu_mlp,9712,35,2700,164.10887195976025,0.0,170.06587743014097
fullmu_mlp_s9712,fullmu_mlp,9712,35,2800,158.95742313468529,0.0,167.14098469913006
fullmu_mlp_s9712,fullmu_mlp,9712,35,2900,160.3975123226705,0.0,167.69354504346848
fullmu_mlp_s9712,fullmu_mlp,9712,35,3000,157.69142738599706,0.0,166.0375733934343
fullmu_mlp_s9712,fullmu_mlp,9712,35,3100,162.7370759275504,0.0,169.4343545436859
fullmu_mlp_s9712,fullmu_mlp,9712,35,3200,161.03643314321877,0.0,168.36516872048378
fullmu_mlp_s9712,fullmu_mlp,9712,35,3300,163.23859750200768,0.0,169.75440484285355
fullmu_mlp_s9712,fullmu_mlp,9712,35,3400,163.6678720866966,0.0,170.19396921992302
fullmu_mlp_s9712,fullmu_mlp,9712,35,3500,160.06525195917214,0.0,167.65159267187119
fullmu_mlp_s9712,fullmu_mlp,9712,35,3600,158.85630409414748,0.0,166.8578479886055
fullmu_mlp_s9712,fullmu_mlp,9712,35,3700,162.4826911956441,0.0,168.7418606877327
fullmu_mlp_s9712,fullmu_mlp,9712,35,3800,158.03577400866027,0.0,166.34275043010712
fullmu_mlp_s9712,fullmu_mlp,9712,35,3900,162.24638860156932,0.0,169.14028057456017
fullmu_mlp_s9712,fullmu_mlp,9712,36,0,36.668576955484944,0.0006256247870624065,58.73932102822414
fullmu_mlp_s9712,fullmu_mlp,9712,36,100,154.17062324086305,0.0,160.84058010578156
fullmu_mlp_s9712,fullmu_mlp,9712,36,200,161.42848854864758,0.0,167.79401981830597
fullmu_mlp_s9712,fullmu_mlp,9712,36,300,159.19230947937618,0.0,167.2386574447155
fullmu_mlp_s9712,fullmu_mlp,9712,36,400,161.85641855623385,0.0,168.6448438167572
fullmu_mlp_s9712,fullmu_mlp,9712,36,500,162.4526261114371,0.0,169.01827997900546
fullmu_mlp_s9712,fullmu_mlp,9712,36,600,157.55731559427113,0.0,165.8870873451233
fullmu_mlp_s9712,fullmu_mlp,9712,36,700,159.709287819253,0.0,167.28713428974152
fullmu_mlp_s9712,fullmu_mlp,9712,36,800,159.4297922120894,0.0,167.00401815166697
fullmu_mlp_s9712,fullmu_mlp,9712,36,900,160.39503344529265,0.0,168.166534781456
fullmu_mlp_s9712,fullmu_mlp,9712,36,1000,158.21526666117364,0.0,166.49703416228294
fullmu_mlp_s9712,fullmu_mlp,9712,36,1100,157.831855117866,0.0,166.14135341346264
fullmu_mlp_s9712,fullmu_mlp,9712,36,1200,162.04331995209856,0.0,168.94880771636963
fullmu_mlp_s9712,fullmu_mlp,9712,36,1300,162.93707268870259,0.0,169.50360810756683
fullmu_mlp_s9712,fullmu_mlp,9712,36,1400,162.19852820684616,0.0,168.6110463142395
fullmu_mlp_s9712,fullmu_mlp,9712,36,1500,161.05045364933065,0.0,168.06565165519714
fullmu_mlp_s9712,fullmu_mlp,9712,36,1600,161.07763785661058,0.0,167.93482172489166
fullmu_mlp_s9712,fullmu_mlp,9712,36,1700,165.28277478555967,0.0,170.80486643314362
fullmu_mlp_s9712,fullmu_mlp,9712,36,1800,159.8610734343957,0.0,167.22388815879822
fullmu_mlp_s9712,fullmu_mlp,9712,36,1900,163.30555670843947,0.0,169.65601581335068
fullmu_mlp_s9712,fullmu_mlp,9712,36,2000,162.51316019189892,0.0,169.15909750759602
fullmu_mlp_s9712,fullmu_mlp,9712,36,2100,158.6474600465893,0.0,166.52045863866806
fullmu_mlp_s9712,fullmu_mlp,9712,36,2200,164.96388784240023,0.0,170.69626599550247
fullmu_mlp_s9712,fullmu_mlp,9712,36,2300,160.05984400146565,0.0,167.6521793603897
fullmu_mlp_s9712,fullmu_mlp,9712,36,2400,158.82657865721276,0.0,166.93616670370102
fullmu_mlp_s9712,fullmu_mlp,9712,36,2500,161.31736089120344,0.0,168.28835609555244
fullmu_mlp_s9712,fullmu_mlp,9712,36,2600,162.29210154230657,0.0,169.05677571892738
fullmu_mlp_s9712,fullmu_mlp,9712,36,2700,157.43129521125744,0.0,166.29418992996216
fullmu_mlp_s9712,fullmu_mlp,9712,36,2800,160.56832931783651,0.0,167.7048595547676
fullmu_mlp_s9712,fullmu_mlp,9712,36,2900,161.98468545454472,0.0,169.00867485348135
fullmu_mlp_s9712,fullmu_mlp,9712,36,3000,162.51875942434097,0.0,169.0457269512117
fullmu_mlp_s9712,fullmu_mlp,9712,36,3100,161.14500301891334,0.0,168.20108704268932
fullmu_mlp_s9712,fullmu_mlp,9712,36,3200,157.49618967884967,0.0,165.84098410606384
fullmu_mlp_s9712,fullmu_mlp,9712,36,3300,156.32900540638312,0.0,165.0853994563222
fullmu_mlp_s9712,fullmu_mlp,9712,36,3400,161.843320547313,0.0,168.7729120850563
fullmu_mlp_s9712,fullmu_mlp,9712,36,3500,163.35993515664236,0.0,169.63090062141418
fullmu_mlp_s9712,fullmu_mlp,9712,36,3600,157.96996855167706,0.0,166.45582512021065
fullmu_mlp_s9712,fullmu_mlp,9712,36,3700,163.17516661142605,0.0,169.35505467653275
fullmu_mlp_s9712,fullmu_mlp,9712,36,3800,159.95795933804652,0.0,167.38532269001007
fullmu_mlp_s9712,fullmu_mlp,9712,36,3900,165.29429370368936,0.0,170.89841520786285
fullmu_mlp_s9712,fullmu_mlp,9712,37,0,36.668576955484944,0.0006256247870624065,58.73932102822414
fullmu_mlp_s9712,fullmu_mlp,9712,37,100,149.68485566751096,0.0,157.7082880139351
fullmu_mlp_s9712,fullmu_mlp,9712,37,200,161.61467652217007,0.0,168.09807538986206
fullmu_mlp_s9712,fullmu_mlp,9712,37,300,158.04896539504836,0.0,166.22889740765095
fullmu_mlp_s9712,fullmu_mlp,9712,37,400,159.1238403954282,0.0,166.88862746953964
fullmu_mlp_s9712,fullmu_mlp,9712,37,500,156.28934178287156,0.0,164.9473056793213
fullmu_mlp_s9712,fullmu_mlp,9712,37,600,158.59269527718757,0.0,166.60091483592987
fullmu_mlp_s9712,fullmu_mlp,9712,37,700,161.24694272703402,0.0,168.56144362688065
fullmu_mlp_s9712,fullmu_mlp,9712,37,800,158.47469867334104,0.0,166.4001403748989
fullmu_mlp_s9712,fullmu_mlp,9712,37,900,165.9388622918615,0.0,171.23751924932003
fullmu_mlp_s9712,fullmu_mlp,9712,37,1000,164.04336996283956,0.0,170.37135460972786
fullmu_mlp_s9712,fullmu_mlp,9712,37,1100,160.084892699976,0.0,167.85391253232956
fullmu_mlp_s9712,fullmu_mlp,9712,37,1200,160.2464724645169,0.0,167.69734543561935
fullmu_mlp_s9712,fullmu_mlp,9712,37,1300,162.98903137132518,0.0,169.46257278323174
fullmu_mlp_s9712,fullmu_mlp,9712,37,1400,161.91495425602176,0.0,168.86399114131927
fullmu_mlp_s9712,fullmu_mlp,9712,37,1500,163.7772191103579,0.0,169.66295719146729
fullmu_mlp_s9712,fullmu_mlp,9712,37,1600,164.20907597801525,0.0,170.1955717355013
fullmu_mlp_s9712,fullmu_mlp,9712,37,1700,163.33901904714506,0.0,169.46912771463394
fullmu_mlp_s9712,fullmu_mlp,9712,37,1800,163.28148179564494,0.0,169.50053334236145
fullmu_mlp_s9712,fullmu_mlp,9712,37,1900,159.0154173955706,0.0,167.16353644430637
fullmu_mlp_s9712,fullmu_mlp,9712,37,2000,157.9566065207643,0.0,166.27957102656364
fullmu_mlp_s9712,fullmu_mlp,9712,37,2100,161.79776336347683,0.0,168.60442906618118
fullmu_mlp_s9712,fullmu_mlp,9712,37,2200,159.33313411915782,0.0,167.13509276509285
fullmu_mlp_s9712,fullmu_mlp,9712,37,2300,156.55380690520104,0.0,165.25844609737396
fullmu_mlp_s9712,fullmu_mlp,9712,37,2400,162.52660413584528,0.0,168.95854288339615
fullmu_mlp_s9712,fullmu_mlp,9712,37,2500,162.0644840096794,0.0,168.778018116951
fullmu_mlp_s9712,fullmu_mlp,9712,37,2600,161.00131676456246,0.0,168.08045932650566
fullmu_mlp_s9712,fullmu_mlp,9712,37,2700,160.0027513689027,0.0,167.50538086891174
fullmu_mlp_s9712,fullmu_mlp,9712,37,2800,160.87467943984296,0.0,168.202313169837
fullmu_mlp_s9712,fullmu_mlp,9712,37,2900,160.16308544188956,0.0,167.90286695957184
fullmu_mlp_s9712,fullmu_mlp,9712,37,3000,165.48131149226327,0.0,171.02821499854326
fullmu_mlp_s9712,fullmu_mlp,9712,37,3100,162.27815541502366,0.0,168.84692311286926
fullmu_mlp_s9712,fullmu_mlp,9712,37,3200,162.06416097445629,0.0,168.7264078259468
fullmu_mlp_s9712,fullmu_mlp,9712,37,3300,160.0716989216314,0.0,167.693216919899
fullmu_mlp_s9712,fullmu_mlp,9712,37,3400,160.00789986185305,0.0,167.1937038898468
fullmu_mlp_s9712,fullmu_mlp,9712,37,3500,165.2376221815007,0.0,170.79147577285767
fullmu_mlp_s9712,fullmu_mlp,9712,37,3600,159.99966626718555,0.0,167.531054854393
fullmu_mlp_s9712,fullmu_mlp,9712,37,3700,160.0475931156004,0.0,167.54013401269913
fullmu_mlp_s9712,fullmu_mlp,9712,37,3800,162.14561822125822,0.0,168.67404747009277
fullmu_mlp_s9712,fullmu_mlp,9712,37,3900,160.4972853765362,0.0,167.72373741865158
fullmu_mlp_s9712,fullmu_mlp,9712,38,0,36.668576955484944,0.0006256247870624065,58.73932102822414
fullmu_mlp_s9712,fullmu_mlp,9712,38,100,147.51513436032477,0.0,156.10297621041536
fullmu_mlp_s9712,fullmu_mlp,9712,38,200,163.94265542832255,0.0,169.46882766485214
fullmu_mlp_s9712,fullmu_mlp,9712,38,300,159.2500933249132,0.0,166.87376880645752
fullmu_mlp_s9712,fullmu_mlp,9712,38,400,161.19791211194806,0.0,168.26757967472076
fullmu_mlp_s9712,fullmu_mlp,9712,38,500,157.7597301633976,0.0,166.25073638558388
fullmu_mlp_s9712,fullmu_mlp,9712,38,600,157.71632016261796,0.0,166.16821111738682
fullmu_mlp_s9712,fullmu_mlp,9712,38,700,160.52222887437853,0.0,167.742123067379
fullmu_mlp_s9712,fullmu_mlp,9712,38,800,163.1610052495181,0.0,169.83824396133423
fullmu_mlp_s9712,fullmu_mlp,9712,38,900,159.76399903237953,0.0,167.5267613530159
fullmu_mlp_s9712,fullmu_mlp,9712,38,1000,158.154515049249,0.0,166.36200645565987
fullmu_mlp_s9712,fullmu_mlp,9712,38,1100,158.56135831083557,0.0,166.84816539287567
fullmu_mlp_s9712,fullmu_mlp,9712,38,1200,160.74227075217993,0.0,168.02892502956092
fullmu_mlp_s9712,fullmu_mlp,9712,38,1300,160.10101665119194,0.0,167.7414184808731
fullmu_mlp_s9712,fullmu_mlp,9712,38,1400,162.58006428857567,0.0,169.71398389339447
fullmu_mlp_s9712,fullmu_mlp,9712,38,1500,161.1982771598173,0.0,168.15326230227947
fullmu_mlp_s9712,fullmu_mlp,9712,38,1600,157.49562539764833,0.0,165.90182554721832
fullmu_mlp_s9712,fullmu_mlp,9712,38,1700,157.62347095953714,0.0,165.93009555339813
fullmu_mlp_s9712,fullmu_mlp,9712,38,1800,156.72760867557668,0.0,165.29704439640045
fullmu_mlp_s9712,fullmu_mlp,9712,38,1900,162.38785492728022,0.0,168.85881274938583
fullmu_mlp_s9712,fullmu_mlp,9712,38,2000,164.5913189616766,0.0,170.60963732004166
fullmu_mlp_s9712,fullmu_mlp,9712,38,2100,167.00235466768845,0.0,171.92951661348343
fullmu_mlp_s9712,fullmu_mlp,9712,38,2200,163.15254926044835,0.0,169.79763746261597
fullmu_mlp_s9712,fullmu_mlp,9712,38,2300,163.91477177868657,0.0,169.95060539245605
fullmu_mlp_s9712,fullmu_mlp,9712,38,2400,162.24165159139167,0.0,168.9994050860405
fullmu_mlp_s9712,fullmu_mlp,9712,38,2500,165.27482501463453,0.0,170.799899995327
fullmu_mlp_s9712,fullmu_mlp,9712,38,2600,164.6285240687687,0.0,170.55922758579254
fullmu_mlp_s9712,fullmu_mlp,9712,38,2700,159.1992910411037,0.0,167.3098884522915
fullmu_mlp_s9712,fullmu_mlp,9712,38,2800,159.03845387424886,0.0,167.04417384043336
fullmu_mlp_s9712,fullmu_mlp,9712,38,2900,157.66495640358173,0.0,165.97269505262375
fullmu_mlp_s9712,fullmu_mlp,9712,38,3000,165.2433444880446,0.0,170.73941242694855
fullmu_mlp_s9712,fullmu_mlp,9712,38,3100,163.465653934631,0.0,170.1535850763321
fullmu_mlp_s9712,fullmu_mlp,9712,38,3200,159.3514115559801,0.0,167.1693433523178
fullmu_mlp_s9712,fullmu_mlp,9712,38,3300,160.49806120507307,0.0,167.9940550327301
fullmu_mlp_s9712,fullmu_mlp,9712,38,3400,161.61004294887226,0.0,168.61101710796356
fullmu_mlp_s9712,fullmu_mlp,9712,38,3500,162.62898453214882,0.0,169.35978639125824
fullmu_mlp_s9712,fullmu_mlp,9712,38,3600,163.76135691558383,0.0,169.7981003522873
fullmu_mlp_s9712,fullmu_mlp,9712,38,3700,158.86415778127397,0.0,166.88893961906433
fullmu_mlp_s9712,fullmu_mlp,9712,38,3800,159.676081711797,0.0,167.19525375962257
fullmu_mlp_s9712,fullmu_mlp,9712,38,3900,163.48883889131884,0.0,169.70796275138855
fullmu_mlp_s9712,fullmu_mlp,9712,39,0,36.668576955484944,0.0006256247870624065,58.73932102822414
fullmu_mlp_s9712,fullmu_mlp,9712,39,100,151.80982354358162,0.0,159.14178439974785
fullmu_mlp_s9712,fullmu_mlp,9712,39,200,160.01295703858491,0.0,167.10147342085838
fullmu_mlp_s9712,fullmu_mlp,9712,39,300,162.13959360477384,0.0,168.8560825586319
fullmu_mlp_s9712,fullmu_mlp,9712,39,400,160.15844673230725,0.0,167.58068150281906
fullmu_mlp_s9712,fullmu_mlp,9712,39,500,161.11371809205593,0.0,168.17091378569603
fullmu_mlp_s9712,fullmu_mlp,9712,39,600,159.01179044867516,0.0,166.59851551055908
fullmu_mlp_s9712,fullmu_mlp,9712,39,700,159.0851633889894,0.0,166.97423589229584
fullmu_mlp_s9712,fullmu_mlp,9712,39,800,160.1067082022724,0.0,167.47485959529877
fullmu_mlp_s9712,fullmu_mlp,9712,39,900,161.95005072491003,0.0,168.6061822772026
fullmu_mlp_s9712,fullmu_mlp,9712,39,1000,161.9893242795635,0.0,168.76260328292847
fullmu_mlp_s9712,fullmu_mlp,9712,39,1100,161.41047281361477,0.0,168.43384912610054
fullmu_mlp_s9712,fullmu_mlp,9712,39,1200,162.6375803400113,0.0,168.92370307445526
fullmu_mlp_s9712,fullmu_mlp,9712,39,1300,161.3473349554444,0.0,168.0962824895978
fullmu_mlp_s9712,fullmu_mlp,9712,39,1400,162.44531919945413,0.0,169.03178680315614
fullmu_mlp_s9712,fullmu_mlp,9712,39,1500,160.11425733234293,0.0,167.43546494841576
fullmu_mlp_s9712,fullmu_mlp,9712,39,1600,164.16377665027844,0.0,169.9311210513115
fullmu_mlp_s9712,fullmu_mlp,9712,39,1700,158.96650241016772,0.0,166.75959891080856
fullmu_mlp_s9712,fullmu_mlp,9712,39,1800,161.21652035548794,0.0,167.9722642302513
fullmu_mlp_s9712,fullmu_mlp,9712,39,1900,163.3616702142995,0.0,169.56580185890198
fullmu_mlp_s9712,fullmu_mlp,9712,39,2000,162.1178583875819,0.0,168.86955028772354
fullmu_mlp_s9712,fullmu_mlp,9712,39,2100,160.34409591761536,0.0,167.61802524328232
fullmu_mlp_s9712,fullmu_mlp,9712,39,2200,163.7561446175641,0.0,169.71219861507416
fullmu_mlp_s9712,fullmu_mlp,9712,39,2300,159.33247243146715,0.0,167.53138935565948
fullmu_mlp_s9712,fullmu_mlp,9712,39,2400,159.13570421780196,0.0,166.74381136894226
fullmu_mlp_s9712,fullmu_mlp,9712,39,2500,159.00760358703417,0.0,166.80919182300568
fullmu_mlp_s9712,fullmu_mlp,9712,39,2600,160.5931589469841,0.0,167.69103264808655
fullmu_mlp_s9712,fullmu_mlp,9712,39,2700,159.351298314267,0.0,167.50739240646362
fullmu_mlp_s9712,fullmu_mlp,9712,39,2800,160.93237294236002,0.0,167.9170998930931
fullmu_mlp_s9712,fullmu_mlp,9712,39,2900,157.23651987461372,0.0,165.86313825845718
fullmu_mlp_s9712,fullmu_mlp,9712,39,3000,162.8232763001864,0.0,169.07808504253626
fullmu_mlp_s9712,fullmu_mlp,9712,39,3100,162.5321941726596,0.0,169.3748877942562
fullmu_mlp_s9712,fullmu_mlp,9712,39,3200,158.60091825275444,0.0,166.56631869077682
fullmu_mlp_s9712,fullmu_mlp,9712,39,3300,163.21490469938996,0.0,169.38446485996246
fullmu_mlp_s9712,fullmu_mlp,9712,39,3400,162.29597137229158,0.0,169.25221407413483
fullmu_mlp_s9712,fullmu_mlp,9712,39,3500,164.27496952203253,0.0,170.1758795082569
fullmu_mlp_s9712,fullmu_mlp,9712,39,3600,162.49237142918926,0.0,169.15038900077343
fullmu_mlp_s9712,fullmu_mlp,9712,39,3700,162.80071334797884,0.0,169.251498401165
fullmu_mlp_s9712,fullmu_mlp,9712,39,3800,162.1113231379282,0.0,168.9938822388649
fullmu_mlp_s9712,fullmu_mlp,9712,39,3900,157.5876921564753,0.0,166.16907718777657
fullmu_mlp_s9712,fullmu_mlp,9712,40,0,36.668576955484944,0.0006256247870624065,58.73932102822414
fullmu_mlp_s9712,fullmu_mlp,9712,40,100,155.1783154348416,0.0,161.47903457283974
fullmu_mlp_s9712,fullmu_mlp,9712,40,200,158.73077111558695,0.0,166.7335051894188
fullmu_mlp_s9712,fullmu_mlp,9712,40,300,160.60387515412668,0.0,167.94007647037506
fullmu_mlp_s9712,fullmu_mlp,9712,40,400,162.43122884002617,0.0,168.99512374401093
fullmu_mlp_s9712,fullmu_mlp,9712,40,500,161.40201069485124,0.0,168.554760992527
fullmu_mlp_s9712,fullmu_mlp,9712,40,600,158.91643340700693,0.0,166.96863812208176
fullmu_mlp_s9712,fullmu_mlp,9712,40,700,161.34089905492317,0.0,167.98878067731857
fullmu_mlp_s9712,fullmu_mlp,9712,40,800,159.73435438753967,0.0,167.4882608652115
fullmu_mlp_s9712,fullmu_mlp,9712,40,900,160.4588198309499,0.0,167.80571019649506
fullmu_mlp_s9712,fullmu_mlp,9712,40,1000,163.20187397751653,0.0,169.20925442874432
fullmu_mlp_s9712,fullmu_mlp,9712,40,1100,164.09789737845477,0.0,170.0677885711193
fullmu_mlp_s9712,fullmu_mlp,9712,40,1200,156.71825858602375,0.0,165.48718559741974
fullmu_mlp_s9712,fullmu_mlp,9712,40,1300,163.4368982388464,0.0,169.5020055770874
fullmu_mlp_s9712,fullmu_mlp,9712,40,1400,161.58713782639126,0.0,168.32669508457184
fullmu_mlp_s9712,fullmu_mlp,9712,40,1500,160.22052577740598,0.0,167.41773849725723
fullmu_mlp_s9712,fullmu_mlp,9712,40,1600,160.39534648011218,0.0,167.41251456737518
fullmu_mlp_s9712,fullmu_mlp,9712,40,1700,159.7741047799047,0.0,167.31451669335365
fullmu_mlp_s9712,fullmu_mlp,9712,40,1800,161.60066944706816,0.0,168.27201136946678
fullmu_mlp_s9712,fullmu_mlp,9712,40,1900,161.30440082026254,0.0,168.59677749872208
fullmu_mlp_s9712,fullmu_mlp,9712,40,2000,160.88892803078105,0.0,167.9272313117981
fullmu_mlp_s9712,fullmu_mlp,9712,40,2100,160.3250901507187,0.0,167.69801580905914
fullmu_mlp_s9712,fullmu_mlp,9712,40,2200,162.87986868231297,0.0,169.41718539595604
fullmu_mlp_s9712,fullmu_mlp,9712,40,2300,159.3826548045191,0.0,167.04111451283097
fullmu_mlp_s9712,fullmu_mlp,9712,40,2400,156.99770925478146,0.0,165.54968124628067
fullmu_mlp_s9712,fullmu_mlp,9712,40,2500,164.24105096644672,0.0,170.07301685214043
fullmu_mlp_s9712,fullmu_mlp,9712,40,2600,160.69807008267,0.0,167.77642840147018
fullmu_mlp_s9712,fullmu_mlp,9712,40,2700,159.1711170924611,0.0,166.9037983417511
fullmu_mlp_s9712,fullmu_mlp,9712,40,2800,164.9190128558037,0.0,170.46719041466713
fullmu_mlp_s9712,fullmu_mlp,9712,40,2900,160.46721328594836,0.0,167.9247733950615
fullmu_mlp_s9712,fullmu_mlp,9712,40,3000,158.2170554392009,0.0,166.58366096019745
fullmu_mlp_s9712,fullmu_mlp,9712,40,3100,160.21049844087344,0.0,167.50170767307281
fullmu_mlp_s9712,fullmu_mlp,9712,40,3200,161.12358458484076,0.0,168.4134919345379
fullmu_mlp_s9712,fullmu_mlp,9712,40,3300,161.64499151597624,0.0,168.35598307847977
fullmu_mlp_s9712,fullmu_mlp,9712,40,3400,160.61403873634015,0.0,168.26769080758095
fullmu_mlp_s9712,fullmu_mlp,9712,40,3500,163.30756159099005,0.0,169.61041903495789
fullmu_mlp_s9712,fullmu_mlp,9712,40,3600,164.77615495241213,0.0,170.36936098337173
fullmu_mlp_s9712,fullmu_mlp,9712,40,3700,158.55807802050072,0.0,166.83592158555984
fullmu_mlp_s9712,fullmu_mlp,9712,40,3800,159.18474349378525,0.0,167.00207729660906
fullmu_mlp_s9712,fullmu_mlp,9712,40,3900,161.95849955707695,0.0,168.40991827845573
fullmu_mlp_s9712,fullmu_mlp,9712,41,0,36.668576955484944,0.0006256247870624065,58.73932102822414
fullmu_mlp_s9712,fullmu_mlp,9712,41,100,148.5500320439708,0.0,157.0776835605502
fullmu_mlp_s9712,fullmu_mlp,9712,41,200,164.30325876866743,0.0,169.71575719118118
fullmu_mlp_s9712,fullmu_mlp,9712,41,300,163.3221763754908,0.0,169.5227015018463
fullmu_mlp_s9712,fullmu_mlp,9712,41,400,164.3507859942107,0.0,170.1968079060316
fullmu_mlp_s9712,fullmu_mlp,9712,41,500,163.98321154095498,0.0,170.16571301221848
fullmu_mlp_s9712,fullmu_mlp,9712,41,600,159.32043717137068,0.0,167.2981657087803
fullmu_mlp_s9712,fullmu_mlp,9712,41,700,157.9049982621157,0.0,165.96194350719452
fullmu_mlp_s9712,fullmu_mlp,9712,41,800,162.30735266612461,0.0,169.02635871060193
fullmu_mlp_s9712,fullmu_mlp,9712,41,900,160.0065162844173,0.0,167.6071674823761
fullmu_mlp_s9712,fullmu_mlp,9712,41,1000,163.73920403550574,0.0,169.87123256921768
fullmu_mlp_s9712,fullmu_mlp,9712,41,1100,160.5801432965289,0.0,167.9620230793953
fullmu_mlp_s9712,fullmu_mlp,9712,41,1200,159.03119294394,0.0,166.8120139837265
fullmu_mlp_s9712,fullmu_mlp,9712,41,1300,162.6851072929833,0.0,169.03415401279926
fullmu_mlp_s9712,fullmu_mlp,9712,41,1400,160.16419394077806,0.0,167.90746241807938
fullmu_mlp_s9712,fullmu_mlp,9712,41,1500,159.45815326492618,0.0,167.34679102897644
fullmu_mlp_s9712,fullmu_mlp,9712,41,1600,162.77028894520268,0.0,168.9463552236557
fullmu_mlp_s9712,fullmu_mlp,9712,41,1700,162.00695587906046,0.0,168.94039887189865
fullmu_mlp_s9712,fullmu_mlp,9712,41,1800,163.44935114772412,0.0,169.868758559227
fullmu_mlp_s9712,fullmu_mlp,9712,41,1900,161.31232868610542,0.0,168.08924421668053
fullmu_mlp_s9712,fullmu_mlp,9712,41,2000,162.74393040233713,0.0,169.46433809399605
fullmu_mlp_s9712,fullmu_mlp,9712,41,2100,160.32526785796603,0.0,167.41488018631935
fullmu_mlp_s9712,fullmu_mlp,9712,41,2200,157.58839995976652,0.0,166.0513084642589
fullmu_mlp_s9712,fullmu_mlp,9712,41,2300,162.30279299256682,0.0,169.39821863174438
fullmu_mlp_s9712,fullmu_mlp,9712,41,2400,162.3670229974266,0.0,169.02360781095922
fullmu_mlp_s9712,fullmu_mlp,9712,41,2500,161.33031883601015,0.0,168.6270102262497
fullmu_mlp_s9712,fullmu_mlp,9712,41,2600,163.9355144324343,0.0,169.6993482708931
fullmu_mlp_s9712,fullmu_mlp,9712,41,2700,166.29260970448,0.0,171.64670586585999
fullmu_mlp_s9712,fullmu_mlp,9712,41,2800,164.43283726352706,0.0,170.68914198875427
fullmu_mlp_s9712,fullmu_mlp,9712,41,2900,164.92420962077995,0.0,170.92894196510315
fullmu_mlp_s9712,fullmu_mlp,9712,41,3000,161.95700958435893,0.0,169.0657291561365
fullmu_mlp_s9712,fullmu_mlp,9712,41,3100,160.96001864151782,0.0,168.02017377875745
fullmu_mlp_s9712,fullmu_mlp,9712,41,3200,162.22152540050112,0.0,168.53679245710373
fullmu_mlp_s9712,fullmu_mlp,9712,41,3300,163.157989702663,0.0,169.3399249613285
fullmu_mlp_s9712,fullmu_mlp,9712,41,3400,163.1177802210974,0.0,169.73160749673843
fullmu_mlp_s9712,fullmu_mlp,9712,41,3500,160.8110263818502,0.0,167.84083378314972
fullmu_mlp_s9712,fullmu_mlp,9712,41,3600,164.35722964192976,0.0,169.97289580106735
fullmu_mlp_s9712,fullmu_mlp,9712,41,3700,164.0166159444488,0.0,170.18991500139236
fullmu_mlp_s9712,fullmu_mlp,9712,41,3800,161.58736864119228,0.0,168.48435786366463
fullmu_mlp_s9712,fullmu_mlp,9712,41,3900,160.63612004342775,0.0,167.80013608932495
fullmu_mlp_s9713,fullmu_mlp,9713,30,0,36.668576955484944,0.0006256247870624065,58.73932102822414
fullmu_mlp_s9713,fullmu_mlp,9713,30,100,151.20522408083355,0.0,158.62957328557968
fullmu_mlp_s9713,fullmu_mlp,9713,30,200,157.2213991521437,0.0,164.7863768339157
fullmu_mlp_s9713,fullmu_mlp,9713,30,300,162.73881536086867,0.0,168.90342944860458
fullmu_mlp_s9713,fullmu_mlp,9713,30,400,161.71391015533027,0.0,168.3966574370861
fullmu_mlp_s9713,fullmu_mlp,9713,30,500,159.38762258945314,0.0,166.64771366119385
fullmu_mlp_s9713,fullmu_mlp,9713,30,600,164.73718259722136,0.0,170.53335613012314
fullmu_mlp_s9713,fullmu_mlp,9713,30,700,161.71419466122074,0.0,168.53978568315506
fullmu_mlp_s9713,fullmu_mlp,9713,30,800,160.22651797742637,0.0,167.37950336933136
fullmu_mlp_s9713,fullmu_mlp,9713,30,900,160.30481064898024,0.0,167.87468075752258
fullmu_mlp_s9713,fullmu_mlp,9713,30,1000,160.39527249291277,0.0,167.02049556933343
fullmu_mlp_s9713,fullmu_mlp,9713,30,1100,159.1807426218191,0.0,166.33828508853912
fullmu_mlp_s9713,fullmu_mlp,9713,30,1200,164.31837063693413,0.0,169.98057502508163
fullmu_mlp_s9713,fullmu_mlp,9713,30,1300,160.95016140462351,0.0,168.1919987797737
fullmu_mlp_s9713,fullmu_mlp,9713,30,1400,161.21999407659413,0.0,167.7517054080963
fullmu_mlp_s9713,fullmu_mlp,9713,30,1500,165.7150068939506,0.0,171.0382954776287
fullmu_mlp_s9713,fullmu_mlp,9713,30,1600,164.2953079581637,0.0,170.39998573064804
fullmu_mlp_s9713,fullmu_mlp,9713,30,1700,154.88706382743933,0.0,163.92001748085022
fullmu_mlp_s9713,fullmu_mlp,9713,30,1800,160.7812096040583,0.0,167.45837637782097
fullmu_mlp_s9713,fullmu_mlp,9713,30,1900,165.4585445990138,0.0,170.96039313077927
fullmu_mlp_s9713,fullmu_mlp,9713,30,2000,160.25163897831055,0.0,167.7373640537262
fullmu_mlp_s9713,fullmu_mlp,9713,30,2100,157.69720989154752,0.0,165.53085833787918
fullmu_mlp_s9713,fullmu_mlp,9713,30,2200,159.43907677802352,0.0,166.56098687648773
fullmu_mlp_s9713,fullmu_mlp,9713,30,2300,159.0381872958104,0.0,166.67294305562973
fullmu_mlp_s9713,fullmu_mlp,9713,30,2400,160.26003097884922,0.0,167.48802730441093
fullmu_mlp_s9713,fullmu_mlp,9713,30,2500,163.60720081676664,0.0,169.32391569018364
fullmu_mlp_s9713,fullmu_mlp,9713,30,2600,161.10043195291283,0.0,168.39197298884392
fullmu_mlp_s9713,fullmu_mlp,9713,30,2700,160.79388044132617,0.0,167.71585547924042
fullmu_mlp_s9713,fullmu_mlp,9713,30,2800,159.50111838445682,0.0,166.96833324432373
fullmu_mlp_s9713,fullmu_mlp,9713,30,2900,163.4863786809187,0.0,169.40296652913094
fullmu_mlp_s9713,fullmu_mlp,9713,30,3000,157.58543894160778,0.0,165.94295340776443
fullmu_mlp_s9713,fullmu_mlp,9713,30,3100,160.19662342763596,0.0,167.4265461564064
fullmu_mlp_s9713,fullmu_mlp,9713,30,3200,160.0392574142328,0.0,167.16661077737808
fullmu_mlp_s9713,fullmu_mlp,9713,30,3300,161.42715732027364,0.0,168.43450635671616
fullmu_mlp_s9713,fullmu_mlp,9713,30,3400,161.62323915568606,0.0,168.44900089502335
fullmu_mlp_s9713,fullmu_mlp,9713,30,3500,160.02609320700267,0.0,167.7578677535057
fullmu_mlp_s9713,fullmu_mlp,9713,30,3600,158.27038375258252,0.0,166.4208587706089
fullmu_mlp_s9713,fullmu_mlp,9713,30,3700,159.855518891188,0.0,166.72471475601196
fullmu_mlp_s9713,fullmu_mlp,9713,30,3800,162.01000419393608,0.0,168.48265439271927
fullmu_mlp_s9713,fullmu_mlp,9713,30,3900,165.0801876176554,0.0,170.47270733118057
fullmu_mlp_s9713,fullmu_mlp,9713,31,0,36.668576955484944,0.0006256247870624065,58.73932102822414
fullmu_mlp_s9713,fullmu_mlp,9713,31,100,151.39070944000895,0.0,158.84005725383759
fullmu_mlp_s9713,fullmu_mlp,9713,31,200,157.2975842565466,0.0,165.01749231666327
fullmu_mlp_s9713,fullmu_mlp,9713,31,300,157.83737578819404,0.0,165.61417508125305
fullmu_mlp_s9713,fullmu_mlp,9713,31,400,162.48062270911177,0.0,168.29966205358505
fullmu_mlp_s9713,fullmu_mlp,9713,31,500,160.3113572902829,0.0,167.7178265452385
fullmu_mlp_s9713,fullmu_mlp,9713,31,600,158.06443625556255,0.0,165.75579297542572
fullmu_mlp_s9713,fullmu_mlp,9713,31,700,161.06260100101224,0.0,167.91954505443573
fullmu_mlp_s9713,fullmu_mlp,9713,31,800,158.28434091106232,0.0,165.771109521389
fullmu_mlp_s9713,fullmu_mlp,9713,31,900,157.64483543073797,0.0,165.32417359948158
fullmu_mlp_s9713,fullmu_mlp,9713,31,1000,159.09316901578308,0.0,166.2173222899437
fullmu_mlp_s9713,fullmu_mlp,9713,31,1100,163.79862944163844,0.0,169.4875215291977
fullmu_mlp_s9713,fullmu_mlp,9713,31,1200,158.4238322258683,0.0,166.77612060308456
fullmu_mlp_s9713,fullmu_mlp,9713,31,1300,162.73305204625265,0.0,168.7825509905815
fullmu_mlp_s9713,fullmu_mlp,9713,31,1400,158.88479814930466,0.0,166.56077378988266
fullmu_mlp_s9713,fullmu_mlp,9713,31,1500,161.21640506476004,0.0,167.81063377857208
fullmu_mlp_s9713,fullmu_mlp,9713,31,1600,160.13588455821596,0.0,167.34552043676376
fullmu_mlp_s9713,fullmu_mlp,9713,31,1700,161.4212787662324,0.0,168.25886183977127
fullmu_mlp_s9713,fullmu_mlp,9713,31,1800,158.5232244780823,0.0,166.29430517554283
fullmu_mlp_s9713,fullmu_mlp,9713,31,1900,163.03009639245013,0.0,168.8361918926239
fullmu_mlp_s9713,fullmu_mlp,9713,31,2000,160.75055525230005,0.0,167.887435734272
fullmu_mlp_s9713,fullmu_mlp,9713,31,2100,162.89074670059338,0.0,169.30590176582336
fullmu_mlp_s9713,fullmu_mlp,9713,31,2200,160.56257563089693,0.0,167.94400584697723
fullmu_mlp_s9713,fullmu_mlp,9713,31,2300,159.1137882672096,0.0,166.72160869836807
fullmu_mlp_s9713,fullmu_mlp,9713,31,2400,165.14700184145713,0.0,170.6589189171791
fullmu_mlp_s9713,fullmu_mlp,9713,31,2500,163.76899311072503,0.0,169.76256793737411
fullmu_mlp_s9713,fullmu_mlp,9713,31,2600,164.30476379653962,0.0,169.9820174574852
fullmu_mlp_s9713,fullmu_mlp,9713,31,2700,157.99376690997394,0.0,166.17335703969002
fullmu_mlp_s9713,fullmu_mlp,9713,31,2800,161.1251217670289,0.0,167.76137280464172
fullmu_mlp_s9713,fullmu_mlp,9713,31,2900,161.89984035639378,0.0,168.16799591481686
fullmu_mlp_s9713,fullmu_mlp,9713,31,3000,159.20495009750388,0.0,166.6032047867775
fullmu_mlp_s9713,fullmu_mlp,9713,31,3100,163.1161171262609,0.0,169.0811510682106
fullmu_mlp_s9713,fullmu_mlp,9713,31,3200,164.59290192108045,0.0,170.44604021310806
fullmu_mlp_s9713,fullmu_mlp,9713,31,3300,163.69201642118966,0.0,169.8699164390564
fullmu_mlp_s9713,fullmu_mlp,9713,31,3400,159.49580300495887,0.0,167.04516922309995
fullmu_mlp_s9713,fullmu_mlp,9713,31,3500,158.30881094962928,0.0,166.01458002720028
fullmu_mlp_s9713,fullmu_mlp,9713,31,3600,158.54115593286465,0.0,166.10632460564375
fullmu_mlp_s9713,fullmu_mlp,9713,31,3700,160.33165622323065,0.0,167.4016338288784
fullmu_mlp_s9713,fullmu_mlp,9713,31,3800,161.9734461676339,0.0,168.2666799724102
fullmu_mlp_s9713,fullmu_mlp,9713,31,3900,155.69355019526427,0.0,164.42363786697388
fullmu_mlp_s9713,fullmu_mlp,9713,32,0,36.668576955484944,0.0006256247870624065,58.73932102822414
fullmu_mlp_s9713,fullmu_mlp,9713,32,100,150.2822590085877,0.0,157.9394543170929
fullmu_mlp_s9713,fullmu_mlp,9713,32,200,162.22192237697303,0.0,168.341373950243
fullmu_mlp_s9713,fullmu_mlp,9713,32,300,158.69117872888097,0.0,166.14686304330826
fullmu_mlp_s9713,fullmu_mlp,9713,32,400,163.3816339496691,0.0,169.66059333086014
fullmu_mlp_s9713,fullmu_mlp,9713,32,500,161.9062902877508,0.0,168.04078110679984
fullmu_mlp_s9713,fullmu_mlp,9713,32,600,161.68688513372484,0.0,167.92081719636917
fullmu_mlp_s9713,fullmu_mlp,9713,32,700,158.81654667193638,0.0,166.48024356365204
fullmu_mlp_s9713,fullmu_mlp,9713,32,800,161.8506774405414,0.0,168.10259783267975
fullmu_mlp_s9713,fullmu_mlp,9713,32,900,163.02520731420555,0.0,169.55150604248047
fullmu_mlp_s9713,fullmu_mlp,9713,32,1000,158.1644562265367,0.0,165.85240072011948
fullmu_mlp_s9713,fullmu_mlp,9713,32,1100,162.8044511995821,0.0,168.711727976799
fullmu_mlp_s9713,fullmu_mlp,9713,32,1200,164.54055993285695,0.0,170.08374800533056
fullmu_mlp_s9713,fullmu_mlp,9713,32,1300,162.23846585370464,0.0,168.64682644605637
fullmu_mlp_s9713,fullmu_mlp,9713,32,1400,161.97365965310502,0.0,168.6099870800972
fullmu_mlp_s9713,fullmu_mlp,9713,32,1500,159.13986096586723,0.0,166.6566156744957
fullmu_mlp_s9713,fullmu_mlp,9713,32,1600,163.5419638540953,0.0,169.32215908169746
fullmu_mlp_s9713,fullmu_mlp,9713,32,1700,163.07315780393614,0.0,169.52266079187393
fullmu_mlp_s9713,fullmu_mlp,9713,32,1800,160.75577492915772,0.0,167.9805536866188
fullmu_mlp_s9713,fullmu_mlp,9713,32,1900,161.99578589775908,0.0,168.5087934732437
fullmu_mlp_s9713,fullmu_mlp,9713,32,2000,160.81080846045876,0.0,167.79948288202286
fullmu_mlp_s9713,fullmu_mlp,9713,32,2100,160.8583161972723,0.0,167.5538809299469
fullmu_mlp_s9713,fullmu_mlp,9713,32,2200,157.88889219375542,0.0,165.45873168110847
fullmu_mlp_s9713,fullmu_mlp,9713,32,2300,162.05693795459737,0.0,168.6175747513771
fullmu_mlp_s9713,fullmu_mlp,9713,32,2400,159.08872505273283,0.0,166.1453741490841
fullmu_mlp_s9713,fullmu_mlp,9713,32,2500,158.36818573772206,0.0,166.15185944736004
fullmu_mlp_s9713,fullmu_mlp,9713,32,2600,161.93193176527254,0.0,167.94071459770203
fullmu_mlp_s9713,fullmu_mlp,9713,32,2700,160.7539402701024,0.0,168.23927822709084
fullmu_mlp_s9713,fullmu_mlp,9713,32,2800,156.62388571610018,0.0,165.03078800439835
fullmu_mlp_s9713,fullmu_mlp,9713,32,2900,160.51324181122317,0.0,167.28135055303574
fullmu_mlp_s9713,fullmu_mlp,9713,32,3000,160.94899447295052,0.0,167.41204500198364
fullmu_mlp_s9713,fullmu_mlp,9713,32,3100,158.3645572742717,0.0,166.40444749593735
fullmu_mlp_s9713,fullmu_mlp,9713,32,3200,159.5680101115858,0.0,166.7385540008545
fullmu_mlp_s9713,fullmu_mlp,9713,32,3300,159.2525477420461,0.0,166.7382471561432
fullmu_mlp_s9713,fullmu_mlp,9713,32,3400,161.13862710907222,0.0,167.95793688297272
fullmu_mlp_s9713,fullmu_mlp,9713,32,3500,159.62189055537786,0.0,167.46887850761414
fullmu_mlp_s9713,fullmu_mlp,9713,32,3600,160.57096340641388,0.0,167.31090104579926
fullmu_mlp_s9713,fullmu_mlp,9713,32,3700,156.09154861062598,0.0,164.3539488017559
fullmu_mlp_s9713,fullmu_mlp,9713,32,3800,159.44979164982237,0.0,166.35896629095078
fullmu_mlp_s9713,fullmu_mlp,9713,32,3900,163.98690985240353,0.0,169.87421548366547
fullmu_mlp_s9713,fullmu_mlp,9713,33,0,36.668576955484944,0.0006256247870624065,58.73932102822414
fullmu_mlp_s9713,fullmu_mlp,9713,33,100,149.85296110266853,0.0,157.77140921354294
fullmu_mlp_s9713,fullmu_mlp,9713,33,200,161.2207859597687,0.0,167.53739458322525
fullmu_mlp_s9713,fullmu_mlp,9713,33,300,165.47957738052796,0.0,170.76711493730545
fullmu_mlp_s9713,fullmu_mlp,9713,33,400,160.87519420849455,0.0,168.3704176545143
fullmu_mlp_s9713,fullmu_mlp,9713,33,500,160.39256788602765,0.0,167.8456690311432
fullmu_mlp_s9713,fullmu_mlp,9713,33,600,158.92812466155428,0.0,166.6835265159607
fullmu_mlp_s9713,fullmu_mlp,9713,33,700,162.97327882868854,0.0,168.862923681736
fullmu_mlp_s9713,fullmu_mlp,9713,33,800,156.554154014231,0.0,165.27846696972847
fullmu_mlp_s9713,fullmu_mlp,9713,33,900,163.66271360614545,0.0,169.47335267066956
fullmu_mlp_s9713,fullmu_mlp,9713,33,1000,159.6182785159407,0.0,166.89502036571503
fullmu_mlp_s9713,fullmu_mlp,9713,33,1100,156.74990813095278,0.0,165.10018245130777
fullmu_mlp_s9713,fullmu_mlp,9713,33,1200,158.3074216139563,0.0,165.45449036359787
fullmu_mlp_s9713,fullmu_mlp,9713,33,1300,161.3939436507892,0.0,167.4403973221779
fullmu_mlp_s9713,fullmu_mlp,9713,33,1400,161.06644241289604,0.0,167.9279669523239
fullmu_mlp_s9713,fullmu_mlp,9713,33,1500,160.44563733959163,0.0,167.92255127429962
fullmu_mlp_s9713,fullmu_mlp,9713,33,1600,162.2293953041197,0.0,168.6563731431961
fullmu_mlp_s9713,fullmu_mlp,9713,33,1700,158.6023243394933,0.0,166.06258106976748
fullmu_mlp_s9713,fullmu_mlp,9713,33,1800,158.34112048843153,0.0,165.8570802807808
fullmu_mlp_s9713,fullmu_mlp,9713,33,1900,160.92527692884227,0.0,167.75647288560867
fullmu_mlp_s9713,fullmu_mlp,9713,33,2000,160.7854897507486,0.0,168.38147008419037
fullmu_mlp_s9713,fullmu_mlp,9713,33,2100,157.8552501399698,0.0,165.6579414010048
fullmu_mlp_s9713,fullmu_mlp,9713,33,2200,158.64455368969286,0.0,166.36006119847298
fullmu_mlp_s9713,fullmu_mlp,9713,33,2300,160.65535581773352,0.0,167.29490453004837
fullmu_mlp_s9713,fullmu_mlp,9713,33,2400,160.44100399836483,0.0,167.07396702468395
fullmu_mlp_s9713,fullmu_mlp,9713,33,2500,159.14474602876328,0.0,166.90745097398758
fullmu_mlp_s9713,fullmu_mlp,9713,33,2600,158.267666693033,0.0,165.88381069898605
fullmu_mlp_s9713,fullmu_mlp,9713,33,2700,159.26833328642962,0.0,166.40604797005653
fullmu_mlp_s9713,fullmu_mlp,9713,33,2800,161.61018187047316,0.0,167.92817497253418
fullmu_mlp_s9713,fullmu_mlp,9713,33,2900,164.04968514577206,0.0,169.96004408597946
fullmu_mlp_s9713,fullmu_mlp,9713,33,3000,161.3249135515668,0.0,168.48471641540527
fullmu_mlp_s9713,fullmu_mlp,9713,33,3100,158.11108810526483,0.0,166.157604560256
fullmu_mlp_s9713,fullmu_mlp,9713,33,3200,157.17315764639505,0.0,165.7117885351181
fullmu_mlp_s9713,fullmu_mlp,9713,33,3300,160.92225795192192,0.0,167.92691200971603
fullmu_mlp_s9713,fullmu_mlp,9713,33,3400,163.30363621431928,0.0,169.2486391365528
fullmu_mlp_s9713,fullmu_mlp,9713,33,3500,161.60208293192073,0.0,168.24164429306984
fullmu_mlp_s9713,fullmu_mlp,9713,33,3600,161.2318637485724,0.0,167.92541247606277
fullmu_mlp_s9713,fullmu_mlp,9713,33,3700,162.31149802209057,0.0,168.81696116924286
fullmu_mlp_s9713,fullmu_mlp,9713,33,3800,159.9579334823582,0.0,167.1849117130041
fullmu_mlp_s9713,fullmu_mlp,9713,33,3900,161.11854039785538,0.0,167.7314835190773
fullmu_mlp_s9713,fullmu_mlp,9713,34,0,36.668576955484944,0.0006256247870624065,58.73932102822414
fullmu_mlp_s9713,fullmu_mlp,9713,34,100,152.6757792459254,0.0,159.589506149292
fullmu_mlp_s9713,fullmu_mlp,9713,34,200,155.04695095895403,0.0,163.9458636045456
fullmu_mlp_s9713,fullmu_mlp,9713,34,300,158.15595988709052,0.0,165.86109828948975
fullmu_mlp_s9713,fullmu_mlp,9713,34,400,162.35211270312908,0.0,168.5727550983429
fullmu_mlp_s9713,fullmu_mlp,9713,34,500,158.0552444332667,0.0,166.36192980408669
fullmu_mlp_s9713,fullmu_mlp,9713,34,600,157.4498600416052,0.0,165.53240418434143
fullmu_mlp_s9713,fullmu_mlp,9713,34,700,161.24666211059588,0.0,167.79481881856918
fullmu_mlp_s9713,fullmu_mlp,9713,34,800,158.87491869902442,0.0,166.17004773020744
fullmu_mlp_s9713,fullmu_mlp,9713,34,900,158.03369885596715,0.0,165.8291251063347
fullmu_mlp_s9713,fullmu_mlp,9713,34,1000,159.67826319426499,0.0,166.78664112091064
fullmu_mlp_s9713,fullmu_mlp,9713,34,1100,161.40366590214165,0.0,168.0602961331606
fullmu_mlp_s9713,fullmu_mlp,9713,34,1200,159.7771161345215,0.0,167.06360801309347
fullmu_mlp_s9713,fullmu_mlp,9713,34,1300,154.63671912429675,0.0,163.41445484757423
fullmu_mlp_s9713,fullmu_mlp,9713,34,1400,160.54819635781567,0.0,167.20975299179554
fullmu_mlp_s9713,fullmu_mlp,9713,34,1500,161.09673613711175,0.0,168.24109879136086
fullmu_mlp_s9713,fullmu_mlp,9713,34,1600,160.2829602456234,0.0,167.0545490384102
fullmu_mlp_s9713,fullmu_mlp,9713,34,1700,161.4032003979385,0.0,167.73853236436844
fullmu_mlp_s9713,fullmu_mlp,9713,34,1800,161.23037895502665,0.0,167.90350145101547
fullmu_mlp_s9713,fullmu_mlp,9713,34,1900,160.10738072257837,0.0,167.50483757257462
fullmu_mlp_s9713,fullmu_mlp,9713,34,2000,163.58615947519456,0.0,169.78800177574158
fullmu_mlp_s9713,fullmu_mlp,9713,34,2100,158.21963447822014,0.0,166.31139561533928
fullmu_mlp_s9713,fullmu_mlp,9713,34,2200,157.9098663549823,0.0,165.6202973127365
fullmu_mlp_s9713,fullmu_mlp,9713,34,2300,157.04188514071026,0.0,164.9092362523079
fullmu_mlp_s9713,fullmu_mlp,9713,34,2400,158.42129453444434,0.0,166.37054991722107
fullmu_mlp_s9713,fullmu_mlp,9713,34,2500,159.17002096919498,0.0,166.10963612049818
fullmu_mlp_s9713,fullmu_mlp,9713,34,2600,161.806449469878,0.0,168.48273715376854
fullmu_mlp_s9713,fullmu_mlp,9713,34,2700,159.5134458493097,0.0,166.76407676935196
fullmu_mlp_s9713,fullmu_mlp,9713,34,2800,159.06807504551702,0.0,166.69500690698624
fullmu_mlp_s9713,fullmu_mlp,9713,34,2900,159.91844104475413,0.0,167.5387967824936
fullmu_mlp_s9713,fullmu_mlp,9713,34,3000,162.99283663666074,0.0,169.15930432081223
fullmu_mlp_s9713,fullmu_mlp,9713,34,3100,162.87079606192262,0.0,169.14183489978313
fullmu_mlp_s9713,fullmu_mlp,9713,34,3200,164.44405983523168,0.0,170.42008382081985
fullmu_mlp_s9713,fullmu_mlp,9713,34,3300,164.07533746238977,0.0,170.14769929647446
fullmu_mlp_s9713,fullmu_mlp,9713,34,3400,158.5337574661708,0.0,166.57841503620148
fullmu_mlp_s9713,fullmu_mlp,9713,34,3500,158.34132211650598,0.0,165.8850302696228
fullmu_mlp_s9713,fullmu_mlp,9713,34,3600,158.40710662385112,0.0,165.9821012020111
fullmu_mlp_s9713,fullmu_mlp,9713,34,3700,156.63915237119375,0.0,164.8964388370514
fullmu_mlp_s9713,fullmu_mlp,9713,34,3800,163.65097598740454,0.0,169.4761257171631
fullmu_mlp_s9713,fullmu_mlp,9713,34,3900,163.69321487903088,0.0,169.85352820158005
fullmu_mlp_s9713,fullmu_mlp,9713,35,0,36.668576955484944,0.0006256247870624065,58.73932102822414
fullmu_mlp_s9713,fullmu_mlp,9713,35,100,153.00945031149155,0.0,159.93235141038895
fullmu_mlp_s9713,fullmu_mlp,9713,35,200,156.7209033107305,0.0,165.05496045574546
fullmu_mlp_s9713,fullmu_mlp,9713,35,300,159.84016945729007,0.0,166.8498432636261
fullmu_mlp_s9713,fullmu_mlp,9713,35,400,157.7378004780079,0.0,165.7000983953476
fullmu_mlp_s9713,fullmu_mlp,9713,35,500,163.4991986027624,0.0,169.71273505687714
fullmu_mlp_s9713,fullmu_mlp,9713,35,600,158.55794233075528,0.0,166.19138571619987
fullmu_mlp_s9713,fullmu_mlp,9713,35,700,159.24459870314985,0.0,166.48569869995117
fullmu_mlp_s9713,fullmu_mlp,9713,35,800,159.3300887514138,0.0,166.64807772636414
fullmu_mlp_s9713,fullmu_mlp,9713,35,900,157.26796376780928,0.0,165.31259870529175
fullmu_mlp_s9713,fullmu_mlp,9713,35,1000,162.1655523531832,0.0,168.47084113955498
fullmu_mlp_s9713,fullmu_mlp,9713,35,1100,162.9996856758386,0.0,169.5345059633255
fullmu_mlp_s9713,fullmu_mlp,9713,35,1200,160.55311516535838,0.0,167.73892837762833
fullmu_mlp_s9713,fullmu_mlp,9713,35,1300,160.74953329213326,0.0,167.75778287649155
fullmu_mlp_s9713,fullmu_mlp,9713,35,1400,161.79504435241896,0.0,168.40571454167366
fullmu_mlp_s9713,fullmu_mlp,9713,35,1500,160.5378403922175,0.0,167.72903031110764
fullmu_mlp_s9713,fullmu_mlp,9713,35,1600,158.42330500046728,0.0,166.05032112821937
fullmu_mlp_s9713,fullmu_mlp,9713,35,1700,160.54330164996827,0.0,167.4641824066639
fullmu_mlp_s9713,fullmu_mlp,9713,35,1800,160.61686816389147,0.0,167.71333354711533
fullmu_mlp_s9713,fullmu_mlp,9713,35,1900,158.3332760418471,0.0,166.19902674853802
fullmu_mlp_s9713,fullmu_mlp,9713,35,2000,159.88280127521656,0.0,167.13886566460133
fullmu_mlp_s9713,fullmu_mlp,9713,35,2100,161.2301702152001,0.0,167.7651504278183
fullmu_mlp_s9713,fullmu_mlp,9713,35,2200,161.02880304461775,0.0,167.84424883127213
fullmu_mlp_s9713,fullmu_mlp,9713,35,2300,157.18329189904506,0.0,165.4542430639267
fullmu_mlp_s9713,fullmu_mlp,9713,35,2400,161.21988323538963,0.0,167.62914407253265
fullmu_mlp_s9713,fullmu_mlp,9713,35,2500,159.27032080431002,0.0,166.7626931667328
fullmu_mlp_s9713,fullmu_mlp,9713,35,2600,160.2912864809049,0.0,167.5104513168335
fullmu_mlp_s9713,fullmu_mlp,9713,35,2700,163.48196663334966,0.0,169.46738439798355
fullmu_mlp_s9713,fullmu_mlp,9713,35,2800,158.24567074852155,0.0,166.44247761368752
fullmu_mlp_s9713,fullmu_mlp,9713,35,2900,159.50807857189116,0.0,166.796188890934
fullmu_mlp_s9713,fullmu_mlp,9713,35,3000,156.65645359015093,0.0,164.99360913038254
fullmu_mlp_s9713,fullmu_mlp,9713,35,3100,162.14288916667965,0.0,168.82630968093872
fullmu_mlp_s9713,fullmu_mlp,9713,35,3200,160.38938035649673,0.0,167.71283638477325
fullmu_mlp_s9713,fullmu_mlp,9713,35,3300,162.69902889456733,0.0,169.22025968134403
fullmu_mlp_s9713,fullmu_mlp,9713,35,3400,163.43055711838304,0.0,169.94457513093948
fullmu_mlp_s9713,fullmu_mlp,9713,35,3500,159.34763495186877,0.0,166.92040020227432
fullmu_mlp_s9713,fullmu_mlp,9713,35,3600,157.9660512371381,0.0,165.9588354229927
fullmu_mlp_s9713,fullmu_mlp,9713,35,3700,161.49900769605006,0.0,167.75892305374146
fullmu_mlp_s9713,fullmu_mlp,9713,35,3800,157.0969114163514,0.0,165.39953967928886
fullmu_mlp_s9713,fullmu_mlp,9713,35,3900,161.57913884211865,0.0,168.4896561205387
fullmu_mlp_s9713,fullmu_mlp,9713,36,0,36.668576955484944,0.0006256247870624065,58.73932102822414
fullmu_mlp_s9713,fullmu_mlp,9713,36,100,153.6595292198629,0.0,160.33866715431213
fullmu_mlp_s9713,fullmu_mlp,9713,36,200,160.26487108073798,0.0,166.63985067605972
fullmu_mlp_s9713,fullmu_mlp,9713,36,300,158.36422384413922,0.0,166.4146060347557
fullmu_mlp_s9713,fullmu_mlp,9713,36,400,161.02553751360156,0.0,167.80380856990814
fullmu_mlp_s9713,fullmu_mlp,9713,36,500,161.68436653280241,0.0,168.27634072303772
fullmu_mlp_s9713,fullmu_mlp,9713,36,600,156.51587356557255,0.0,164.84122097492218
fullmu_mlp_s9713,fullmu_mlp,9713,36,700,158.7095339325899,0.0,166.28522735834122
fullmu_mlp_s9713,fullmu_mlp,9713,36,800,158.4262155280988,0.0,165.99734318256378
fullmu_mlp_s9713,fullmu_mlp,9713,36,900,159.7477264683175,0.0,167.53305786848068
fullmu_mlp_s9713,fullmu_mlp,9713,36,1000,157.3673795448237,0.0,165.64186429977417
fullmu_mlp_s9713,fullmu_mlp,9713,36,1100,156.80340563637372,0.0,165.10505823791027
fullmu_mlp_s9713,fullmu_mlp,9713,36,1200,161.3630695756737,0.0,168.29319030046463
fullmu_mlp_s9713,fullmu_mlp,9713,36,1300,162.37697888301372,0.0,168.9215157032013
fullmu_mlp_s9713,fullmu_mlp,9713,36,1400,161.2914471272554,0.0,167.70207124948502
fullmu_mlp_s9713,fullmu_mlp,9713,36,1500,160.19033280890108,0.0,167.21804530918598
fullmu_mlp_s9713,fullmu_mlp,9713,36,1600,160.08379772989568,0.0,166.9405441880226
fullmu_mlp_s9713,fullmu_mlp,9713,36,1700,164.71516489293995,0.0,170.2561308145523
fullmu_mlp_s9713,fullmu_mlp,9713,36,1800,158.96539962481043,0.0,166.33194321393967
fullmu_mlp_s9713,fullmu_mlp,9713,36,1900,162.69623983841473,0.0,169.0277947690338
fullmu_mlp_s9713,fullmu_mlp,9713,36,2000,161.89166445683875,0.0,168.55113023519516
fullmu_mlp_s9713,fullmu_mlp,9713,36,2100,157.64922985887404,0.0,165.5201331973076
fullmu_mlp_s9713,fullmu_mlp,9713,36,2200,164.50569162551193,0.0,170.24884904921055
fullmu_mlp_s9713,fullmu_mlp,9713,36,2300,159.3387221303377,0.0,166.91451293230057
fullmu_mlp_s9713,fullmu_mlp,9713,36,2400,157.99109199751973,0.0,166.1073590964079
fullmu_mlp_s9713,fullmu_mlp,9713,36,2500,160.4817817605181,0.0,167.4561356306076
fullmu_mlp_s9713,fullmu_mlp,9713,36,2600,161.6449302624038,0.0,168.43499338626862
fullmu_mlp_s9713,fullmu_mlp,9713,36,2700,156.68552994181852,0.0,165.54394763708115
fullmu_mlp_s9713,fullmu_mlp,9713,36,2800,159.58718043164077,0.0,166.72176158428192
fullmu_mlp_s9713,fullmu_mlp,9713,36,2900,161.38308006216405,0.0,168.43776613473892
fullmu_mlp_s9713,fullmu_mlp,9713,36,3000,161.77857523331787,0.0,168.3306068778038
fullmu_mlp_s9713,fullmu_mlp,9713,36,3100,160.33735380876212,0.0,167.4027554690838
fullmu_mlp_s9713,fullmu_mlp,9713,36,3200,156.45866151176122,0.0,164.79914289712906
fullmu_mlp_s9713,fullmu_mlp,9713,36,3300,155.13079412674614,0.0,163.87891244888306
fullmu_mlp_s9713,fullmu_mlp,9713,36,3400,161.09593217093487,0.0,168.00572339771315
fullmu_mlp_s9713,fullmu_mlp,9713,36,3500,162.6471080235537,0.0,168.90198785066605
fullmu_mlp_s9713,fullmu_mlp,9713,36,3600,157.1369959554149,0.0,165.61603504419327
fullmu_mlp_s9713,fullmu_mlp,9713,36,3700,162.3909401852674,0.0,168.5738223195076
fullmu_mlp_s9713,fullmu_mlp,9713,36,3800,159.0135531332268,0.0,166.44046732783318
fullmu_mlp_s9713,fullmu_mlp,9713,36,3900,164.86642190057808,0.0,170.5069785118103
fullmu_mlp_s9713,fullmu_mlp,9713,37,0,36.668576955484944,0.0006256247870624065,58.73932102822414
fullmu_mlp_s9713,fullmu_mlp,9713,37,100,149.51726398174404,0.0,157.54946911334991
fullmu_mlp_s9713,fullmu_mlp,9713,37,200,160.55296800147784,0.0,167.02789454348385
fullmu_mlp_s9713,fullmu_mlp,9713,37,300,157.00128009968287,0.0,165.1740647405386
fullmu_mlp_s9713,fullmu_mlp,9713,37,400,158.08401585547355,0.0,165.84844404459
fullmu_mlp_s9713,fullmu_mlp,9713,37,500,155.067749896594,0.0,163.72876751422882
fullmu_mlp_s9713,fullmu_mlp,9713,37,600,157.5236099340388,0.0,165.5301719903946
fullmu_mlp_s9713,fullmu_mlp,9713,37,700,160.54439839636822,0.0,167.842346906662
fullmu_mlp_s9713,fullmu_mlp,9713,37,800,157.46522546050724,0.0,165.3874849677086
fullmu_mlp_s9713,fullmu_mlp,9713,37,900,165.49916983021055,0.0,170.801587164402
fullmu_mlp_s9713,fullmu_mlp,9713,37,1000,163.7589682756873,0.0,170.06958696246147
fullmu_mlp_s9713,fullmu_mlp,9713,37,1100,159.47936438367708,0.0,167.26231956481934
fullmu_mlp_s9713,fullmu_mlp,9713,37,1200,159.3955747442812,0.0,166.83620488643646
fullmu_mlp_s9713,fullmu_mlp,9713,37,1300,162.2987607605191,0.0,168.76293659210205
fullmu_mlp_s9713,fullmu_mlp,9713,37,1400,161.3709044225888,0.0,168.3366283774376
fullmu_mlp_s9713,fullmu_mlp,9713,37,1500,163.0065687838698,0.0,168.88094770908356
fullmu_mlp_s9713,fullmu_mlp,9713,37,1600,163.72510196380733,0.0,169.7170336842537
fullmu_mlp_s9713,fullmu_mlp,9713,37,1700,162.58080083576945,0.0,168.70700824260712
fullmu_mlp_s9713,fullmu_mlp,9713,37,1800,162.5778820317526,0.0,168.78744226694107
fullmu_mlp_s9713,fullmu_mlp,9713,37,1900,158.3040907283176,0.0,166.46241718530655
fullmu_mlp_s9713,fullmu_mlp,9713,37,2000,157.00071777375692,0.0,165.31952485442162
fullmu_mlp_s9713,fullmu_mlp,9713,37,2100,160.97073436042672,0.0,167.76840388774872
fullmu_mlp_s9713,fullmu_mlp,9713,37,2200,158.47726220971873,0.0,166.28665924072266
fullmu_mlp_s9713,fullmu_mlp,9713,37,2300,155.46373966268564,0.0,164.15677966177464
fullmu_mlp_s9713,fullmu_mlp,9713,37,2400,161.6409137679097,0.0,168.08090457320213
fullmu_mlp_s9713,fullmu_mlp,9713,37,2500,161.3034871803779,0.0,167.99755454063416
fullmu_mlp_s9713,fullmu_mlp,9713,37,2600,160.19086093377302,0.0,167.2854152917862
fullmu_mlp_s9713,fullmu_mlp,9713,37,2700,159.12212226093388,0.0,166.6218010187149
fullmu_mlp_s9713,fullmu_mlp,9713,37,2800,160.0824515189734,0.0,167.41809472441673
fullmu_mlp_s9713,fullmu_mlp,9713,37,2900,159.52539682667546,0.0,167.28311902284622
fullmu_mlp_s9713,fullmu_mlp,9713,37,3000,165.1644204996797,0.0,170.73923259973526
fullmu_mlp_s9713,fullmu_mlp,9713,37,3100,161.52890929464795,0.0,168.0957155302167
fullmu_mlp_s9713,fullmu_mlp,9713,37,3200,161.28791284820173,0.0,167.93591701984406
fullmu_mlp_s9713,fullmu_mlp,9713,37,3300,159.28396570903203,0.0,166.89225852489471
fullmu_mlp_s9713,fullmu_mlp,9713,37,3400,158.9444725534492,0.0,166.12447926402092
fullmu_mlp_s9713,fullmu_mlp,9713,37,3500,164.69473058666136,0.0,170.26590263843536
fullmu_mlp_s9713,fullmu_mlp,9713,37,3600,159.22339331265528,0.0,166.74791038036346
fullmu_mlp_s9713,fullmu_mlp,9713,37,3700,159.13047502558476,0.0,166.61809247732162
fullmu_mlp_s9713,fullmu_mlp,9713,37,3800,161.2346184450084,0.0,167.75849896669388
fullmu_mlp_s9713,fullmu_mlp,9713,37,3900,159.5978209979113,0.0,166.8185150027275
fullmu_mlp_s9713,fullmu_mlp,9713,38,0,36.668576955484944,0.0006256247870624065,58.73932102822414
fullmu_mlp_s9713,fullmu_mlp,9713,38,100,147.45756193826398,0.0,156.04520070180297
fullmu_mlp_s9713,fullmu_mlp,9713,38,200,162.99346301144934,0.0,168.52595472335815
fullmu_mlp_s9713,fullmu_mlp,9713,38,300,158.30822625178638,0.0,165.92609405517578
fullmu_mlp_s9713,fullmu_mlp,9713,38,400,160.31581167709422,0.0,167.389556735754
fullmu_mlp_s9713,fullmu_mlp,9713,38,500,156.87255180941025,0.0,165.3606582581997
fullmu_mlp_s9713,fullmu_mlp,9713,38,600,156.71525804325069,0.0,165.16120032966137
fullmu_mlp_s9713,fullmu_mlp,9713,38,700,159.53644945255152,0.0,166.75442588329315
fullmu_mlp_s9713,fullmu_mlp,9713,38,800,162.81267735452158,0.0,169.51030093431473
fullmu_mlp_s9713,fullmu_mlp,9713,38,900,159.04003191639785,0.0,166.791161775589
fullmu_mlp_s9713,fullmu_mlp,9713,38,1000,157.14983900029665,0.0,165.35293978452682
fullmu_mlp_s9713,fullmu_mlp,9713,38,1100,157.68367185173818,0.0,165.96220177412033
fullmu_mlp_s9713,fullmu_mlp,9713,38,1200,159.92888174332325,0.0,167.23372055590153
fullmu_mlp_s9713,fullmu_mlp,9713,38,1300,159.35947499384108,0.0,166.9810667037964
fullmu_mlp_s9713,fullmu_mlp,9713,38,1400,162.36516794206108,0.0,169.51755392551422
fullmu_mlp_s9713,fullmu_mlp,9713,38,1500,160.40756735660315,0.0,167.37497860193253
fullmu_mlp_s9713,fullmu_mlp,9713,38,1600,156.50044411071872,0.0,164.9009137749672
fullmu_mlp_s9713,fullmu_mlp,9713,38,1700,156.53993914762088,0.0,164.84394282102585
fullmu_mlp_s9713,fullmu_mlp,9713,38,1800,155.58106450280633,0.0,164.13759396970272
fullmu_mlp_s9713,fullmu_mlp,9713,38,1900,161.46714071809345,0.0,167.93254041671753
fullmu_mlp_s9713,fullmu_mlp,9713,38,2000,164.23286065664544,0.0,170.25382408499718
fullmu_mlp_s9713,fullmu_mlp,9713,38,2100,166.92564821899245,0.0,171.86921793222427
fullmu_mlp_s9713,fullmu_mlp,9713,38,2200,162.81066891576774,0.0,169.47210004925728
fullmu_mlp_s9713,fullmu_mlp,9713,38,2300,163.38552961405145,0.0,169.45005002617836
fullmu_mlp_s9713,fullmu_mlp,9713,38,2400,161.59957301743853,0.0,168.38678854703903
fullmu_mlp_s9713,fullmu_mlp,9713,38,2500,164.78348784024647,0.0,170.32799729704857
fullmu_mlp_s9713,fullmu_mlp,9713,38,2600,164.2787869585899,0.0,170.20635248720646
fullmu_mlp_s9713,fullmu_mlp,9713,38,2700,158.5790225935591,0.0,166.6882280111313
fullmu_mlp_s9713,fullmu_mlp,9713,38,2800,158.20905127710742,0.0,166.2297378629446
fullmu_mlp_s9713,fullmu_mlp,9713,38,2900,156.58344542713922,0.0,164.88878840208054
fullmu_mlp_s9713,fullmu_mlp,9713,38,3000,164.6057918238087,0.0,170.1032241433859
fullmu_mlp_s9713,fullmu_mlp,9713,38,3100,163.30197179925725,0.0,169.9798360466957
fullmu_mlp_s9713,fullmu_mlp,9713,38,3200,158.5845402410004,0.0,166.41464880108833
fullmu_mlp_s9713,fullmu_mlp,9713,38,3300,159.7413817642721,0.0,167.26109606027603
fullmu_mlp_s9713,fullmu_mlp,9713,38,3400,160.8573502833909,0.0,167.84364449977875
fullmu_mlp_s9713,fullmu_mlp,9713,38,3500,162.04408828562268,0.0,168.7662289738655
fullmu_mlp_s9713,fullmu_mlp,9713,38,3600,163.0811387089931,0.0,169.11740618944168
fullmu_mlp_s9713,fullmu_mlp,9713,38,3700,158.050989374789,0.0,166.0750992000103
fullmu_mlp_s9713,fullmu_mlp,9713,38,3800,158.7143909362551,0.0,166.23348723351955
fullmu_mlp_s9713,fullmu_mlp,9713,38,3900,162.7981558039616,0.0,168.99740183353424
fullmu_mlp_s9713,fullmu_mlp,9713,39,0,36.668576955484944,0.0006256247870624065,58.73932102822414
fullmu_mlp_s9713,fullmu_mlp,9713,39,100,151.39811206923278,0.0,158.73160296678543
fullmu_mlp_s9713,fullmu_mlp,9713,39,200,158.8908120390826,0.0,165.96787774562836
fullmu_mlp_s9713,fullmu_mlp,9713,39,300,161.3271899678707,0.0,168.0364264920354
fullmu_mlp_s9713,fullmu_mlp,9713,39,400,159.28526291944286,0.0,166.70295697450638
fullmu_mlp_s9713,fullmu_mlp,9713,39,500,160.2609123105543,0.0,167.32608020305634
fullmu_mlp_s9713,fullmu_mlp,9713,39,600,157.9549441037432,0.0,165.54095900058746
fullmu_mlp_s9713,fullmu_mlp,9713,39,700,158.15112496707215,0.0,166.0404712073505
fullmu_mlp_s9713,fullmu_mlp,9713,39,800,159.1368071894147,0.0,166.5040344595909
fullmu_mlp_s9713,fullmu_mlp,9713,39,900,161.03481594808133,0.0,167.6882397532463
fullmu_mlp_s9713,fullmu_mlp,9713,39,1000,161.2259791943586,0.0,167.98244374990463
fullmu_mlp_s9713,fullmu_mlp,9713,39,1100,160.63729658633628,0.0,167.65606951713562
fullmu_mlp_s9713,fullmu_mlp,9713,39,1200,161.76198953884239,0.0,168.04854452237487
fullmu_mlp_s9713,fullmu_mlp,9713,39,1300,160.3628677651838,0.0,167.1138917580247
fullmu_mlp_s9713,fullmu_mlp,9713,39,1400,161.6899237939548,0.0,168.30016031861305
fullmu_mlp_s9713,fullmu_mlp,9713,39,1500,159.21229244941557,0.0,166.53249859809875
fullmu_mlp_s9713,fullmu_mlp,9713,39,1600,163.37618259764602,0.0,169.16215217113495
fullmu_mlp_s9713,fullmu_mlp,9713,39,1700,158.06032627565125,0.0,165.8460766673088
fullmu_mlp_s9713,fullmu_mlp,9713,39,1800,160.2004679944605,0.0,166.95784252882004
fullmu_mlp_s9713,fullmu_mlp,9713,39,1900,162.6322811974267,0.0,168.8250805735588
fullmu_mlp_s9713,fullmu_mlp,9713,39,2000,161.40194964062806,0.0,168.16035778820515
fullmu_mlp_s9713,fullmu_mlp,9713,39,2100,159.43788520959006,0.0,166.70735603570938
fullmu_mlp_s9713,fullmu_mlp,9713,39,2200,163.01334296494676,0.0,168.95379614830017
fullmu_mlp_s9713,fullmu_mlp,9713,39,2300,158.72285729162104,0.0,166.905768096447
fullmu_mlp_s9713,fullmu_mlp,9713,39,2400,158.13825702752922,0.0,165.7440841794014
fullmu_mlp_s9713,fullmu_mlp,9713,39,2500,157.99562692562887,0.0,165.79470348358154
fullmu_mlp_s9713,fullmu_mlp,9713,39,2600,159.5753305007737,0.0,166.67263013124466
fullmu_mlp_s9713,fullmu_mlp,9713,39,2700,158.6640733098695,0.0,166.81078791618347
fullmu_mlp_s9713,fullmu_mlp,9713,39,2800,160.00376481598275,0.0,166.98226833343506
fullmu_mlp_s9713,fullmu_mlp,9713,39,2900,156.27073187966508,0.0,164.88909316062927
fullmu_mlp_s9713,fullmu_mlp,9713,39,3000,161.92015827667583,0.0,168.1889846622944
fullmu_mlp_s9713,fullmu_mlp,9713,39,3100,162.02675550143329,0.0,168.85454034805298
fullmu_mlp_s9713,fullmu_mlp,9713,39,3200,157.66279426315717,0.0,165.62438488006592
fullmu_mlp_s9713,fullmu_mlp,9713,39,3300,162.36890127572985,0.0,168.5420053601265
fullmu_mlp_s9713,fullmu_mlp,9713,39,3400,161.78118948191428,0.0,168.7363601922989
fullmu_mlp_s9713,fullmu_mlp,9713,39,3500,163.69990963188215,0.0,169.61431485414505
fullmu_mlp_s9713,fullmu_mlp,9713,39,3600,161.86351830768524,0.0,168.53403532505035
fullmu_mlp_s9713,fullmu_mlp,9713,39,3700,162.10257486434486,0.0,168.55948799848557
fullmu_mlp_s9713,fullmu_mlp,9713,39,3800,161.46103240092123,0.0,168.3751532137394
fullmu_mlp_s9713,fullmu_mlp,9713,39,3900,156.74432753765282,0.0,165.32433798909187
fullmu_mlp_s9713,fullmu_mlp,9713,40,0,36.668576955484944,0.0006256247870624065,58.73932102822414
fullmu_mlp_s9713,fullmu_mlp,9713,40,100,154.60299769082383,0.0,160.87717872858047
fullmu_mlp_s9713,fullmu_mlp,9713,40,200,157.75266883265869,0.0,165.7502936720848
fullmu_mlp_s9713,fullmu_mlp,9713,40,300,159.75311983039714,0.0,167.09377550333738
fullmu_mlp_s9713,fullmu_mlp,9713,40,400,161.69239804153204,0.0,168.2824092209339
fullmu_mlp_s9713,fullmu_mlp,9713,40,500,160.69120768931796,0.0,167.82912504673004
fullmu_mlp_s9713,fullmu_mlp,9713,40,600,158.09302072463944,0.0,166.15844529867172
fullmu_mlp_s9713,fullmu_mlp,9713,40,700,160.2786461896066,0.0,166.93306231498718
fullmu_mlp_s9713,fullmu_mlp,9713,40,800,158.9053345464869,0.0,166.65416204929352
fullmu_mlp_s9713,fullmu_mlp,9713,40,900,159.62812036640088,0.0,166.96338146924973
fullmu_mlp_s9713,fullmu_mlp,9713,40,1000,162.28034170978887,0.0,168.29806450009346
fullmu_mlp_s9713,fullmu_mlp,9713,40,1100,163.4515803453841,0.0,169.45151829719543
fullmu_mlp_s9713,fullmu_mlp,9713,40,1200,155.7362096484766,0.0,164.49700924754143
fullmu_mlp_s9713,fullmu_mlp,9713,40,1300,162.61137732440616,0.0,168.67476850748062
fullmu_mlp_s9713,fullmu_mlp,9713,40,1400,160.74466761481833,0.0,167.48739126324654
fullmu_mlp_s9713,fullmu_mlp,9713,40,1500,159.17433020447632,0.0,166.3701494038105
fullmu_mlp_s9713,fullmu_mlp,9713,40,1600,159.29448765978364,0.0,166.30966672301292
fullmu_mlp_s9713,fullmu_mlp,9713,40,1700,158.85581039734407,0.0,166.3971170783043
fullmu_mlp_s9713,fullmu_mlp,9713,40,1800,160.62748790793074,0.0,167.3000345826149
fullmu_mlp_s9713,fullmu_mlp,9713,40,1900,160.70990019655744,0.0,167.97911369800568
fullmu_mlp_s9713,fullmu_mlp,9713,40,2000,160.01078607337928,0.0,167.046890091151
fullmu_mlp_s9713,fullmu_mlp,9713,40,2100,159.48839767985305,0.0,166.85289466381073
fullmu_mlp_s9713,fullmu_mlp,9713,40,2200,162.1856781933819,0.0,168.71669846773148
fullmu_mlp_s9713,fullmu_mlp,9713,40,2300,158.50963700568343,0.0,166.1794507354498
fullmu_mlp_s9713,fullmu_mlp,9713,40,2400,155.95875868397073,0.0,164.50437515974045
fullmu_mlp_s9713,fullmu_mlp,9713,40,2500,163.486567682948,0.0,169.3480770289898
fullmu_mlp_s9713,fullmu_mlp,9713,40,2600,159.83934773132077,0.0,166.9097592830658
fullmu_mlp_s9713,fullmu_mlp,9713,40,2700,158.21176600782798,0.0,165.93985110521317
fullmu_mlp_s9713,fullmu_mlp,9713,40,2800,164.2156602405904,0.0,169.76178067922592
fullmu_mlp_s9713,fullmu_mlp,9713,40,2900,159.79010823683967,0.0,167.26532661914825
fullmu_mlp_s9713,fullmu_mlp,9713,40,3000,157.38331463401894,0.0,165.74102121591568
fullmu_mlp_s9713,fullmu_mlp,9713,40,3100,159.26741084862732,0.0,166.5571013689041
fullmu_mlp_s9713,fullmu_mlp,9713,40,3200,160.43991485456056,0.0,167.7233390212059
fullmu_mlp_s9713,fullmu_mlp,9713,40,3300,160.71999599700538,0.0,167.43362760543823
fullmu_mlp_s9713,fullmu_mlp,9713,40,3400,159.98970263028957,0.0,167.64570581912994
fullmu_mlp_s9713,fullmu_mlp,9713,40,3500,162.64743432110518,0.0,168.92989534139633
fullmu_mlp_s9713,fullmu_mlp,9713,40,3600,164.1027626179103,0.0,169.69797265529633
fullmu_mlp_s9713,fullmu_mlp,9713,40,3700,157.82614145011132,0.0,166.10482981801033
fullmu_mlp_s9713,fullmu_mlp,9713,40,3800,158.26736971165542,0.0,166.09433975815773
fullmu_mlp_s9713,fullmu_mlp,9713,40,3900,160.98929987622313,0.0,167.44246858358383
fullmu_mlp_s9713,fullmu_mlp,9713,41,0,36.668576955484944,0.0006256247870624065,58.73932102822414
fullmu_mlp_s9713,fullmu_mlp,9713,41,100,148.3424590466109,0.0,156.87537455558777
fullmu_mlp_s9713,fullmu_mlp,9713,41,200,163.3961739980812,0.0,168.80922400951385
fullmu_mlp_s9713,fullmu_mlp,9713,41,300,162.5860911985419,0.0,168.77844244241714
fullmu_mlp_s9713,fullmu_mlp,9713,41,400,163.71745981200755,0.0,169.57788121700287
fullmu_mlp_s9713,fullmu_mlp,9713,41,500,163.53136516052768,0.0,169.72005915641785
fullmu_mlp_s9713,fullmu_mlp,9713,41,600,158.56014203209423,0.0,166.53986382484436
fullmu_mlp_s9713,fullmu_mlp,9713,41,700,156.82907587549386,0.0,164.8857221007347
fullmu_mlp_s9713,fullmu_mlp,9713,41,800,161.57471257037804,0.0,168.31902182102203
fullmu_mlp_s9713,fullmu_mlp,9713,41,900,159.18416901386985,0.0,166.7755076289177
fullmu_mlp_s9713,fullmu_mlp,9713,41,1000,163.0739173206742,0.0,169.22284573316574
fullmu_mlp_s9713,fullmu_mlp,9713,41,1100,159.81398776694374,0.0,167.21305833756924
fullmu_mlp_s9713,fullmu_mlp,9713,41,1200,158.04475325106793,0.0,165.8216411471367
fullmu_mlp_s9713,fullmu_mlp,9713,41,1300,161.8278064718761,0.0,168.19528779387474
fullmu_mlp_s9713,fullmu_mlp,9713,41,1400,159.46020047734564,0.0,167.21724025905132
fullmu_mlp_s9713,fullmu_mlp,9713,41,1500,158.6737700003964,0.0,166.56226629018784
fullmu_mlp_s9713,fullmu_mlp,9713,41,1600,161.83780848173114,0.0,168.0133595680818
fullmu_mlp_s9713,fullmu_mlp,9713,41,1700,161.3806481622184,0.0,168.33749723434448
fullmu_mlp_s9713,fullmu_mlp,9713,41,1800,162.9917266941647,0.0,169.43582218885422
fullmu_mlp_s9713,fullmu_mlp,9713,41,1900,160.3939215258177,0.0,167.17953307926655
fullmu_mlp_s9713,fullmu_mlp,9713,41,2000,162.14235773665172,0.0,168.84572404623032
fullmu_mlp_s9713,fullmu_mlp,9713,41,2100,159.35263227697632,0.0,166.44252264499664
fullmu_mlp_s9713,fullmu_mlp,9713,41,2200,156.6054616974257,0.0,165.06296114623547
fullmu_mlp_s9713,fullmu_mlp,9713,41,2300,161.89697184935673,0.0,168.9673039317131
fullmu_mlp_s9713,fullmu_mlp,9713,41,2400,161.7083665943171,0.0,168.39225700497627
fullmu_mlp_s9713,fullmu_mlp,9713,41,2500,160.7704533859782,0.0,168.0497989319265
fullmu_mlp_s9713,fullmu_mlp,9713,41,2600,163.12979930268605,0.0,168.88484567403793
fullmu_mlp_s9713,fullmu_mlp,9713,41,2700,166.2990203667927,0.0,171.6669224500656
fullmu_mlp_s9713,fullmu_mlp,9713,41,2800,164.45060968829904,0.0,170.70945590734482
fullmu_mlp_s9713,fullmu_mlp,9713,41,2900,164.87790491207903,0.0,170.89196079969406
fullmu_mlp_s9713,fullmu_mlp,9713,41,3000,161.5563995001101,0.0,168.68552988767624
fullmu_mlp_s9713,fullmu_mlp,9713,41,3100,160.1369597661575,0.0,167.215890660882
fullmu_mlp_s9713,fullmu_mlp,9713,41,3200,161.2037387002255,0.0,167.52245235443115
fullmu_mlp_s9713,fullmu_mlp,9713,41,3300,162.36465294429516,0.0,168.54998391866684
fullmu_mlp_s9713,fullmu_mlp,9713,41,3400,162.60697577592364,0.0,169.22544158995152
fullmu_mlp_s9713,fullmu_mlp,9713,41,3500,159.94752805404946,0.0,166.96866232156754
fullmu_mlp_s9713,fullmu_mlp,9713,41,3600,163.53250573733172,0.0,169.1745327115059
fullmu_mlp_s9713,fullmu_mlp,9713,41,3700,163.5110014450676,0.0,169.69072037935257
fullmu_mlp_s9713,fullmu_mlp,9713,41,3800,160.88367311211735,0.0,167.77290934324265
fullmu_mlp_s9713,fullmu_mlp,9713,41,3900,159.7682400539742,0.0,166.92297917604446
onlyK_mlp_s9711,onlyK_mlp,9711,30,0,36.668576955484944,0.0006256247870624065,58.73932102822414
onlyK_mlp_s9711,onlyK_mlp,9711,30,100,212.98364390668578,0.0,222.30073595046997
onlyK_mlp_s9711,onlyK_mlp,9711,30,200,261.16823260048085,0.0,270.9681421518326
onlyK_mlp_s9711,onlyK_mlp,9711,30,300,278.8994525881867,0.0,286.87502497434616
onlyK_mlp_s9711,onlyK_mlp,9711,30,400,279.87175000200284,0.0,288.4757982492447
onlyK_mlp_s9711,onlyK_mlp,9711,30,500,276.6357593464421,0.0,285.9996372461319
onlyK_mlp_s9711,onlyK_mlp,9711,30,600,285.0780820362966,0.0,292.4988825619221
onlyK_mlp_s9711,onlyK_mlp,9711,30,700,280.9156866333439,0.0,289.714960873127
onlyK_mlp_s9711,onlyK_mlp,9711,30,800,278.3285414920674,0.0,287.5384508371353
onlyK_mlp_s9711,onlyK_mlp,9711,30,900,278.9244414142197,0.0,288.64081650972366
onlyK_mlp_s9711,onlyK_mlp,9711,30,1000,277.593447826903,0.0,286.2343255132437
onlyK_mlp_s9711,onlyK_mlp,9711,30,1100,275.8509370814687,0.0,285.1138312444091
onlyK_mlp_s9711,onlyK_mlp,9711,30,1200,283.87426064312075,0.0,291.19958958029747
onlyK_mlp_s9711,onlyK_mlp,9711,30,1300,280.03902630917037,0.0,289.3327681720257
onlyK_mlp_s9711,onlyK_mlp,9711,30,1400,279.2238252592495,0.0,287.6753759980202
onlyK_mlp_s9711,onlyK_mlp,9711,30,1500,286.42434729690706,0.0,293.2828162908554
onlyK_mlp_s9711,onlyK_mlp,9711,30,1600,285.09835330934715,0.0,292.888047516346
onlyK_mlp_s9711,onlyK_mlp,9711,30,1700,270.73665237242375,0.0,282.42034727334976
onlyK_mlp_s9711,onlyK_mlp,9711,30,1800,278.1961593728444,0.0,286.78477996587753
onlyK_mlp_s9711,onlyK_mlp,9711,30,1900,286.181689636472,0.0,293.26770040392876
onlyK_mlp_s9711,onlyK_mlp,9711,30,2000,279.10413556233163,0.0,288.72962349653244
onlyK_mlp_s9711,onlyK_mlp,9711,30,2100,274.29362933563954,0.0,284.430399954319
onlyK_mlp_s9711,onlyK_mlp,9711,30,2200,276.2841847315775,0.0,285.4901116490364
onlyK_mlp_s9711,onlyK_mlp,9711,30,2300,276.31495376179066,0.0,286.1565522700548
onlyK_mlp_s9711,onlyK_mlp,9711,30,2400,278.2276392363654,0.0,287.5146824121475
onlyK_mlp_s9711,onlyK_mlp,9711,30,2500,282.61977570782614,0.0,289.9932250380516
onlyK_mlp_s9711,onlyK_mlp,9711,30,2600,280.26675055484225,0.0,289.5981786251068
onlyK_mlp_s9711,onlyK_mlp,9711,30,2700,279.1110399547799,0.0,288.0239858087152
onlyK_mlp_s9711,onlyK_mlp,9711,30,2800,277.44455597367846,0.0,287.07800851762295
onlyK_mlp_s9711,onlyK_mlp,9711,30,2900,282.68803769443997,0.0,290.2814929187298
onlyK_mlp_s9711,onlyK_mlp,9711,30,3000,274.80259114698936,0.0,285.58977949619293
onlyK_mlp_s9711,onlyK_mlp,9711,30,3100,278.1503980104809,0.0,287.48283618688583
onlyK_mlp_s9711,onlyK_mlp,9711,30,3200,277.737645807325,0.0,286.9171189069748
onlyK_mlp_s9711,onlyK_mlp,9711,30,3300,280.2604197849166,0.0,289.2339069247246
onlyK_mlp_s9711,onlyK_mlp,9711,30,3400,280.45598398874387,0.0,289.2133084535599
onlyK_mlp_s9711,onlyK_mlp,9711,30,3500,278.7265180416269,0.0,288.64096462726593
onlyK_mlp_s9711,onlyK_mlp,9711,30,3600,276.02418656714474,0.0,286.50269305706024
onlyK_mlp_s9711,onlyK_mlp,9711,30,3700,276.96402621647565,0.0,285.855917096138
onlyK_mlp_s9711,onlyK_mlp,9711,30,3800,280.4803885299082,0.0,288.7997294664383
onlyK_mlp_s9711,onlyK_mlp,9711,30,3900,285.1494494769,0.0,292.09407310187817
onlyK_mlp_s9711,onlyK_mlp,9711,31,0,36.668576955484944,0.0006256247870624065,58.73932102822414
onlyK_mlp_s9711,onlyK_mlp,9711,31,100,213.90993286452772,0.0,223.2169019728899
onlyK_mlp_s9711,onlyK_mlp,9711,31,200,262.06829039931296,0.0,272.0463752746582
onlyK_mlp_s9711,onlyK_mlp,9711,31,300,271.85260975643234,0.0,281.8997584581375
onlyK_mlp_s9711,onlyK_mlp,9711,31,400,279.54062108937893,0.0,287.08252327144146
onlyK_mlp_s9711,onlyK_mlp,9711,31,500,278.48905427763845,0.0,287.9813094139099
onlyK_mlp_s9711,onlyK_mlp,9711,31,600,274.6130059485513,0.0,284.5764374732971
onlyK_mlp_s9711,onlyK_mlp,9711,31,700,279.2092075675286,0.0,288.0306208766997
onlyK_mlp_s9711,onlyK_mlp,9711,31,800,274.7313090161372,0.0,284.42047837376595
onlyK_mlp_s9711,onlyK_mlp,9711,31,900,273.5389821919548,0.0,283.48068356513977
onlyK_mlp_s9711,onlyK_mlp,9711,31,1000,275.4792637247111,0.0,284.71445006132126
onlyK_mlp_s9711,onlyK_mlp,9711,31,1100,282.5608756992842,0.0,289.89095973968506
onlyK_mlp_s9711,onlyK_mlp,9711,31,1200,276.4114589639198,0.0,287.13474018871784
onlyK_mlp_s9711,onlyK_mlp,9711,31,1300,281.46732054012944,0.0,289.29302978515625
onlyK_mlp_s9711,onlyK_mlp,9711,31,1400,276.3806360551662,0.0,286.2759422957897
onlyK_mlp_s9711,onlyK_mlp,9711,31,1500,279.14688564134866,0.0,287.6891248226166
onlyK_mlp_s9711,onlyK_mlp,9711,31,1600,277.9851559249849,0.0,287.26745426654816
onlyK_mlp_s9711,onlyK_mlp,9711,31,1700,280.1591365646861,0.0,288.93351316452026
onlyK_mlp_s9711,onlyK_mlp,9711,31,1800,275.78831785457595,0.0,285.8006259202957
onlyK_mlp_s9711,onlyK_mlp,9711,31,1900,281.4933161867532,0.0,289.00053902179934
onlyK_mlp_s9711,onlyK_mlp,9711,31,2000,279.30370236745915,0.0,288.49651658535004
onlyK_mlp_s9711,onlyK_mlp,9711,31,2100,282.4829729645839,0.0,290.7345798611641
onlyK_mlp_s9711,onlyK_mlp,9711,31,2200,279.53957619166783,0.0,289.0199306309223
onlyK_mlp_s9711,onlyK_mlp,9711,31,2300,276.9654668728584,0.0,286.7690641283989
onlyK_mlp_s9711,onlyK_mlp,9711,31,2400,285.425844158606,0.0,292.50143188238144
onlyK_mlp_s9711,onlyK_mlp,9711,31,2500,283.6688607816861,0.0,291.3963952958584
onlyK_mlp_s9711,onlyK_mlp,9711,31,2600,284.29824257649045,0.0,291.65938675403595
onlyK_mlp_s9711,onlyK_mlp,9711,31,2700,275.55026268528536,0.0,286.09128553420305
onlyK_mlp_s9711,onlyK_mlp,9711,31,2800,278.96708038112297,0.0,287.5154997706413
onlyK_mlp_s9711,onlyK_mlp,9711,31,2900,280.12058881901567,0.0,288.2190533131361
onlyK_mlp_s9711,onlyK_mlp,9711,31,3000,276.53198372531267,0.0,286.0697555989027
onlyK_mlp_s9711,onlyK_mlp,9711,31,3100,281.8964508383113,0.0,289.6325915455818
onlyK_mlp_s9711,onlyK_mlp,9711,31,3200,285.1029699836605,0.0,292.6103582382202
onlyK_mlp_s9711,onlyK_mlp,9711,31,3300,283.9445584512474,0.0,291.88089764118195
onlyK_mlp_s9711,onlyK_mlp,9711,31,3400,277.6000839398874,0.0,287.3651907145977
onlyK_mlp_s9711,onlyK_mlp,9711,31,3500,275.2339844183234,0.0,285.2084115445614
onlyK_mlp_s9711,onlyK_mlp,9711,31,3600,275.48003022902617,0.0,285.2477112710476
onlyK_mlp_s9711,onlyK_mlp,9711,31,3700,278.2121089873738,0.0,287.31746393442154
onlyK_mlp_s9711,onlyK_mlp,9711,31,3800,280.4820218986426,0.0,288.60489505529404
onlyK_mlp_s9711,onlyK_mlp,9711,31,3900,271.53078967469145,0.0,282.79339158535004
onlyK_mlp_s9711,onlyK_mlp,9711,32,0,36.668576955484944,0.0006256247870624065,58.73932102822414
onlyK_mlp_s9711,onlyK_mlp,9711,32,100,210.9767535231585,0.0,220.58747553825378
onlyK_mlp_s9711,onlyK_mlp,9711,32,200,268.5511658630552,0.0,276.44720208644867
onlyK_mlp_s9711,onlyK_mlp,9711,32,300,273.05694872278394,0.0,282.72601211071014
onlyK_mlp_s9711,onlyK_mlp,9711,32,400,282.42064887716276,0.0,290.44916355609894
onlyK_mlp_s9711,onlyK_mlp,9711,32,500,279.7279910101051,0.0,287.7291547656059
onlyK_mlp_s9711,onlyK_mlp,9711,32,600,279.4607021532165,0.0,287.5516302585602
onlyK_mlp_s9711,onlyK_mlp,9711,32,700,275.9260661729649,0.0,285.8236579298973
onlyK_mlp_s9711,onlyK_mlp,9711,32,800,279.82059731455155,0.0,287.895799100399
onlyK_mlp_s9711,onlyK_mlp,9711,32,900,282.6795322649095,0.0,290.9866964817047
onlyK_mlp_s9711,onlyK_mlp,9711,32,1000,275.104934326227,0.0,285.05312832444906
onlyK_mlp_s9711,onlyK_mlp,9711,32,1100,281.1532369144653,0.0,288.78506165742874
onlyK_mlp_s9711,onlyK_mlp,9711,32,1200,284.21158741806425,0.0,291.38078555464745
onlyK_mlp_s9711,onlyK_mlp,9711,32,1300,281.0264970827871,0.0,289.3125268816948
onlyK_mlp_s9711,onlyK_mlp,9711,32,1400,280.9393399014699,0.0,289.49455296993256
onlyK_mlp_s9711,onlyK_mlp,9711,32,1500,276.74634719327184,0.0,286.45133939385414
onlyK_mlp_s9711,onlyK_mlp,9711,32,1600,282.5812990027787,0.0,290.0186370201409
onlyK_mlp_s9711,onlyK_mlp,9711,32,1700,282.8623330130161,0.0,291.11724795401096
onlyK_mlp_s9711,onlyK_mlp,9711,32,1800,279.5330225380509,0.0,288.8592032790184
onlyK_mlp_s9711,onlyK_mlp,9711,32,1900,280.7414198485903,0.0,289.1143356114626
onlyK_mlp_s9711,onlyK_mlp,9711,32,2000,279.1025380465245,0.0,288.1195117086172
onlyK_mlp_s9711,onlyK_mlp,9711,32,2100,278.63008726785944,0.0,287.2546903192997
onlyK_mlp_s9711,onlyK_mlp,9711,32,2200,273.82218400778544,0.0,283.6476426720619
onlyK_mlp_s9711,onlyK_mlp,9711,32,2300,280.6201938023312,0.0,289.0541683547199
onlyK_mlp_s9711,onlyK_mlp,9711,32,2400,275.4663363375197,0.0,284.64527505636215
onlyK_mlp_s9711,onlyK_mlp,9711,32,2500,275.1252274219525,0.0,285.1479137837887
onlyK_mlp_s9711,onlyK_mlp,9711,32,2600,279.4421035217507,0.0,287.2502872943878
onlyK_mlp_s9711,onlyK_mlp,9711,32,2700,279.5251019936696,0.0,289.0741673260927
onlyK_mlp_s9711,onlyK_mlp,9711,32,2800,273.0565356134999,0.0,283.89898931980133
onlyK_mlp_s9711,onlyK_mlp,9711,32,2900,277.91409970943056,0.0,286.63005524873734
onlyK_mlp_s9711,onlyK_mlp,9711,32,3000,278.12784406301444,0.0,286.4905042052269
onlyK_mlp_s9711,onlyK_mlp,9711,32,3100,275.6870901934477,0.0,286.0154285915196
onlyK_mlp_s9711,onlyK_mlp,9711,32,3200,276.76929365669446,0.0,286.00251784548163
onlyK_mlp_s9711,onlyK_mlp,9711,32,3300,276.53945132637335,0.0,286.18828658759594
onlyK_mlp_s9711,onlyK_mlp,9711,32,3400,279.588778382606,0.0,288.3890588283539
onlyK_mlp_s9711,onlyK_mlp,9711,32,3500,278.1808907177886,0.0,288.24047024548054
onlyK_mlp_s9711,onlyK_mlp,9711,32,3600,278.25646548766895,0.0,286.95167768001556
onlyK_mlp_s9711,onlyK_mlp,9711,32,3700,271.2043004825528,0.0,281.91596281528473
onlyK_mlp_s9711,onlyK_mlp,9711,32,3800,275.8378055001239,0.0,284.76633298397064
onlyK_mlp_s9711,onlyK_mlp,9711,32,3900,283.40693996435857,0.0,290.9709854722023
onlyK_mlp_s9711,onlyK_mlp,9711,33,0,36.668576955484944,0.0006256247870624065,58.73932102822414
onlyK_mlp_s9711,onlyK_mlp,9711,33,100,210.06054815634963,0.0,219.9624428153038
onlyK_mlp_s9711,onlyK_mlp,9711,33,200,266.91476608289634,0.0,275.0553722195327
onlyK_mlp_s9711,onlyK_mlp,9711,33,300,283.3831605635218,0.0,290.2145329415798
onlyK_mlp_s9711,onlyK_mlp,9711,33,400,279.85914022643584,0.0,289.4563780426979
onlyK_mlp_s9711,onlyK_mlp,9711,33,500,279.07471415796323,0.0,288.6708211302757
onlyK_mlp_s9711,onlyK_mlp,9711,33,600,276.6603949709484,0.0,286.63265055418015
onlyK_mlp_s9711,onlyK_mlp,9711,33,700,281.48473668510394,0.0,289.11060539633036
onlyK_mlp_s9711,onlyK_mlp,9711,33,800,273.2817581506231,0.0,284.52582520246506
onlyK_mlp_s9711,onlyK_mlp,9711,33,900,282.8285899176843,0.0,290.28171557188034
onlyK_mlp_s9711,onlyK_mlp,9711,33,1000,277.28593393841584,0.0,286.71148508787155
onlyK_mlp_s9711,onlyK_mlp,9711,33,1100,273.0997855953221,0.0,283.86997401714325
onlyK_mlp_s9711,onlyK_mlp,9711,33,1200,274.00179151184733,0.0,283.2595731019974
onlyK_mlp_s9711,onlyK_mlp,9711,33,1300,278.1759410282526,0.0,285.9903377890587
onlyK_mlp_s9711,onlyK_mlp,9711,33,1400,279.17988312638425,0.0,288.0063304132782
onlyK_mlp_s9711,onlyK_mlp,9711,33,1500,278.9204468655397,0.0,288.50799638032913
onlyK_mlp_s9711,onlyK_mlp,9711,33,1600,281.0150771412253,0.0,289.3075139224529
onlyK_mlp_s9711,onlyK_mlp,9711,33,1700,275.65271998189854,0.0,285.3144318163395
onlyK_mlp_s9711,onlyK_mlp,9711,33,1800,274.6904059364673,0.0,284.4268943667412
onlyK_mlp_s9711,onlyK_mlp,9711,33,1900,278.7575727403084,0.0,287.5668067932129
onlyK_mlp_s9711,onlyK_mlp,9711,33,2000,279.9569718571502,0.0,289.66976994276047
onlyK_mlp_s9711,onlyK_mlp,9711,33,2100,274.61144780249623,0.0,284.6867350935936
onlyK_mlp_s9711,onlyK_mlp,9711,33,2200,275.6468356889104,0.0,285.5724526643753
onlyK_mlp_s9711,onlyK_mlp,9711,33,2300,278.05737755044095,0.0,286.6434625983238
onlyK_mlp_s9711,onlyK_mlp,9711,33,2400,277.54491354604176,0.0,286.1522062122822
onlyK_mlp_s9711,onlyK_mlp,9711,33,2500,276.85062639779005,0.0,286.8294602036476
onlyK_mlp_s9711,onlyK_mlp,9711,33,2600,274.8814180050066,0.0,284.7515258193016
onlyK_mlp_s9711,onlyK_mlp,9711,33,2700,276.1137286422669,0.0,285.31312996149063
onlyK_mlp_s9711,onlyK_mlp,9711,33,2800,279.40876360579983,0.0,287.5975485444069
onlyK_mlp_s9711,onlyK_mlp,9711,33,2900,283.79669167851324,0.0,291.41933503746986
onlyK_mlp_s9711,onlyK_mlp,9711,33,3000,280.4930651659318,0.0,289.71058171987534
onlyK_mlp_s9711,onlyK_mlp,9711,33,3100,275.52208862888807,0.0,285.8707123398781
onlyK_mlp_s9711,onlyK_mlp,9711,33,3200,274.18689980518434,0.0,285.17098967731
onlyK_mlp_s9711,onlyK_mlp,9711,33,3300,279.01476682068557,0.0,287.98727840185165
onlyK_mlp_s9711,onlyK_mlp,9711,33,3400,282.3182523214449,0.0,289.9517372250557
onlyK_mlp_s9711,onlyK_mlp,9711,33,3500,280.12159606162703,0.0,288.6884841322899
onlyK_mlp_s9711,onlyK_mlp,9711,33,3600,279.43846123709386,0.0,288.11540139466524
onlyK_mlp_s9711,onlyK_mlp,9711,33,3700,281.1179836013297,0.0,289.5109052658081
onlyK_mlp_s9711,onlyK_mlp,9711,33,3800,277.77686990024245,0.0,287.0680564492941
onlyK_mlp_s9711,onlyK_mlp,9711,33,3900,278.8411353574427,0.0,287.4048750400543
onlyK_mlp_s9711,onlyK_mlp,9711,34,0,36.668576955484944,0.0006256247870624065,58.73932102822414
onlyK_mlp_s9711,onlyK_mlp,9711,34,100,215.04286830317432,0.0,223.74528068304062
onlyK_mlp_s9711,onlyK_mlp,9711,34,200,259.0917984934495,0.0,270.52619045972824
onlyK_mlp_s9711,onlyK_mlp,9711,34,300,272.3178756265167,0.0,282.2692011296749
onlyK_mlp_s9711,onlyK_mlp,9711,34,400,280.267998286717,0.0,288.26544511318207
onlyK_mlp_s9711,onlyK_mlp,9711,34,500,275.5564693323282,0.0,286.22068102657795
onlyK_mlp_s9711,onlyK_mlp,9711,34,600,273.9180232192119,0.0,284.37365049123764
onlyK_mlp_s9711,onlyK_mlp,9711,34,700,278.9719938164118,0.0,287.46297866106033
onlyK_mlp_s9711,onlyK_mlp,9711,34,800,275.3645408432342,0.0,284.8206515908241
onlyK_mlp_s9711,onlyK_mlp,9711,34,900,274.5167075833216,0.0,284.5896029472351
onlyK_mlp_s9711,onlyK_mlp,9711,34,1000,276.6530863948326,0.0,285.85944855213165
onlyK_mlp_s9711,onlyK_mlp,9711,34,1100,279.60131498305253,0.0,288.2107053846121
onlyK_mlp_s9711,onlyK_mlp,9711,34,1200,277.6340242105963,0.0,287.04045552015305
onlyK_mlp_s9711,onlyK_mlp,9711,34,1300,269.27986916562514,0.0,280.6191092133522
onlyK_mlp_s9711,onlyK_mlp,9711,34,1400,277.473075671179,0.0,286.0718991905451
onlyK_mlp_s9711,onlyK_mlp,9711,34,1500,279.5736911289542,0.0,288.69863015413284
onlyK_mlp_s9711,onlyK_mlp,9711,34,1600,277.8430543183945,0.0,286.6180228590965
onlyK_mlp_s9711,onlyK_mlp,9711,34,1700,279.02490553580583,0.0,287.2463809400797
onlyK_mlp_s9711,onlyK_mlp,9711,34,1800,279.4408957862483,0.0,288.0248437616974
onlyK_mlp_s9711,onlyK_mlp,9711,34,1900,278.11673353312233,0.0,287.6405472755432
onlyK_mlp_s9711,onlyK_mlp,9711,34,2000,283.3556240941515,0.0,291.31373858451843
onlyK_mlp_s9711,onlyK_mlp,9711,34,2100,275.82819896344154,0.0,286.27609571814537
onlyK_mlp_s9711,onlyK_mlp,9711,34,2200,274.4517171029043,0.0,284.4192028939724
onlyK_mlp_s9711,onlyK_mlp,9711,34,2300,272.5584320758986,0.0,282.76113694906235
onlyK_mlp_s9711,onlyK_mlp,9711,34,2400,275.5120031403376,0.0,285.7033852338791
onlyK_mlp_s9711,onlyK_mlp,9711,34,2500,275.29050043293256,0.0,284.31462329626083
onlyK_mlp_s9711,onlyK_mlp,9711,34,2600,280.3768927002482,0.0,288.90796905755997
onlyK_mlp_s9711,onlyK_mlp,9711,34,2700,276.8950512248689,0.0,286.2444254010916
onlyK_mlp_s9711,onlyK_mlp,9711,34,2800,276.4749612674312,0.0,286.29721626639366
onlyK_mlp_s9711,onlyK_mlp,9711,34,2900,278.2021694157324,0.0,287.9549983739853
onlyK_mlp_s9711,onlyK_mlp,9711,34,3000,282.2327099799725,0.0,290.176134377718
onlyK_mlp_s9711,onlyK_mlp,9711,34,3100,282.22772088155625,0.0,290.3299808204174
onlyK_mlp_s9711,onlyK_mlp,9711,34,3200,285.08637669406306,0.0,292.72746354341507
onlyK_mlp_s9711,onlyK_mlp,9711,34,3300,284.6707738166064,0.0,292.47705072164536
onlyK_mlp_s9711,onlyK_mlp,9711,34,3400,276.52474798602435,0.0,286.90338039398193
onlyK_mlp_s9711,onlyK_mlp,9711,34,3500,275.1746822795627,0.0,284.9292411208153
onlyK_mlp_s9711,onlyK_mlp,9711,34,3600,274.8681245756933,0.0,284.6985140442848
onlyK_mlp_s9711,onlyK_mlp,9711,34,3700,272.5460899286806,0.0,283.2188207358122
onlyK_mlp_s9711,onlyK_mlp,9711,34,3800,282.57897185656617,0.0,290.0446263551712
onlyK_mlp_s9711,onlyK_mlp,9711,34,3900,283.536371241502,0.0,291.4843185842037
onlyK_mlp_s9711,onlyK_mlp,9711,35,0,36.668576955484944,0.0006256247870624065,58.73932102822414
onlyK_mlp_s9711,onlyK_mlp,9711,35,100,216.79504715936753,0.0,225.49141338467598
onlyK_mlp_s9711,onlyK_mlp,9711,35,200,262.1229973323639,0.0,272.8490743637085
onlyK_mlp_s9711,onlyK_mlp,9711,35,300,274.78880157975914,0.0,283.8546316623688
onlyK_mlp_s9711,onlyK_mlp,9711,35,400,273.91341218354654,0.0,284.19675946235657
onlyK_mlp_s9711,onlyK_mlp,9711,35,500,282.8351005441084,0.0,290.7817497253418
onlyK_mlp_s9711,onlyK_mlp,9711,35,600,275.75168971633957,0.0,285.64438116550446
onlyK_mlp_s9711,onlyK_mlp,9711,35,700,276.16909077905177,0.0,285.5096091032028
onlyK_mlp_s9711,onlyK_mlp,9711,35,800,276.1607818855349,0.0,285.6146214604378
onlyK_mlp_s9711,onlyK_mlp,9711,35,900,273.49074907699,0.0,283.85780864953995
onlyK_mlp_s9711,onlyK_mlp,9711,35,1000,280.4195613523437,0.0,288.5465162396431
onlyK_mlp_s9711,onlyK_mlp,9711,35,1100,282.67166754956145,0.0,291.01367382518947
onlyK_mlp_s9711,onlyK_mlp,9711,35,1200,279.1424350163105,0.0,288.3859353661537
onlyK_mlp_s9711,onlyK_mlp,9711,35,1300,279.14595616062655,0.0,288.14656269550323
onlyK_mlp_s9711,onlyK_mlp,9711,35,1400,280.4619513442803,0.0,288.9487937092781
onlyK_mlp_s9711,onlyK_mlp,9711,35,1500,279.0673173958875,0.0,288.3195962011814
onlyK_mlp_s9711,onlyK_mlp,9711,35,1600,275.3560635427755,0.0,285.23185424506664
onlyK_mlp_s9711,onlyK_mlp,9711,35,1700,278.3469794262739,0.0,287.25200241804123
onlyK_mlp_s9711,onlyK_mlp,9711,35,1800,278.83493139280523,0.0,287.9808815717697
onlyK_mlp_s9711,onlyK_mlp,9711,35,1900,275.47407494561685,0.0,285.6241119503975
onlyK_mlp_s9711,onlyK_mlp,9711,35,2000,277.58683087130123,0.0,286.9490891098976
onlyK_mlp_s9711,onlyK_mlp,9711,35,2100,279.20203645742686,0.0,287.6488891839981
onlyK_mlp_s9711,onlyK_mlp,9711,35,2200,279.22619880886396,0.0,287.9977237582207
onlyK_mlp_s9711,onlyK_mlp,9711,35,2300,273.8987654136962,0.0,284.54160338640213
onlyK_mlp_s9711,onlyK_mlp,9711,35,2400,278.8591929137981,0.0,287.1330097466707
onlyK_mlp_s9711,onlyK_mlp,9711,35,2500,276.583356243209,0.0,286.2425682246685
onlyK_mlp_s9711,onlyK_mlp,9711,35,2600,278.44681165652673,0.0,287.740374147892
onlyK_mlp_s9711,onlyK_mlp,9711,35,2700,282.83276429290885,0.0,290.5321599841118
onlyK_mlp_s9711,onlyK_mlp,9711,35,2800,275.9783172889733,0.0,286.5128030180931
onlyK_mlp_s9711,onlyK_mlp,9711,35,2900,277.06641739176666,0.0,286.4541538655758
onlyK_mlp_s9711,onlyK_mlp,9711,35,3000,272.73192851193636,0.0,283.51486521959305
onlyK_mlp_s9711,onlyK_mlp,9711,35,3100,281.0302261078617,0.0,289.62328267097473
onlyK_mlp_s9711,onlyK_mlp,9711,35,3200,278.86429271673666,0.0,288.2899406850338
onlyK_mlp_s9711,onlyK_mlp,9711,35,3300,282.0908719658408,0.0,290.4458301961422
onlyK_mlp_s9711,onlyK_mlp,9711,35,3400,283.9746959942123,0.0,292.3171235322952
onlyK_mlp_s9711,onlyK_mlp,9711,35,3500,277.4275928401614,0.0,287.22817301750183
onlyK_mlp_s9711,onlyK_mlp,9711,35,3600,275.09924582854734,0.0,285.41901582479477
onlyK_mlp_s9711,onlyK_mlp,9711,35,3700,279.04955019182705,0.0,287.1336604356766
onlyK_mlp_s9711,onlyK_mlp,9711,35,3800,273.69881425360626,0.0,284.3921070098877
onlyK_mlp_s9711,onlyK_mlp,9711,35,3900,280.1461122511475,0.0,288.98876881599426
onlyK_mlp_s9711,onlyK_mlp,9711,36,0,36.668576955484944,0.0006256247870624065,58.73932102822414
onlyK_mlp_s9711,onlyK_mlp,9711,36,100,217.55949651309706,0.0,225.95169442892075
onlyK_mlp_s9711,onlyK_mlp,9711,36,200,265.88836018676375,0.0,274.183086425066
onlyK_mlp_s9711,onlyK_mlp,9711,36,300,273.38972304876506,0.0,283.71187698841095
onlyK_mlp_s9711,onlyK_mlp,9711,36,400,278.6014739942358,0.0,287.3190177679062
onlyK_mlp_s9711,onlyK_mlp,9711,36,500,280.0088698686815,0.0,288.487177670002
onlyK_mlp_s9711,onlyK_mlp,9711,36,600,272.5441569148735,0.0,283.2936460971832
onlyK_mlp_s9711,onlyK_mlp,9711,36,700,275.4084557013893,0.0,285.18189780414104
onlyK_mlp_s9711,onlyK_mlp,9711,36,800,275.10081400850737,0.0,284.899363219738
onlyK_mlp_s9711,onlyK_mlp,9711,36,900,277.8544553057348,0.0,287.7970840930939
onlyK_mlp_s9711,onlyK_mlp,9711,36,1000,274.4131481060705,0.0,285.05995827168226
onlyK_mlp_s9711,onlyK_mlp,9711,36,1100,273.07040797380483,0.0,283.7546920180321
onlyK_mlp_s9711,onlyK_mlp,9711,36,1200,279.81460716486487,0.0,288.6748624444008
onlyK_mlp_s9711,onlyK_mlp,9711,36,1300,281.5569339916283,0.0,289.9488142132759
onlyK_mlp_s9711,onlyK_mlp,9711,36,1400,279.1918808878455,0.0,287.5090948343277
onlyK_mlp_s9711,onlyK_mlp,9711,36,1500,277.9648457207288,0.0,287.00692305341363
onlyK_mlp_s9711,onlyK_mlp,9711,36,1600,277.29423214665536,0.0,286.1844842284918
onlyK_mlp_s9711,onlyK_mlp,9711,36,1700,284.43054169320004,0.0,291.58083122968674
onlyK_mlp_s9711,onlyK_mlp,9711,36,1800,276.2082414758171,0.0,285.7443999648094
onlyK_mlp_s9711,onlyK_mlp,9711,36,1900,281.8485700472861,0.0,290.0068016354926
onlyK_mlp_s9711,onlyK_mlp,9711,36,2000,280.85199776223965,0.0,289.3911147713661
onlyK_mlp_s9711,onlyK_mlp,9711,36,2100,274.0340409270825,0.0,284.229630202055
onlyK_mlp_s9711,onlyK_mlp,9711,36,2200,284.3318149205975,0.0,291.66936761140823
onlyK_mlp_s9711,onlyK_mlp,9711,36,2300,277.32497803318824,0.0,287.08277560025454
onlyK_mlp_s9711,onlyK_mlp,9711,36,2400,275.3165291392776,0.0,285.7627245783806
onlyK_mlp_s9711,onlyK_mlp,9711,36,2500,278.3879183146446,0.0,287.3583472967148
onlyK_mlp_s9711,onlyK_mlp,9711,36,2600,280.4394607920176,0.0,289.12434589117765
onlyK_mlp_s9711,onlyK_mlp,9711,36,2700,273.74987344307766,0.0,285.14654336869717
onlyK_mlp_s9711,onlyK_mlp,9711,36,2800,276.70084538764394,0.0,285.9026822447777
onlyK_mlp_s9711,onlyK_mlp,9711,36,2900,280.13952004222995,0.0,289.1679043620825
onlyK_mlp_s9711,onlyK_mlp,9711,36,3000,280.3449489568961,0.0,288.7737689614296
onlyK_mlp_s9711,onlyK_mlp,9711,36,3100,278.26686885933657,0.0,287.3444880247116
onlyK_mlp_s9711,onlyK_mlp,9711,36,3200,272.3909930231338,0.0,283.1710053831339
onlyK_mlp_s9711,onlyK_mlp,9711,36,3300,269.98859738931,0.0,281.26788553595543
onlyK_mlp_s9711,onlyK_mlp,9711,36,3400,279.10787442301853,0.0,287.95280492305756
onlyK_mlp_s9711,onlyK_mlp,9711,36,3500,281.38310220475074,0.0,289.46570003032684
onlyK_mlp_s9711,onlyK_mlp,9711,36,3600,274.11315342228346,0.0,285.0211741887033
onlyK_mlp_s9711,onlyK_mlp,9711,36,3700,280.82539526479053,0.0,288.7519138455391
onlyK_mlp_s9711,onlyK_mlp,9711,36,3800,276.1300573659351,0.0,285.71771681308746
onlyK_mlp_s9711,onlyK_mlp,9711,36,3900,284.86665830345976,0.0,292.0629490688443
onlyK_mlp_s9711,onlyK_mlp,9711,37,0,36.668576955484944,0.0006256247870624065,58.73932102822414
onlyK_mlp_s9711,onlyK_mlp,9711,37,100,209.90244923040945,0.0,219.93696999549866
onlyK_mlp_s9711,onlyK_mlp,9711,37,200,266.02812977306473,0.0,274.46914464235306
onlyK_mlp_s9711,onlyK_mlp,9711,37,300,270.8471927144339,0.0,281.3851382434368
onlyK_mlp_s9711,onlyK_mlp,9711,37,400,273.9226697451754,0.0,283.9434489607811
onlyK_mlp_s9711,onlyK_mlp,9711,37,500,269.46941534289687,0.0,280.6813420653343
onlyK_mlp_s9711,onlyK_mlp,9711,37,600,273.60188405860856,0.0,283.90257066488266
onlyK_mlp_s9711,onlyK_mlp,9711,37,700,278.69556009033624,0.0,288.02757643535733
onlyK_mlp_s9711,onlyK_mlp,9711,37,800,273.7717899932279,0.0,284.00649739522487
onlyK_mlp_s9711,onlyK_mlp,9711,37,900,285.69482732946085,0.0,292.527391910553
onlyK_mlp_s9711,onlyK_mlp,9711,37,1000,284.28716094249853,0.0,292.4310164451599
onlyK_mlp_s9711,onlyK_mlp,9711,37,1100,277.9801766378593,0.0,287.95772141218185
onlyK_mlp_s9711,onlyK_mlp,9711,37,1200,277.00038201065644,0.0,286.593907892704
onlyK_mlp_s9711,onlyK_mlp,9711,37,1300,281.0658645949637,0.0,289.37395718693733
onlyK_mlp_s9711,onlyK_mlp,9711,37,1400,280.4173693467668,0.0,289.3766719400883
onlyK_mlp_s9711,onlyK_mlp,9711,37,1500,281.87754690986026,0.0,289.48686450719833
onlyK_mlp_s9711,onlyK_mlp,9711,37,1600,283.5846794763719,0.0,291.2782694399357
onlyK_mlp_s9711,onlyK_mlp,9711,37,1700,281.3419846158087,0.0,289.271199375391
onlyK_mlp_s9711,onlyK_mlp,9711,37,1800,281.49589792084225,0.0,289.5298866033554
onlyK_mlp_s9711,onlyK_mlp,9711,37,1900,276.0313081237636,0.0,286.5201725959778
onlyK_mlp_s9711,onlyK_mlp,9711,37,2000,273.5924107047012,0.0,284.3051336109638
onlyK_mlp_s9711,onlyK_mlp,9711,37,2100,279.00892101555934,0.0,287.7463241815567
onlyK_mlp_s9711,onlyK_mlp,9711,37,2200,275.6870861282173,0.0,285.76283794641495
onlyK_mlp_s9711,onlyK_mlp,9711,37,2300,270.9978322872228,0.0,282.2133757174015
onlyK_mlp_s9711,onlyK_mlp,9711,37,2400,279.5532308427791,0.0,287.8835903406143
onlyK_mlp_s9711,onlyK_mlp,9711,37,2500,279.6856551766767,0.0,288.3220256268978
onlyK_mlp_s9711,onlyK_mlp,9711,37,2600,278.1300889790937,0.0,287.26612865924835
onlyK_mlp_s9711,onlyK_mlp,9711,37,2700,276.4084098435257,0.0,286.0878612101078
onlyK_mlp_s9711,onlyK_mlp,9711,37,2800,277.97042519284656,0.0,287.3926234841347
onlyK_mlp_s9711,onlyK_mlp,9711,37,2900,277.64152391909374,0.0,287.6330218911171
onlyK_mlp_s9711,onlyK_mlp,9711,37,3000,285.7439266695295,0.0,292.8803206086159
onlyK_mlp_s9711,onlyK_mlp,9711,37,3100,280.03071177452716,0.0,288.5225384235382
onlyK_mlp_s9711,onlyK_mlp,9711,37,3200,279.5811172954654,0.0,288.18789106607437
onlyK_mlp_s9711,onlyK_mlp,9711,37,3300,277.0084375924844,0.0,286.82157576084137
onlyK_mlp_s9711,onlyK_mlp,9711,37,3400,275.4402920545661,0.0,284.7692929506302
onlyK_mlp_s9711,onlyK_mlp,9711,37,3500,284.4427922177973,0.0,291.62092912197113
onlyK_mlp_s9711,onlyK_mlp,9711,37,3600,276.8772507214692,0.0,286.6223049759865
onlyK_mlp_s9711,onlyK_mlp,9711,37,3700,276.38155442955326,0.0,285.9806986451149
onlyK_mlp_s9711,onlyK_mlp,9711,37,3800,278.96673515959094,0.0,287.3896495401859
onlyK_mlp_s9711,onlyK_mlp,9711,37,3900,276.9169897282695,0.0,286.26718214154243
onlyK_mlp_s9711,onlyK_mlp,9711,38,0,36.668576955484944,0.0006256247870624065,58.73932102822414
onlyK_mlp_s9711,onlyK_mlp,9711,38,100,205.763751023857,0.0,216.47167509794235
onlyK_mlp_s9711,onlyK_mlp,9711,38,200,268.62633152134737,0.0,275.8109206557274
onlyK_mlp_s9711,onlyK_mlp,9711,38,300,272.5376332017284,0.0,282.4214225113392
onlyK_mlp_s9711,onlyK_mlp,9711,38,400,277.34439562765647,0.0,286.4824379980564
onlyK_mlp_s9711,onlyK_mlp,9711,38,500,273.42479981441437,0.0,284.36443969607353
onlyK_mlp_s9711,onlyK_mlp,9711,38,600,272.9231656888678,0.0,283.7893608212471
onlyK_mlp_s9711,onlyK_mlp,9711,38,700,276.58793196055746,0.0,285.8985847234726
onlyK_mlp_s9711,onlyK_mlp,9711,38,800,282.6649324982005,0.0,291.20913521945477
onlyK_mlp_s9711,onlyK_mlp,9711,38,900,277.0447954626394,0.0,287.006674204953
onlyK_mlp_s9711,onlyK_mlp,9711,38,1000,273.5777552534046,0.0,284.1393261104822
onlyK_mlp_s9711,onlyK_mlp,9711,38,1100,274.5504967833538,0.0,285.2098339796066
onlyK_mlp_s9711,onlyK_mlp,9711,38,1200,277.65646972330114,0.0,287.0364196822047
onlyK_mlp_s9711,onlyK_mlp,9711,38,1300,277.27866549270595,0.0,287.077152043581
onlyK_mlp_s9711,onlyK_mlp,9711,38,1400,282.35996769055873,0.0,291.45936796069145
onlyK_mlp_s9711,onlyK_mlp,9711,38,1500,278.4266107495205,0.0,287.4344030022621
onlyK_mlp_s9711,onlyK_mlp,9711,38,1600,272.576718525176,0.0,283.4505488574505
onlyK_mlp_s9711,onlyK_mlp,9711,38,1700,272.3284866537763,0.0,283.040735270828
onlyK_mlp_s9711,onlyK_mlp,9711,38,1800,270.7427865677445,0.0,281.79621863365173
onlyK_mlp_s9711,onlyK_mlp,9711,38,1900,279.158938835169,0.0,287.50820422172546
onlyK_mlp_s9711,onlyK_mlp,9711,38,2000,284.47135167363393,0.0,292.1806230098009
onlyK_mlp_s9711,onlyK_mlp,9711,38,2100,288.7933530649446,0.0,295.1804439127445
onlyK_mlp_s9711,onlyK_mlp,9711,38,2200,283.10721916411035,0.0,291.6588156223297
onlyK_mlp_s9711,onlyK_mlp,9711,38,2300,283.2210270191799,0.0,290.9956784248352
onlyK_mlp_s9711,onlyK_mlp,9711,38,2400,280.46654570722313,0.0,289.2203373014927
onlyK_mlp_s9711,onlyK_mlp,9711,38,2500,284.9177300132263,0.0,292.04746628552675
onlyK_mlp_s9711,onlyK_mlp,9711,38,2600,284.7533388067468,0.0,292.36543625593185
onlyK_mlp_s9711,onlyK_mlp,9711,38,2700,276.84632200110866,0.0,287.2703930735588
onlyK_mlp_s9711,onlyK_mlp,9711,38,2800,275.6093418264136,0.0,285.92215090990067
onlyK_mlp_s9711,onlyK_mlp,9711,38,2900,272.40429053426595,0.0,283.1357202231884
onlyK_mlp_s9711,onlyK_mlp,9711,38,3000,283.9849995330973,0.0,291.06618416309357
onlyK_mlp_s9711,onlyK_mlp,9711,38,3100,283.89439558263985,0.0,292.44324749708176
onlyK_mlp_s9711,onlyK_mlp,9711,38,3200,276.34396855907903,0.0,286.4371538758278
onlyK_mlp_s9711,onlyK_mlp,9711,38,3300,277.7505905732376,0.0,287.3997737467289
onlyK_mlp_s9711,onlyK_mlp,9711,38,3400,279.1605588710981,0.0,288.14407624304295
onlyK_mlp_s9711,onlyK_mlp,9711,38,3500,281.1458859582242,0.0,289.76722943782806
onlyK_mlp_s9711,onlyK_mlp,9711,38,3600,282.1774861103435,0.0,289.95799243450165
onlyK_mlp_s9711,onlyK_mlp,9711,38,3700,275.3770450662139,0.0,285.74173378944397
onlyK_mlp_s9711,onlyK_mlp,9711,38,3800,275.6807375595347,0.0,285.3776587545872
onlyK_mlp_s9711,onlyK_mlp,9711,38,3900,281.69772090330105,0.0,289.7237865924835
onlyK_mlp_s9711,onlyK_mlp,9711,39,0,36.668576955484944,0.0006256247870624065,58.73932102822414
onlyK_mlp_s9711,onlyK_mlp,9711,39,100,212.84444298453332,0.0,222.00386158912443
onlyK_mlp_s9711,onlyK_mlp,9711,39,200,264.0260421626618,0.0,273.2047730535269
onlyK_mlp_s9711,onlyK_mlp,9711,39,300,277.19029075103134,0.0,285.8481221795082
onlyK_mlp_s9711,onlyK_mlp,9711,39,400,276.1927433349646,0.0,285.7831927537918
onlyK_mlp_s9711,onlyK_mlp,9711,39,500,277.93611240006044,0.0,287.0115369120613
onlyK_mlp_s9711,onlyK_mlp,9711,39,600,274.307740946185,0.0,284.1044079735875
onlyK_mlp_s9711,onlyK_mlp,9711,39,700,274.97774894687217,0.0,285.17046593129635
onlyK_mlp_s9711,onlyK_mlp,9711,39,800,276.06098110157717,0.0,285.5942108631134
onlyK_mlp_s9711,onlyK_mlp,9711,39,900,278.78306055956205,0.0,287.36710315942764
onlyK_mlp_s9711,onlyK_mlp,9711,39,1000,279.5436476292618,0.0,288.2815161347389
onlyK_mlp_s9711,onlyK_mlp,9711,39,1100,278.8471537796527,0.0,287.85824555158615
onlyK_mlp_s9711,onlyK_mlp,9711,39,1200,279.7078941937504,0.0,287.8467826247215
onlyK_mlp_s9711,onlyK_mlp,9711,39,1300,277.5754062098338,0.0,286.32803761959076
onlyK_mlp_s9711,onlyK_mlp,9711,39,1400,280.1262228806848,0.0,288.6356882452965
onlyK_mlp_s9711,onlyK_mlp,9711,39,1500,276.5497691273487,0.0,285.9927616715431
onlyK_mlp_s9711,onlyK_mlp,9711,39,1600,282.16378930821827,0.0,289.6562283039093
onlyK_mlp_s9711,onlyK_mlp,9711,39,1700,275.0792482943445,0.0,285.1339923143387
onlyK_mlp_s9711,onlyK_mlp,9711,39,1800,277.41739828218147,0.0,286.1846794337034
onlyK_mlp_s9711,onlyK_mlp,9711,39,1900,281.42714794909307,0.0,289.426621645689
onlyK_mlp_s9711,onlyK_mlp,9711,39,2000,279.97814935329023,0.0,288.6844357252121
onlyK_mlp_s9711,onlyK_mlp,9711,39,2100,276.8799879808691,0.0,286.27386966347694
onlyK_mlp_s9711,onlyK_mlp,9711,39,2200,281.9121636267758,0.0,289.60236144065857
onlyK_mlp_s9711,onlyK_mlp,9711,39,2300,276.8217079422396,0.0,287.34741565585136
onlyK_mlp_s9711,onlyK_mlp,9711,39,2400,274.8668724571926,0.0,284.70443391799927
onlyK_mlp_s9711,onlyK_mlp,9711,39,2500,274.6469322758533,0.0,284.71154510974884
onlyK_mlp_s9711,onlyK_mlp,9711,39,2600,276.4746248338109,0.0,285.62374234199524
onlyK_mlp_s9711,onlyK_mlp,9711,39,2700,276.24107058953484,0.0,286.74058467149734
onlyK_mlp_s9711,onlyK_mlp,9711,39,2800,277.4567896858296,0.0,286.50434720516205
onlyK_mlp_s9711,onlyK_mlp,9711,39,2900,272.50051540176514,0.0,283.6190662384033
onlyK_mlp_s9711,onlyK_mlp,9711,39,3000,279.9141934304782,0.0,287.9834082722664
onlyK_mlp_s9711,onlyK_mlp,9711,39,3100,281.28696988161397,0.0,290.022138254717
onlyK_mlp_s9711,onlyK_mlp,9711,39,3200,274.34438114551597,0.0,284.6496732831001
onlyK_mlp_s9711,onlyK_mlp,9711,39,3300,280.6666168749437,0.0,288.63272100687027
onlyK_mlp_s9711,onlyK_mlp,9711,39,3400,280.95453409306043,0.0,289.87412893772125
onlyK_mlp_s9711,onlyK_mlp,9711,39,3500,283.21191956662665,0.0,290.805521607399
onlyK_mlp_s9711,onlyK_mlp,9711,39,3600,280.78464090687703,0.0,289.3937225341797
onlyK_mlp_s9711,onlyK_mlp,9711,39,3700,280.91326807803637,0.0,289.2533342242241
onlyK_mlp_s9711,onlyK_mlp,9711,39,3800,280.1972112007041,0.0,289.0577304959297
onlyK_mlp_s9711,onlyK_mlp,9711,39,3900,273.60697396420625,0.0,284.6581267118454
onlyK_mlp_s9711,onlyK_mlp,9711,40,0,36.668576955484944,0.0006256247870624065,58.73932102822414
onlyK_mlp_s9711,onlyK_mlp,9711,40,100,218.69289287899554,0.0,226.64863395690918
onlyK_mlp_s9711,onlyK_mlp,9711,40,200,263.6546048078208,0.0,273.92950493097305
onlyK_mlp_s9711,onlyK_mlp,9711,40,300,275.22457754277053,0.0,284.6635894179344
onlyK_mlp_s9711,onlyK_mlp,9711,40,400,279.74198357961956,0.0,288.25654485821724
onlyK_mlp_s9711,onlyK_mlp,9711,40,500,278.9623704947418,0.0,288.1340193450451
onlyK_mlp_s9711,onlyK_mlp,9711,40,600,275.3687216963383,0.0,285.7645202279091
onlyK_mlp_s9711,onlyK_mlp,9711,40,700,277.1403482738313,0.0,285.7750358581543
onlyK_mlp_s9711,onlyK_mlp,9711,40,800,276.3091297639845,0.0,286.2787500023842
onlyK_mlp_s9711,onlyK_mlp,9711,40,900,277.2861109901832,0.0,286.7686167359352
onlyK_mlp_s9711,onlyK_mlp,9711,40,1000,280.27164014740276,0.0,288.05983283370733
onlyK_mlp_s9711,onlyK_mlp,9711,40,1100,282.6018601456931,0.0,290.3074121773243
onlyK_mlp_s9711,onlyK_mlp,9711,40,1200,271.814454241247,0.0,283.0902258679271
onlyK_mlp_s9711,onlyK_mlp,9711,40,1300,281.01841738759356,0.0,288.81114715337753
onlyK_mlp_s9711,onlyK_mlp,9711,40,1400,278.6385314007809,0.0,287.36374524235725
onlyK_mlp_s9711,onlyK_mlp,9711,40,1500,275.89768765721635,0.0,285.202800154686
onlyK_mlp_s9711,onlyK_mlp,9711,40,1600,275.63486515775674,0.0,284.7471380829811
onlyK_mlp_s9711,onlyK_mlp,9711,40,1700,275.8837146221224,0.0,285.6179247498512
onlyK_mlp_s9711,onlyK_mlp,9711,40,1800,278.0272302227525,0.0,286.6255138516426
onlyK_mlp_s9711,onlyK_mlp,9711,40,1900,279.2982002648146,0.0,288.64236825704575
onlyK_mlp_s9711,onlyK_mlp,9711,40,2000,277.6343864201445,0.0,286.72011655569077
onlyK_mlp_s9711,onlyK_mlp,9711,40,2100,277.0526583042615,0.0,286.5839470028877
onlyK_mlp_s9711,onlyK_mlp,9711,40,2200,280.95220826377107,0.0,289.34357020258904
onlyK_mlp_s9711,onlyK_mlp,9711,40,2300,275.72190917653154,0.0,285.64216363430023
onlyK_mlp_s9711,onlyK_mlp,9711,40,2400,271.74768129894795,0.0,282.77806401252747
onlyK_mlp_s9711,onlyK_mlp,9711,40,2500,282.2215738735624,0.0,289.75343614816666
onlyK_mlp_s9711,onlyK_mlp,9711,40,2600,277.3437367467511,0.0,286.52656358480453
onlyK_mlp_s9711,onlyK_mlp,9711,40,2700,275.0225269674709,0.0,285.00886029563844
onlyK_mlp_s9711,onlyK_mlp,9711,40,2800,283.34673258706033,0.0,290.49972704052925
onlyK_mlp_s9711,onlyK_mlp,9711,40,2900,277.9396572985644,0.0,287.58124327659607
onlyK_mlp_s9711,onlyK_mlp,9711,40,3000,274.5103410263258,0.0,285.2694101035595
onlyK_mlp_s9711,onlyK_mlp,9711,40,3100,276.45483951478343,0.0,285.8604830503464
onlyK_mlp_s9711,onlyK_mlp,9711,40,3200,278.7497905807584,0.0,288.10874604433775
onlyK_mlp_s9711,onlyK_mlp,9711,40,3300,278.35449281745997,0.0,287.02822596020997
onlyK_mlp_s9711,onlyK_mlp,9711,40,3400,278.34407508116226,0.0,288.1605370938778
onlyK_mlp_s9711,onlyK_mlp,9711,40,3500,281.7232257972711,0.0,289.8151407837868
onlyK_mlp_s9711,onlyK_mlp,9711,40,3600,283.43458588797694,0.0,290.66248792409897
onlyK_mlp_s9711,onlyK_mlp,9711,40,3700,275.36529607335166,0.0,286.01762280985713
onlyK_mlp_s9711,onlyK_mlp,9711,40,3800,275.37058968284424,0.0,285.46766659617424
onlyK_mlp_s9711,onlyK_mlp,9711,40,3900,278.57028253561884,0.0,286.897018969059
onlyK_mlp_s9711,onlyK_mlp,9711,41,0,36.668576955484944,0.0006256247870624065,58.73932102822414
onlyK_mlp_s9711,onlyK_mlp,9711,41,100,208.40979835298188,0.0,218.98538202047348
onlyK_mlp_s9711,onlyK_mlp,9711,41,200,269.5997236834789,0.0,276.6558703184128
onlyK_mlp_s9711,onlyK_mlp,9711,41,300,278.87177453644176,0.0,286.87588757276535
onlyK_mlp_s9711,onlyK_mlp,9711,41,400,282.59022222287854,0.0,290.1252995580435
onlyK_mlp_s9711,onlyK_mlp,9711,41,500,283.3657661073616,0.0,291.32494673132896
onlyK_mlp_s9711,onlyK_mlp,9711,41,600,276.14966638776275,0.0,286.4436892569065
onlyK_mlp_s9711,onlyK_mlp,9711,41,700,272.64814812486713,0.0,283.0902748480439
onlyK_mlp_s9711,onlyK_mlp,9711,41,800,279.9662273737679,0.0,288.60634607076645
onlyK_mlp_s9711,onlyK_mlp,9711,41,900,276.8293058476575,0.0,286.6069568991661
onlyK_mlp_s9711,onlyK_mlp,9711,41,1000,282.0567594730445,0.0,289.9269782304764
onlyK_mlp_s9711,onlyK_mlp,9711,41,1100,277.7651517540329,0.0,287.2803048789501
onlyK_mlp_s9711,onlyK_mlp,9711,41,1200,274.7555885692028,0.0,284.79682689905167
onlyK_mlp_s9711,onlyK_mlp,9711,41,1300,280.00395917541886,0.0,288.22365944087505
onlyK_mlp_s9711,onlyK_mlp,9711,41,1400,277.4622029453288,0.0,287.42592281103134
onlyK_mlp_s9711,onlyK_mlp,9711,41,1500,276.09525793393794,0.0,286.2860979437828
onlyK_mlp_s9711,onlyK_mlp,9711,41,1600,279.72343936261433,0.0,287.7500983476639
onlyK_mlp_s9711,onlyK_mlp,9711,41,1700,280.1179004282621,0.0,289.03387270867825
onlyK_mlp_s9711,onlyK_mlp,9711,41,1800,282.6526972080269,0.0,290.8726264834404
onlyK_mlp_s9711,onlyK_mlp,9711,41,1900,277.9743249622744,0.0,286.75969791412354
onlyK_mlp_s9711,onlyK_mlp,9711,41,2000,281.0727023620271,0.0,289.66135662794113
onlyK_mlp_s9711,onlyK_mlp,9711,41,2100,276.3166479267345,0.0,285.52017599344254
onlyK_mlp_s9711,onlyK_mlp,9711,41,2200,272.810125090299,0.0,283.7254949212074
onlyK_mlp_s9711,onlyK_mlp,9711,41,2300,281.1943306111138,0.0,290.2385709285736
onlyK_mlp_s9711,onlyK_mlp,9711,41,2400,280.54631430614205,0.0,289.15582413971424
onlyK_mlp_s9711,onlyK_mlp,9711,41,2500,279.6268057598846,0.0,288.9838373064995
onlyK_mlp_s9711,onlyK_mlp,9711,41,2600,281.8292929241937,0.0,289.2939784526825
onlyK_mlp_s9711,onlyK_mlp,9711,41,2700,287.9672106716606,0.0,294.8228517174721
onlyK_mlp_s9711,onlyK_mlp,9711,41,2800,286.19617566138663,0.0,294.19529171288013
onlyK_mlp_s9711,onlyK_mlp,9711,41,2900,286.5713370498684,0.0,294.27283507585526
onlyK_mlp_s9711,onlyK_mlp,9711,41,3000,281.3460805151204,0.0,290.50321674346924
onlyK_mlp_s9711,onlyK_mlp,9711,41,3100,278.18960826069514,0.0,287.3209160268307
onlyK_mlp_s9711,onlyK_mlp,9711,41,3200,278.5640586956506,0.0,286.7557995915413
onlyK_mlp_s9711,onlyK_mlp,9711,41,3300,280.92157442463815,0.0,288.8658737540245
onlyK_mlp_s9711,onlyK_mlp,9711,41,3400,281.9777550361939,0.0,290.4581809937954
onlyK_mlp_s9711,onlyK_mlp,9711,41,3500,277.50858695504957,0.0,286.6440529227257
onlyK_mlp_s9711,onlyK_mlp,9711,41,3600,282.27015564529665,0.0,289.5800110697746
onlyK_mlp_s9711,onlyK_mlp,9711,41,3700,283.1733791471704,0.0,291.11669927835464
onlyK_mlp_s9711,onlyK_mlp,9711,41,3800,279.30453169799296,0.0,288.22564214468
onlyK_mlp_s9711,onlyK_mlp,9711,41,3900,277.4210365239251,0.0,286.676049888134
onlyK_mlp_s9712,onlyK_mlp,9712,30,0,36.668576955484944,0.0006256247870624065,58.73932102822414
onlyK_mlp_s9712,onlyK_mlp,9712,30,100,213.0818637054919,0.0,222.44073742628098
onlyK_mlp_s9712,onlyK_mlp,9712,30,200,261.8961090828409,0.0,271.8049883842468
onlyK_mlp_s9712,onlyK_mlp,9712,30,300,280.57270574643985,0.0,288.70564901828766
onlyK_mlp_s9712,onlyK_mlp,9712,30,400,281.74107818264895,0.0,290.49383598566055
onlyK_mlp_s9712,onlyK_mlp,9712,30,500,278.33244767396747,0.0,287.8510420322418
onlyK_mlp_s9712,onlyK_mlp,9712,30,600,287.34102133817413,0.0,294.89015954732895
onlyK_mlp_s9712,onlyK_mlp,9712,30,700,282.9742542028052,0.0,291.9175902605057
onlyK_mlp_s9712,onlyK_mlp,9712,30,800,280.17872840503446,0.0,289.5301768183708
onlyK_mlp_s9712,onlyK_mlp,9712,30,900,280.8461179102827,0.0,290.68693017959595
onlyK_mlp_s9712,onlyK_mlp,9712,30,1000,279.32801847114246,0.0,288.12873139977455
onlyK_mlp_s9712,onlyK_mlp,9712,30,1100,277.4659161518365,0.0,286.8756483197212
onlyK_mlp_s9712,onlyK_mlp,9712,30,1200,286.0064050378724,0.0,293.4979590475559
onlyK_mlp_s9712,onlyK_mlp,9712,30,1300,282.0474319583577,0.0,291.47540658712387
onlyK_mlp_s9712,onlyK_mlp,9712,30,1400,281.07863026457204,0.0,289.686598777771
onlyK_mlp_s9712,onlyK_mlp,9712,30,1500,288.7655132291702,0.0,295.7670642733574
onlyK_mlp_s9712,onlyK_mlp,9712,30,1600,287.440788719654,0.0,295.3881351351738
onlyK_mlp_s9712,onlyK_mlp,9712,30,1700,272.1981256508858,0.0,283.9878364801407
onlyK_mlp_s9712,onlyK_mlp,9712,30,1800,279.9396342369111,0.0,288.67440861463547
onlyK_mlp_s9712,onlyK_mlp,9712,30,1900,288.514647229931,0.0,295.7457709312439
onlyK_mlp_s9712,onlyK_mlp,9712,30,2000,281.07379785835195,0.0,290.83126133680344
onlyK_mlp_s9712,onlyK_mlp,9712,30,2100,275.88839436382204,0.0,286.15200567245483
onlyK_mlp_s9712,onlyK_mlp,9712,30,2200,277.9215772516104,0.0,287.2655620276928
onlyK_mlp_s9712,onlyK_mlp,9712,30,2300,278.00447669246233,0.0,287.97210717201233
onlyK_mlp_s9712,onlyK_mlp,9712,30,2400,280.0386956539703,0.0,289.4616504907608
onlyK_mlp_s9712,onlyK_mlp,9712,30,2500,284.6613710555161,0.0,292.21896091103554
onlyK_mlp_s9712,onlyK_mlp,9712,30,2600,282.28533174829903,0.0,291.74143451452255
onlyK_mlp_s9712,onlyK_mlp,9712,30,2700,281.0054810592703,0.0,290.0721081197262
onlyK_mlp_s9712,onlyK_mlp,9712,30,2800,279.25479379101944,0.0,289.01830608956516
onlyK_mlp_s9712,onlyK_mlp,9712,30,2900,284.7529200895537,0.0,292.5018067955971
onlyK_mlp_s9712,onlyK_mlp,9712,30,3000,276.4705629191161,0.0,287.3809659779072
onlyK_mlp_s9712,onlyK_mlp,9712,30,3100,279.9790924270477,0.0,289.45695477724075
onlyK_mlp_s9712,onlyK_mlp,9712,30,3200,279.5121541578509,0.0,288.8364711999893
onlyK_mlp_s9712,onlyK_mlp,9712,30,3300,282.22864991574727,0.0,291.3414998948574
onlyK_mlp_s9712,onlyK_mlp,9712,30,3400,282.436806169077,0.0,291.34051421284676
onlyK_mlp_s9712,onlyK_mlp,9712,30,3500,280.65954914476447,0.0,290.69613963365555
onlyK_mlp_s9712,onlyK_mlp,9712,30,3600,277.7873284910574,0.0,288.38884276151657
onlyK_mlp_s9712,onlyK_mlp,9712,30,3700,278.6597933585091,0.0,287.70905554294586
onlyK_mlp_s9712,onlyK_mlp,9712,30,3800,282.40005607626375,0.0,290.8652749657631
onlyK_mlp_s9712,onlyK_mlp,9712,30,3900,287.3853102295423,0.0,294.5111058950424
onlyK_mlp_s9712,onlyK_mlp,9712,31,0,36.668576955484944,0.0006256247870624065,58.73932102822414
onlyK_mlp_s9712,onlyK_mlp,9712,31,100,214.02032020969196,0.0,223.3703663945198
onlyK_mlp_s9712,onlyK_mlp,9712,31,200,262.85430049126876,0.0,272.9224466085434
onlyK_mlp_s9712,onlyK_mlp,9712,31,300,273.1299076215272,0.0,283.30622631311417
onlyK_mlp_s9712,onlyK_mlp,9712,31,400,281.2572010919456,0.0,288.9603605270386
onlyK_mlp_s9712,onlyK_mlp,9712,31,500,280.32309047960797,0.0,289.9478830099106
onlyK_mlp_s9712,onlyK_mlp,9712,31,600,276.1915300538061,0.0,286.2916558980942
onlyK_mlp_s9712,onlyK_mlp,9712,31,700,281.05833395424514,0.0,290.0174731127918
onlyK_mlp_s9712,onlyK_mlp,9712,31,800,276.2894566254517,0.0,286.09935830533504
onlyK_mlp_s9712,onlyK_mlp,9712,31,900,275.010082825432,0.0,285.0763941183686
onlyK_mlp_s9712,onlyK_mlp,9712,31,1000,277.04086401084146,0.0,286.4275180399418
onlyK_mlp_s9712,onlyK_mlp,9712,31,1100,284.5517431115924,0.0,292.0397117808461
onlyK_mlp_s9712,onlyK_mlp,9712,31,1200,278.20004198317156,0.0,289.03162007033825
onlyK_mlp_s9712,onlyK_mlp,9712,31,1300,283.4548331721547,0.0,291.4445926249027
onlyK_mlp_s9712,onlyK_mlp,9712,31,1400,278.11074930475036,0.0,288.13562151789665
onlyK_mlp_s9712,onlyK_mlp,9712,31,1500,280.983902404047,0.0,289.68343329429626
onlyK_mlp_s9712,onlyK_mlp,9712,31,1600,279.78158796448304,0.0,289.2020958214998
onlyK_mlp_s9712,onlyK_mlp,9712,31,1700,282.11501566126526,0.0,291.02891350351274
onlyK_mlp_s9712,onlyK_mlp,9712,31,1800,277.47619901277403,0.0,287.62705051898956
onlyK_mlp_s9712,onlyK_mlp,9712,31,1900,283.4365388893833,0.0,291.1199790611863
onlyK_mlp_s9712,onlyK_mlp,9712,31,2000,281.2188377259746,0.0,290.550389111042
onlyK_mlp_s9712,onlyK_mlp,9712,31,2100,284.61332361335633,0.0,293.0016557641793
onlyK_mlp_s9712,onlyK_mlp,9712,31,2200,281.53322808025814,0.0,291.1533422768116
onlyK_mlp_s9712,onlyK_mlp,9712,31,2300,278.7612800943288,0.0,288.70351284742355
onlyK_mlp_s9712,onlyK_mlp,9712,31,2400,287.6934941201164,0.0,294.9017286300659
onlyK_mlp_s9712,onlyK_mlp,9712,31,2500,285.866016922654,0.0,293.74423587322235
onlyK_mlp_s9712,onlyK_mlp,9712,31,2600,286.5249701060123,0.0,294.03383668884635
onlyK_mlp_s9712,onlyK_mlp,9712,31,2700,277.292337852575,0.0,287.9553775191307
onlyK_mlp_s9712,onlyK_mlp,9712,31,2800,280.7847553633185,0.0,289.4761994481087
onlyK_mlp_s9712,onlyK_mlp,9712,31,2900,282.00254952001075,0.0,290.2570389211178
onlyK_mlp_s9712,onlyK_mlp,9712,31,3000,278.23601303658637,0.0,287.9131780266762
onlyK_mlp_s9712,onlyK_mlp,9712,31,3100,283.8927988887853,0.0,291.786333322525
onlyK_mlp_s9712,onlyK_mlp,9712,31,3200,287.3986313212299,0.0,295.03760951012373
onlyK_mlp_s9712,onlyK_mlp,9712,31,3300,286.1978588516586,0.0,294.2949284017086
onlyK_mlp_s9712,onlyK_mlp,9712,31,3400,279.4580703907985,0.0,289.3636792600155
onlyK_mlp_s9712,onlyK_mlp,9712,31,3500,276.87521413185397,0.0,286.96988797187805
onlyK_mlp_s9712,onlyK_mlp,9712,31,3600,277.10808351187836,0.0,286.9910663366318
onlyK_mlp_s9712,onlyK_mlp,9712,31,3700,280.01266951953943,0.0,289.25699919462204
onlyK_mlp_s9712,onlyK_mlp,9712,31,3800,282.4106497271492,0.0,290.68625843524933
onlyK_mlp_s9712,onlyK_mlp,9712,31,3900,272.97101847576363,0.0,284.35401609539986
onlyK_mlp_s9712,onlyK_mlp,9712,32,0,36.668576955484944,0.0006256247870624065,58.73932102822414
onlyK_mlp_s9712,onlyK_mlp,9712,32,100,211.04867626701713,0.0,220.6887959241867
onlyK_mlp_s9712,onlyK_mlp,9712,32,200,269.6637614372818,0.0,277.65216052532196
onlyK_mlp_s9712,onlyK_mlp,9712,32,300,274.41975851728984,0.0,284.22444801032543
onlyK_mlp_s9712,onlyK_mlp,9712,32,400,284.44424981123757,0.0,292.60616022348404
onlyK_mlp_s9712,onlyK_mlp,9712,32,500,281.56851141368844,0.0,289.7407571077347
onlyK_mlp_s9712,onlyK_mlp,9712,32,600,281.2779507471706,0.0,289.5277938246727
onlyK_mlp_s9712,onlyK_mlp,9712,32,700,277.5985534617846,0.0,287.6441797018051
onlyK_mlp_s9712,onlyK_mlp,9712,32,800,281.66189382440456,0.0,289.89055222272873
onlyK_mlp_s9712,onlyK_mlp,9712,32,900,284.79702676130904,0.0,293.25727739930153
onlyK_mlp_s9712,onlyK_mlp,9712,32,1000,276.75334486359833,0.0,286.8444788455963
onlyK_mlp_s9712,onlyK_mlp,9712,32,1100,283.07194488601874,0.0,290.8602261543274
onlyK_mlp_s9712,onlyK_mlp,9712,32,1200,286.36751683012596,0.0,293.69269770383835
onlyK_mlp_s9712,onlyK_mlp,9712,32,1300,283.02180200868696,0.0,291.4719106554985
onlyK_mlp_s9712,onlyK_mlp,9712,32,1400,282.956129891856,0.0,291.66110545396805
onlyK_mlp_s9712,onlyK_mlp,9712,32,1500,278.5049016961983,0.0,288.34973672032356
onlyK_mlp_s9712,onlyK_mlp,9712,32,1600,284.6242121791122,0.0,292.24081839621067
onlyK_mlp_s9712,onlyK_mlp,9712,32,1700,285.01739174540666,0.0,293.4277245104313
onlyK_mlp_s9712,onlyK_mlp,9712,32,1800,281.50743006740606,0.0,290.9712270498276
onlyK_mlp_s9712,onlyK_mlp,9712,32,1900,282.72282935452296,0.0,291.25530940294266
onlyK_mlp_s9712,onlyK_mlp,9712,32,2000,280.9916582541578,0.0,290.1597754955292
onlyK_mlp_s9712,onlyK_mlp,9712,32,2100,280.43270450871483,0.0,289.2003445774317
onlyK_mlp_s9712,onlyK_mlp,9712,32,2200,275.3230697809251,0.0,285.2943688929081
onlyK_mlp_s9712,onlyK_mlp,9712,32,2300,282.55716983395456,0.0,291.14803947508335
onlyK_mlp_s9712,onlyK_mlp,9712,32,2400,277.05204171030283,0.0,286.3881983458996
onlyK_mlp_s9712,onlyK_mlp,9712,32,2500,276.71490893921515,0.0,286.85554522275925
onlyK_mlp_s9712,onlyK_mlp,9712,32,2600,281.2152269915713,0.0,289.1796028763056
onlyK_mlp_s9712,onlyK_mlp,9712,32,2700,281.4601800729391,0.0,291.13489125669
onlyK_mlp_s9712,onlyK_mlp,9712,32,2800,274.5938571777331,0.0,285.5669178366661
onlyK_mlp_s9712,onlyK_mlp,9712,32,2900,279.64114629271404,0.0,288.49782958626747
onlyK_mlp_s9712,onlyK_mlp,9712,32,3000,279.8377594038254,0.0,288.3521595597267
onlyK_mlp_s9712,onlyK_mlp,9712,32,3100,277.3682301309523,0.0,287.826311647892
onlyK_mlp_s9712,onlyK_mlp,9712,32,3200,278.45544540306923,0.0,287.83975994586945
onlyK_mlp_s9712,onlyK_mlp,9712,32,3300,278.23226974879395,0.0,288.0026903222315
onlyK_mlp_s9712,onlyK_mlp,9712,32,3400,281.4890785533012,0.0,290.43250292539597
onlyK_mlp_s9712,onlyK_mlp,9712,32,3500,280.0818932769048,0.0,290.2655746936798
onlyK_mlp_s9712,onlyK_mlp,9712,32,3600,280.0482943241732,0.0,288.8984054327011
onlyK_mlp_s9712,onlyK_mlp,9712,32,3700,272.5695126631656,0.0,283.4279786348343
onlyK_mlp_s9712,onlyK_mlp,9712,32,3800,277.3998750396079,0.0,286.47352570295334
onlyK_mlp_s9712,onlyK_mlp,9712,32,3900,285.5016961359349,0.0,293.2347339987755
onlyK_mlp_s9712,onlyK_mlp,9712,33,0,36.668576955484944,0.0006256247870624065,58.73932102822414
onlyK_mlp_s9712,onlyK_mlp,9712,33,100,210.10306241380312,0.0,220.03858058154583
onlyK_mlp_s9712,onlyK_mlp,9712,33,200,267.9365020368134,0.0,276.1848732382059
onlyK_mlp_s9712,onlyK_mlp,9712,33,300,285.3667680679812,0.0,292.3524860739708
onlyK_mlp_s9712,onlyK_mlp,9712,33,400,281.8450600205685,0.0,291.56920886039734
onlyK_mlp_s9712,onlyK_mlp,9712,33,500,281.02170941663417,0.0,290.74985510110855
onlyK_mlp_s9712,onlyK_mlp,9712,33,600,278.4256217664776,0.0,288.5262457728386
onlyK_mlp_s9712,onlyK_mlp,9712,33,700,283.4387699170306,0.0,291.23705084621906
onlyK_mlp_s9712,onlyK_mlp,9712,33,800,274.86124346561763,0.0,286.21868255734444
onlyK_mlp_s9712,onlyK_mlp,9712,33,900,284.88603956752956,0.0,292.4921175837517
onlyK_mlp_s9712,onlyK_mlp,9712,33,1000,279.05983460717636,0.0,288.6363744735718
onlyK_mlp_s9712,onlyK_mlp,9712,33,1100,274.6232871610746,0.0,285.52184253931046
onlyK_mlp_s9712,onlyK_mlp,9712,33,1200,275.45785181312897,0.0,284.84700751304626
onlyK_mlp_s9712,onlyK_mlp,9712,33,1300,279.82836184824885,0.0,287.8159291744232
onlyK_mlp_s9712,onlyK_mlp,9712,33,1400,281.0142306588518,0.0,289.9821918606758
onlyK_mlp_s9712,onlyK_mlp,9712,33,1500,280.8079839262133,0.0,290.5166482925415
onlyK_mlp_s9712,onlyK_mlp,9712,33,1600,283.0026852417024,0.0,291.454521805048
onlyK_mlp_s9712,onlyK_mlp,9712,33,1700,277.31473646524245,0.0,287.10460801422596
onlyK_mlp_s9712,onlyK_mlp,9712,33,1800,276.24021435602856,0.0,286.1053863540292
onlyK_mlp_s9712,onlyK_mlp,9712,33,1900,280.5573492630805,0.0,289.51276367902756
onlyK_mlp_s9712,onlyK_mlp,9712,33,2000,281.9646672652909,0.0,291.79556852579117
onlyK_mlp_s9712,onlyK_mlp,9712,33,2100,276.2185489493363,0.0,286.42729419469833
onlyK_mlp_s9712,onlyK_mlp,9712,33,2200,277.28276884711204,0.0,287.33289662003517
onlyK_mlp_s9712,onlyK_mlp,9712,33,2300,279.7923998268657,0.0,288.53237903118134
onlyK_mlp_s9712,onlyK_mlp,9712,33,2400,279.2347898464905,0.0,287.9866397380829
onlyK_mlp_s9712,onlyK_mlp,9712,33,2500,278.5962167302718,0.0,288.7031089067459
onlyK_mlp_s9712,onlyK_mlp,9712,33,2600,276.4761535211235,0.0,286.49369597435
onlyK_mlp_s9712,onlyK_mlp,9712,33,2700,277.73457951414093,0.0,287.0535294339061
onlyK_mlp_s9712,onlyK_mlp,9712,33,2800,281.21495964991544,0.0,289.5589647293091
onlyK_mlp_s9712,onlyK_mlp,9712,33,2900,285.95114339964414,0.0,293.7186971306801
onlyK_mlp_s9712,onlyK_mlp,9712,33,3000,282.53491841660014,0.0,291.89201033115387
onlyK_mlp_s9712,onlyK_mlp,9712,33,3100,277.2303209094782,0.0,287.708937227726
onlyK_mlp_s9712,onlyK_mlp,9712,33,3200,275.81412782170446,0.0,286.9062498807907
onlyK_mlp_s9712,onlyK_mlp,9712,33,3300,280.85636361780814,0.0,289.96215558052063
onlyK_mlp_s9712,onlyK_mlp,9712,33,3400,284.349691900784,0.0,292.14530953764915
onlyK_mlp_s9712,onlyK_mlp,9712,33,3500,282.05454983112986,0.0,290.77205085754395
onlyK_mlp_s9712,onlyK_mlp,9712,33,3600,281.3250802410438,0.0,290.164658755064
onlyK_mlp_s9712,onlyK_mlp,9712,33,3700,283.10935520086866,0.0,291.65054428577423
onlyK_mlp_s9712,onlyK_mlp,9712,33,3800,279.56573802160267,0.0,288.9880777001381
onlyK_mlp_s9712,onlyK_mlp,9712,33,3900,280.6423707569876,0.0,289.3630047440529
onlyK_mlp_s9712,onlyK_mlp,9712,34,0,36.668576955484944,0.0006256247870624065,58.73932102822414
onlyK_mlp_s9712,onlyK_mlp,9712,34,100,215.20519672249685,0.0,223.93911319971085
onlyK_mlp_s9712,onlyK_mlp,9712,34,200,259.75849789111106,0.0,271.2667865753174
onlyK_mlp_s9712,onlyK_mlp,9712,34,300,273.61252841399204,0.0,283.67572271823883
onlyK_mlp_s9712,onlyK_mlp,9712,34,400,282.0932934340426,0.0,290.2356121838093
onlyK_mlp_s9712,onlyK_mlp,9712,34,500,277.2564346934901,0.0,288.02496504597366
onlyK_mlp_s9712,onlyK_mlp,9712,34,600,275.4842007640543,0.0,286.06415198743343
onlyK_mlp_s9712,onlyK_mlp,9712,34,700,280.77468650513276,0.0,289.4236352145672
onlyK_mlp_s9712,onlyK_mlp,9712,34,800,276.9465634520882,0.0,286.5572448372841
onlyK_mlp_s9712,onlyK_mlp,9712,34,900,276.06400820008884,0.0,286.25927659869194
onlyK_mlp_s9712,onlyK_mlp,9712,34,1000,278.3145617143455,0.0,287.6783222556114
onlyK_mlp_s9712,onlyK_mlp,9712,34,1100,281.4726656225913,0.0,290.2327951937914
onlyK_mlp_s9712,onlyK_mlp,9712,34,1200,279.4315148116079,0.0,288.97763442993164
onlyK_mlp_s9712,onlyK_mlp,9712,34,1300,270.53825055870476,0.0,281.97987854480743
onlyK_mlp_s9712,onlyK_mlp,9712,34,1400,279.12858444750475,0.0,287.87640357017517
onlyK_mlp_s9712,onlyK_mlp,9712,34,1500,281.46281008423597,0.0,290.71074390411377
onlyK_mlp_s9712,onlyK_mlp,9712,34,1600,279.5984731566707,0.0,288.523503780365
onlyK_mlp_s9712,onlyK_mlp,9712,34,1700,280.8164023454288,0.0,289.19953259825706
onlyK_mlp_s9712,onlyK_mlp,9712,34,1800,281.3008723901467,0.0,290.0251383539289
onlyK_mlp_s9712,onlyK_mlp,9712,34,1900,279.94385658340315,0.0,289.60740053653717
onlyK_mlp_s9712,onlyK_mlp,9712,34,2000,285.51242571318954,0.0,293.61586689949036
onlyK_mlp_s9712,onlyK_mlp,9712,34,2100,277.5819489750539,0.0,288.1609603315592
onlyK_mlp_s9712,onlyK_mlp,9712,34,2200,276.02754399986884,0.0,286.11628264188766
onlyK_mlp_s9712,onlyK_mlp,9712,34,2300,273.9738132821245,0.0,284.31453961133957
onlyK_mlp_s9712,onlyK_mlp,9712,34,2400,277.143361366376,0.0,287.4536244571209
onlyK_mlp_s9712,onlyK_mlp,9712,34,2500,276.8269264502066,0.0,285.9874424934387
onlyK_mlp_s9712,onlyK_mlp,9712,34,2600,282.2934906374562,0.0,290.9561020731926
onlyK_mlp_s9712,onlyK_mlp,9712,34,2700,278.60549929823947,0.0,288.0818080082536
onlyK_mlp_s9712,onlyK_mlp,9712,34,2800,278.18130968637973,0.0,288.12594279646873
onlyK_mlp_s9712,onlyK_mlp,9712,34,2900,280.0570949330285,0.0,289.93721026182175
onlyK_mlp_s9712,onlyK_mlp,9712,34,3000,284.3009379655581,0.0,292.40745398402214
onlyK_mlp_s9712,onlyK_mlp,9712,34,3100,284.32284173334585,0.0,292.5840497016907
onlyK_mlp_s9712,onlyK_mlp,9712,34,3200,287.40691836400816,0.0,295.1911720186472
onlyK_mlp_s9712,onlyK_mlp,9712,34,3300,286.98733710908465,0.0,294.9261362552643
onlyK_mlp_s9712,onlyK_mlp,9712,34,3400,278.3557564153813,0.0,288.8749825954437
onlyK_mlp_s9712,onlyK_mlp,9712,34,3500,276.8062249283795,0.0,286.7068900465965
onlyK_mlp_s9712,onlyK_mlp,9712,34,3600,276.4447139401036,0.0,286.42086017131805
onlyK_mlp_s9712,onlyK_mlp,9712,34,3700,273.99971799516004,0.0,284.79200309515
onlyK_mlp_s9712,onlyK_mlp,9712,34,3800,284.590792718862,0.0,292.2239252179861
onlyK_mlp_s9712,onlyK_mlp,9712,34,3900,285.713085842695,0.0,293.8058704137802
onlyK_mlp_s9712,onlyK_mlp,9712,35,0,36.668576955484944,0.0006256247870624065,58.73932102822414
onlyK_mlp_s9712,onlyK_mlp,9712,35,100,216.97892679885297,0.0,225.71514469385147
onlyK_mlp_s9712,onlyK_mlp,9712,35,200,262.9392871893959,0.0,273.7547495365143
onlyK_mlp_s9712,onlyK_mlp,9712,35,300,276.22690199275434,0.0,285.43863585591316
onlyK_mlp_s9712,onlyK_mlp,9712,35,400,275.41364515182585,0.0,285.8179541826248
onlyK_mlp_s9712,onlyK_mlp,9712,35,500,284.90655653928417,0.0,292.9794768691063
onlyK_mlp_s9712,onlyK_mlp,9712,35,600,277.4482886029214,0.0,287.48951107263565
onlyK_mlp_s9712,onlyK_mlp,9712,35,700,277.81373856875405,0.0,287.28529462218285
onlyK_mlp_s9712,onlyK_mlp,9712,35,800,277.79293480923917,0.0,287.3886630535126
onlyK_mlp_s9712,onlyK_mlp,9712,35,900,274.98712304486406,0.0,285.4827529489994
onlyK_mlp_s9712,onlyK_mlp,9712,35,1000,282.3041763448299,0.0,290.58436745405197
onlyK_mlp_s9712,onlyK_mlp,9712,35,1100,284.79757612632517,0.0,293.29900628328323
onlyK_mlp_s9712,onlyK_mlp,9712,35,1200,281.0711271926884,0.0,290.4537711441517
onlyK_mlp_s9712,onlyK_mlp,9712,35,1300,281.0403305092946,0.0,290.1785659492016
onlyK_mlp_s9712,onlyK_mlp,9712,35,1400,282.41811150952424,0.0,291.0554515607655
onlyK_mlp_s9712,onlyK_mlp,9712,35,1500,280.9824391966123,0.0,290.37320536375046
onlyK_mlp_s9712,onlyK_mlp,9712,35,1600,277.0011960871656,0.0,286.99921810626984
onlyK_mlp_s9712,onlyK_mlp,9712,35,1700,280.1377088289555,0.0,289.17998327314854
onlyK_mlp_s9712,onlyK_mlp,9712,35,1800,280.703436755946,0.0,289.9946119785309
onlyK_mlp_s9712,onlyK_mlp,9712,35,1900,277.1411777167334,0.0,287.4244948923588
onlyK_mlp_s9712,onlyK_mlp,9712,35,2000,279.3624124724356,0.0,288.87283259630203
onlyK_mlp_s9712,onlyK_mlp,9712,35,2100,281.0399830849006,0.0,289.6397123336792
onlyK_mlp_s9712,onlyK_mlp,9712,35,2200,281.08881560032137,0.0,290.0065244301222
onlyK_mlp_s9712,onlyK_mlp,9712,35,2300,275.4700385912027,0.0,286.22425788640976
onlyK_mlp_s9712,onlyK_mlp,9712,35,2400,280.6388483521358,0.0,289.0604545921087
onlyK_mlp_s9712,onlyK_mlp,9712,35,2500,278.2788702883027,0.0,288.0609671622515
onlyK_mlp_s9712,onlyK_mlp,9712,35,2600,280.29537664754525,0.0,289.7303910255432
onlyK_mlp_s9712,onlyK_mlp,9712,35,2700,284.92389610258044,0.0,292.77123165130615
onlyK_mlp_s9712,onlyK_mlp,9712,35,2800,277.7335781529169,0.0,288.3897757232189
onlyK_mlp_s9712,onlyK_mlp,9712,35,2900,278.80586667353606,0.0,288.32342797517776
onlyK_mlp_s9712,onlyK_mlp,9712,35,3000,274.2148408973793,0.0,285.11355486512184
onlyK_mlp_s9712,onlyK_mlp,9712,35,3100,283.01888154589534,0.0,291.74809086322784
onlyK_mlp_s9712,onlyK_mlp,9712,35,3200,280.7697927118056,0.0,290.33475682139397
onlyK_mlp_s9712,onlyK_mlp,9712,35,3300,284.1739135254361,0.0,292.6659762263298
onlyK_mlp_s9712,onlyK_mlp,9712,35,3400,286.2532200667361,0.0,294.7245537638664
onlyK_mlp_s9712,onlyK_mlp,9712,35,3500,279.2794309282256,0.0,289.2250103652477
onlyK_mlp_s9712,onlyK_mlp,9712,35,3600,276.7601894048324,0.0,287.19719791412354
onlyK_mlp_s9712,onlyK_mlp,9712,35,3700,280.8260978908322,0.0,289.0584873408079
onlyK_mlp_s9712,onlyK_mlp,9712,35,3800,275.2489897618143,0.0,286.0450562275946
onlyK_mlp_s9712,onlyK_mlp,9712,35,3900,282.0741711642845,0.0,291.062682159245
onlyK_mlp_s9712,onlyK_mlp,9712,36,0,36.668576955484944,0.0006256247870624065,58.73932102822414
onlyK_mlp_s9712,onlyK_mlp,9712,36,100,217.76611835720936,0.0,226.2210783213377
onlyK_mlp_s9712,onlyK_mlp,9712,36,200,266.835280914831,0.0,275.2489032149315
onlyK_mlp_s9712,onlyK_mlp,9712,36,300,274.80553899369124,0.0,285.23204074800014
onlyK_mlp_s9712,onlyK_mlp,9712,36,400,280.3567615549996,0.0,289.20804262161255
onlyK_mlp_s9712,onlyK_mlp,9712,36,500,281.89310266176125,0.0,290.51740485429764
onlyK_mlp_s9712,onlyK_mlp,9712,36,600,274.01077845761387,0.0,284.87084037065506
onlyK_mlp_s9712,onlyK_mlp,9712,36,700,277.0043559360157,0.0,286.9043244123459
onlyK_mlp_s9712,onlyK_mlp,9712,36,800,276.6860937777249,0.0,286.62885695695877
onlyK_mlp_s9712,onlyK_mlp,9712,36,900,279.66882759473384,0.0,289.7309361100197
onlyK_mlp_s9712,onlyK_mlp,9712,36,1000,276.0443787822752,0.0,286.8162170648575
onlyK_mlp_s9712,onlyK_mlp,9712,36,1100,274.56841622273487,0.0,285.3681408762932
onlyK_mlp_s9712,onlyK_mlp,9712,36,1200,281.7093510541874,0.0,290.69785875082016
onlyK_mlp_s9712,onlyK_mlp,9712,36,1300,283.59423161451974,0.0,292.1318697184324
onlyK_mlp_s9712,onlyK_mlp,9712,36,1400,281.0325735352751,0.0,289.51355427503586
onlyK_mlp_s9712,onlyK_mlp,9712,36,1500,279.7478691443197,0.0,288.9346239566803
onlyK_mlp_s9712,onlyK_mlp,9712,36,1600,278.9974861863565,0.0,288.02639849856496
onlyK_mlp_s9712,onlyK_mlp,9712,36,1700,286.5955854495675,0.0,293.89237439632416
onlyK_mlp_s9712,onlyK_mlp,9712,36,1800,277.91470713025797,0.0,287.6039372086525
onlyK_mlp_s9712,onlyK_mlp,9712,36,1900,283.89693602490615,0.0,292.2214542925358
onlyK_mlp_s9712,onlyK_mlp,9712,36,2000,282.85513088020474,0.0,291.53365099430084
onlyK_mlp_s9712,onlyK_mlp,9712,36,2100,275.6013556204113,0.0,285.9303506016731
onlyK_mlp_s9712,onlyK_mlp,9712,36,2200,286.5033112224827,0.0,293.96090257167816
onlyK_mlp_s9712,onlyK_mlp,9712,36,2300,279.13589819144204,0.0,289.0202952027321
onlyK_mlp_s9712,onlyK_mlp,9712,36,2400,276.997405046899,0.0,287.5694212317467
onlyK_mlp_s9712,onlyK_mlp,9712,36,2500,280.195325703094,0.0,289.30484649538994
onlyK_mlp_s9712,onlyK_mlp,9712,36,2600,282.40015388906255,0.0,291.22749964892864
onlyK_mlp_s9712,onlyK_mlp,9712,36,2700,275.3857318173517,0.0,286.89142256975174
onlyK_mlp_s9712,onlyK_mlp,9712,36,2800,278.38242214254836,0.0,287.7332766056061
onlyK_mlp_s9712,onlyK_mlp,9712,36,2900,282.09119525623936,0.0,291.2571262717247
onlyK_mlp_s9712,onlyK_mlp,9712,36,3000,282.28421470381016,0.0,290.85853004455566
onlyK_mlp_s9712,onlyK_mlp,9712,36,3100,280.0785365183496,0.0,289.2913801074028
onlyK_mlp_s9712,onlyK_mlp,9712,36,3200,273.8553889414152,0.0,284.75894194841385
onlyK_mlp_s9712,onlyK_mlp,9712,36,3300,271.26288194084196,0.0,282.649903178215
onlyK_mlp_s9712,onlyK_mlp,9712,36,3400,280.9208077957685,0.0,289.8924412727356
onlyK_mlp_s9712,onlyK_mlp,9712,36,3500,283.3548179049864,0.0,291.5902591943741
onlyK_mlp_s9712,onlyK_mlp,9712,36,3600,275.73177315618574,0.0,286.7682057619095
onlyK_mlp_s9712,onlyK_mlp,9712,36,3700,282.7445987324297,0.0,290.8107860684395
onlyK_mlp_s9712,onlyK_mlp,9712,36,3800,277.79915562623836,0.0,287.5321188569069
onlyK_mlp_s9712,onlyK_mlp,9712,36,3900,287.07170532668187,0.0,294.4339088797569
onlyK_mlp_s9712,onlyK_mlp,9712,37,0,36.668576955484944,0.0006256247870624065,58.73932102822414
onlyK_mlp_s9712,onlyK_mlp,9712,37,100,209.9288062511099,0.0,219.99178338050842
onlyK_mlp_s9712,onlyK_mlp,9712,37,200,266.9992723078237,0.0,275.5468228459358
onlyK_mlp_s9712,onlyK_mlp,9712,37,300,272.0817240850535,0.0,282.7238555550575
onlyK_mlp_s9712,onlyK_mlp,9712,37,400,275.37690102155494,0.0,285.53307354450226
onlyK_mlp_s9712,onlyK_mlp,9712,37,500,270.691814701746,0.0,282.0147646199912
onlyK_mlp_s9712,onlyK_mlp,9712,37,600,275.06556781107577,0.0,285.4901776313782
onlyK_mlp_s9712,onlyK_mlp,9712,37,700,280.5214320086037,0.0,289.97734928131104
onlyK_mlp_s9712,onlyK_mlp,9712,37,800,275.3080478866978,0.0,285.69225680828094
onlyK_mlp_s9712,onlyK_mlp,9712,37,900,287.94599323060197,0.0,294.9128022789955
onlyK_mlp_s9712,onlyK_mlp,9712,37,1000,286.5815198582153,0.0,294.86641162633896
onlyK_mlp_s9712,onlyK_mlp,9712,37,1100,279.88713385212156,0.0,289.9886153936386
onlyK_mlp_s9712,onlyK_mlp,9712,37,1200,278.75791127039093,0.0,288.4861803650856
onlyK_mlp_s9712,onlyK_mlp,9712,37,1300,283.0397912571101,0.0,291.49402317404747
onlyK_mlp_s9712,onlyK_mlp,9712,37,1400,282.42985994737785,0.0,291.5324994325638
onlyK_mlp_s9712,onlyK_mlp,9712,37,1500,283.8919040549139,0.0,291.6592379808426
onlyK_mlp_s9712,onlyK_mlp,9712,37,1600,285.76256722974847,0.0,293.60599130392075
onlyK_mlp_s9712,onlyK_mlp,9712,37,1700,283.34073623637596,0.0,291.4389858841896
onlyK_mlp_s9712,onlyK_mlp,9712,37,1800,283.5131464371099,0.0,291.70307326316833
onlyK_mlp_s9712,onlyK_mlp,9712,37,1900,277.78862091219634,0.0,288.3997731208801
onlyK_mlp_s9712,onlyK_mlp,9712,37,2000,275.15257387003993,0.0,285.9668686389923
onlyK_mlp_s9712,onlyK_mlp,9712,37,2100,280.83871350449124,0.0,289.7155604362488
onlyK_mlp_s9712,onlyK_mlp,9712,37,2200,277.36392641352836,0.0,287.57765847444534
onlyK_mlp_s9712,onlyK_mlp,9712,37,2300,272.38098308858406,0.0,283.71064853668213
onlyK_mlp_s9712,onlyK_mlp,9712,37,2400,281.3806944812944,0.0,289.86741322278976
onlyK_mlp_s9712,onlyK_mlp,9712,37,2500,281.5724485693579,0.0,290.35166028141975
onlyK_mlp_s9712,onlyK_mlp,9712,37,2600,279.9400324646243,0.0,289.2153819948435
onlyK_mlp_s9712,onlyK_mlp,9712,37,2700,278.1129252082916,0.0,287.9307751059532
onlyK_mlp_s9712,onlyK_mlp,9712,37,2800,279.76740061193505,0.0,289.3222312927246
onlyK_mlp_s9712,onlyK_mlp,9712,37,2900,279.482557267293,0.0,289.6099625825882
onlyK_mlp_s9712,onlyK_mlp,9712,37,3000,288.06067073162575,0.0,295.3605632483959
onlyK_mlp_s9712,onlyK_mlp,9712,37,3100,281.9681449766439,0.0,290.6130678653717
onlyK_mlp_s9712,onlyK_mlp,9712,37,3200,281.47863493724094,0.0,290.24118584394455
onlyK_mlp_s9712,onlyK_mlp,9712,37,3300,278.78025408433786,0.0,288.73342502117157
onlyK_mlp_s9712,onlyK_mlp,9712,37,3400,277.0384743387279,0.0,286.52571922540665
onlyK_mlp_s9712,onlyK_mlp,9712,37,3500,286.6125703763947,0.0,293.9321567416191
onlyK_mlp_s9712,onlyK_mlp,9712,37,3600,278.6549985040956,0.0,288.5496526956558
onlyK_mlp_s9712,onlyK_mlp,9712,37,3700,278.0660715199105,0.0,287.8020755648613
onlyK_mlp_s9712,onlyK_mlp,9712,37,3800,280.759973744546,0.0,289.3310191333294
onlyK_mlp_s9712,onlyK_mlp,9712,37,3900,278.63144451282824,0.0,288.12142565101385
onlyK_mlp_s9712,onlyK_mlp,9712,38,0,36.668576955484944,0.0006256247870624065,58.73932102822414
onlyK_mlp_s9712,onlyK_mlp,9712,38,100,205.72288957674394,0.0,216.45185923576355
onlyK_mlp_s9712,onlyK_mlp,9712,38,200,269.72380112712375,0.0,277.00023531436455
onlyK_mlp_s9712,onlyK_mlp,9712,38,300,273.87389527370027,0.0,283.8742704987526
onlyK_mlp_s9712,onlyK_mlp,9712,38,400,279.02226558630775,0.0,288.30493250489235
onlyK_mlp_s9712,onlyK_mlp,9712,38,500,274.96978787345455,0.0,286.0111704012379
onlyK_mlp_s9712,onlyK_mlp,9712,38,600,274.41019484590527,0.0,285.39253202080727
onlyK_mlp_s9712,onlyK_mlp,9712,38,700,278.2470707731481,0.0,287.70766019821167
onlyK_mlp_s9712,onlyK_mlp,9712,38,800,284.80888476879164,0.0,293.48917630314827
onlyK_mlp_s9712,onlyK_mlp,9712,38,900,278.8564705388968,0.0,288.95255810022354
onlyK_mlp_s9712,onlyK_mlp,9712,38,1000,275.11727086012183,0.0,285.7962535023689
onlyK_mlp_s9712,onlyK_mlp,9712,38,1100,276.14953988374623,0.0,286.91156738996506
onlyK_mlp_s9712,onlyK_mlp,9712,38,1200,279.42513356964776,0.0,288.93795961141586
onlyK_mlp_s9712,onlyK_mlp,9712,38,1300,279.0649539454199,0.0,288.98135638237
onlyK_mlp_s9712,onlyK_mlp,9712,38,1400,284.5187958576582,0.0,293.72967380285263
onlyK_mlp_s9712,onlyK_mlp,9712,38,1500,280.2768468704515,0.0,289.43799844384193
onlyK_mlp_s9712,onlyK_mlp,9712,38,1600,274.0710620993288,0.0,285.0594341009855
onlyK_mlp_s9712,onlyK_mlp,9712,38,1700,273.761193351835,0.0,284.60037153959274
onlyK_mlp_s9712,onlyK_mlp,9712,38,1800,272.07120477179086,0.0,283.2426322847605
onlyK_mlp_s9712,onlyK_mlp,9712,38,1900,280.9364279332883,0.0,289.4298078417778
onlyK_mlp_s9712,onlyK_mlp,9712,38,2000,286.7038768740161,0.0,294.5660838484764
onlyK_mlp_s9712,onlyK_mlp,9712,38,2100,291.35336204667317,0.0,297.8910103440285
onlyK_mlp_s9712,onlyK_mlp,9712,38,2200,285.36298701005643,0.0,294.0491696111858
onlyK_mlp_s9712,onlyK_mlp,9712,38,2300,285.4103360471122,0.0,293.35872253775597
onlyK_mlp_s9712,onlyK_mlp,9712,38,2400,282.47343472934335,0.0,291.38615214824677
onlyK_mlp_s9712,onlyK_mlp,9712,38,2500,287.1701048005976,0.0,294.4819229245186
onlyK_mlp_s9712,onlyK_mlp,9712,38,2600,287.04976169442955,0.0,294.80156964063644
onlyK_mlp_s9712,onlyK_mlp,9712,38,2700,278.70243690299054,0.0,289.250132471323
onlyK_mlp_s9712,onlyK_mlp,9712,38,2800,277.31700409945944,0.0,287.7623066306114
onlyK_mlp_s9712,onlyK_mlp,9712,38,2900,273.8549631500983,0.0,284.7120839357376
onlyK_mlp_s9712,onlyK_mlp,9712,38,3000,286.0888989003887,0.0,293.3457595705986
onlyK_mlp_s9712,onlyK_mlp,9712,38,3100,286.16565024319607,0.0,294.8303498029709
onlyK_mlp_s9712,onlyK_mlp,9712,38,3200,278.1214263442378,0.0,288.34833627939224
onlyK_mlp_s9712,onlyK_mlp,9712,38,3300,279.5652694711012,0.0,289.3404743671417
onlyK_mlp_s9712,onlyK_mlp,9712,38,3400,281.0380849343459,0.0,290.1630817055702
onlyK_mlp_s9712,onlyK_mlp,9712,38,3500,283.1692797510171,0.0,291.92092341184616
onlyK_mlp_s9712,onlyK_mlp,9712,38,3600,284.22807390776546,0.0,292.17906369268894
onlyK_mlp_s9712,onlyK_mlp,9712,38,3700,277.0727185028888,0.0,287.5720158815384
onlyK_mlp_s9712,onlyK_mlp,9712,38,3800,277.3233747859938,0.0,287.14173179864883
onlyK_mlp_s9712,onlyK_mlp,9712,38,3900,283.7041246409483,0.0,291.8787295818329
onlyK_mlp_s9712,onlyK_mlp,9712,39,0,36.668576955484944,0.0006256247870624065,58.73932102822414
onlyK_mlp_s9712,onlyK_mlp,9712,39,100,212.96695369097222,0.0,222.1744068711996
onlyK_mlp_s9712,onlyK_mlp,9712,39,200,264.90885400154474,0.0,274.18364438414574
onlyK_mlp_s9712,onlyK_mlp,9712,39,300,278.7901762601291,0.0,287.5949193239212
onlyK_mlp_s9712,onlyK_mlp,9712,39,400,277.84053901182875,0.0,287.5808830857277
onlyK_mlp_s9712,onlyK_mlp,9712,39,500,279.70030820004393,0.0,288.9187159538269
onlyK_mlp_s9712,onlyK_mlp,9712,39,600,275.84377166676376,0.0,285.7726480960846
onlyK_mlp_s9712,onlyK_mlp,9712,39,700,276.58197635208063,0.0,286.89837300777435
onlyK_mlp_s9712,onlyK_mlp,9712,39,800,277.7091737819809,0.0,287.38895615935326
onlyK_mlp_s9712,onlyK_mlp,9712,39,900,280.5719048431006,0.0,289.30254927277565
onlyK_mlp_s9712,onlyK_mlp,9712,39,1000,281.42827113517495,0.0,290.31531846523285
onlyK_mlp_s9712,onlyK_mlp,9712,39,1100,280.70263884089144,0.0,289.85277330875397
onlyK_mlp_s9712,onlyK_mlp,9712,39,1200,281.5553901245382,0.0,289.84921139478683
onlyK_mlp_s9712,onlyK_mlp,9712,39,1300,279.28436983849207,0.0,288.1823642849922
onlyK_mlp_s9712,onlyK_mlp,9712,39,1400,282.0340024087719,0.0,290.69027322530746
onlyK_mlp_s9712,onlyK_mlp,9712,39,1500,278.26247811997627,0.0,287.85629165172577
onlyK_mlp_s9712,onlyK_mlp,9712,39,1600,284.1620661100986,0.0,291.81103068590164
onlyK_mlp_s9712,onlyK_mlp,9712,39,1700,276.7208210236671,0.0,286.9025375843048
onlyK_mlp_s9712,onlyK_mlp,9712,39,1800,279.12306483306986,0.0,288.0317461974919
onlyK_mlp_s9712,onlyK_mlp,9712,39,1900,283.40766634439086,0.0,291.5612151026726
onlyK_mlp_s9712,onlyK_mlp,9712,39,2000,281.9108114684955,0.0,290.76043474674225
onlyK_mlp_s9712,onlyK_mlp,9712,39,2100,278.61225749311654,0.0,288.1444148570299
onlyK_mlp_s9712,onlyK_mlp,9712,39,2200,283.92071584796264,0.0,291.7611908316612
onlyK_mlp_s9712,onlyK_mlp,9712,39,2300,278.63904364898707,0.0,289.28236055374146
onlyK_mlp_s9712,onlyK_mlp,9712,39,2400,276.4763174949516,0.0,286.4537155032158
onlyK_mlp_s9712,onlyK_mlp,9712,39,2500,276.2205648591891,0.0,286.41442281007767
onlyK_mlp_s9712,onlyK_mlp,9712,39,2600,278.10878532013044,0.0,287.39334604144096
onlyK_mlp_s9712,onlyK_mlp,9712,39,2700,277.9768997364318,0.0,288.6075823903084
onlyK_mlp_s9712,onlyK_mlp,9712,39,2800,279.1965075749091,0.0,288.38968402147293
onlyK_mlp_s9712,onlyK_mlp,9712,39,2900,273.99499449321405,0.0,285.228178948164
onlyK_mlp_s9712,onlyK_mlp,9712,39,3000,281.7565266441562,0.0,289.97732949256897
onlyK_mlp_s9712,onlyK_mlp,9712,39,3100,283.32789796431035,0.0,292.2107949703932
onlyK_mlp_s9712,onlyK_mlp,9712,39,3200,275.95153266994043,0.0,286.397744089365
onlyK_mlp_s9712,onlyK_mlp,9712,39,3300,282.5729159686672,0.0,290.6945900321007
onlyK_mlp_s9712,onlyK_mlp,9712,39,3400,282.9867127255995,0.0,292.04052416980267
onlyK_mlp_s9712,onlyK_mlp,9712,39,3500,285.33926979295865,0.0,293.07871478796005
onlyK_mlp_s9712,onlyK_mlp,9712,39,3600,282.79802215024614,0.0,291.5615305304527
onlyK_mlp_s9712,onlyK_mlp,9712,39,3700,282.9147047016198,0.0,291.41907331347466
onlyK_mlp_s9712,onlyK_mlp,9712,39,3800,282.1633623467812,0.0,291.1745841652155
onlyK_mlp_s9712,onlyK_mlp,9712,39,3900,275.21317498942574,0.0,286.384326338768
onlyK_mlp_s9712,onlyK_mlp,9712,40,0,36.668576955484944,0.0006256247870624065,58.73932102822414
onlyK_mlp_s9712,onlyK_mlp,9712,40,100,218.93982579715558,0.0,226.92874026298523
onlyK_mlp_s9712,onlyK_mlp,9712,40,200,264.5471526355503,0.0,274.90501153469086
onlyK_mlp_s9712,onlyK_mlp,9712,40,300,276.7265450937649,0.0,286.28491938114166
onlyK_mlp_s9712,onlyK_mlp,9712,40,400,281.59917202388874,0.0,290.26968535780907
onlyK_mlp_s9712,onlyK_mlp,9712,40,500,280.82825287269657,0.0,290.137508764863
onlyK_mlp_s9712,onlyK_mlp,9712,40,600,277.0492156021865,0.0,287.5767359137535
onlyK_mlp_s9712,onlyK_mlp,9712,40,700,278.80042700624216,0.0,287.5929107069969
onlyK_mlp_s9712,onlyK_mlp,9712,40,800,278.0073023517557,0.0,288.0959453359246
onlyK_mlp_s9712,onlyK_mlp,9712,40,900,279.04723231284413,0.0,288.6733712553978
onlyK_mlp_s9712,onlyK_mlp,9712,40,1000,282.1351048254138,0.0,290.0921124443412
onlyK_mlp_s9712,onlyK_mlp,9712,40,1100,284.6531376416248,0.0,292.51406651735306
onlyK_mlp_s9712,onlyK_mlp,9712,40,1200,273.2819628826118,0.0,284.6739117503166
onlyK_mlp_s9712,onlyK_mlp,9712,40,1300,282.9350620295272,0.0,290.8732827305794
onlyK_mlp_s9712,onlyK_mlp,9712,40,1400,280.4599322871127,0.0,289.3405179679394
onlyK_mlp_s9712,onlyK_mlp,9712,40,1500,277.516782975333,0.0,286.956740796566
onlyK_mlp_s9712,onlyK_mlp,9712,40,1600,277.2091469286212,0.0,286.4839435517788
onlyK_mlp_s9712,onlyK_mlp,9712,40,1700,277.53061198132184,0.0,287.4018342792988
onlyK_mlp_s9712,onlyK_mlp,9712,40,1800,279.75336614122443,0.0,288.49603202939034
onlyK_mlp_s9712,onlyK_mlp,9712,40,1900,281.2098010747843,0.0,290.679902613163
onlyK_mlp_s9712,onlyK_mlp,9712,40,2000,279.3950449237957,0.0,288.62190848588943
onlyK_mlp_s9712,onlyK_mlp,9712,40,2100,278.80285377223123,0.0,288.48007023334503
onlyK_mlp_s9712,onlyK_mlp,9712,40,2200,282.92236564318137,0.0,291.4608881473541
onlyK_mlp_s9712,onlyK_mlp,9712,40,2300,277.40686113217095,0.0,287.46654492616653
onlyK_mlp_s9712,onlyK_mlp,9712,40,2400,273.18413006308464,0.0,284.336583763361
onlyK_mlp_s9712,onlyK_mlp,9712,40,2500,284.2051052922901,0.0,291.8820359110832
onlyK_mlp_s9712,onlyK_mlp,9712,40,2600,279.09919085403357,0.0,288.4358212351799
onlyK_mlp_s9712,onlyK_mlp,9712,40,2700,276.6358091920883,0.0,286.76539820432663
onlyK_mlp_s9712,onlyK_mlp,9712,40,2800,285.4055904263498,0.0,292.70949029922485
onlyK_mlp_s9712,onlyK_mlp,9712,40,2900,279.78788954871027,0.0,289.5714856982231
onlyK_mlp_s9712,onlyK_mlp,9712,40,3000,276.1565025634096,0.0,287.0175552982837
onlyK_mlp_s9712,onlyK_mlp,9712,40,3100,278.1438322136427,0.0,287.69957625865936
onlyK_mlp_s9712,onlyK_mlp,9712,40,3200,280.62064435348526,0.0,290.1168459504843
onlyK_mlp_s9712,onlyK_mlp,9712,40,3300,280.14013564701014,0.0,288.9711166024208
onlyK_mlp_s9712,onlyK_mlp,9712,40,3400,280.21525063619487,0.0,290.1613725721836
onlyK_mlp_s9712,onlyK_mlp,9712,40,3500,283.75532175832996,0.0,291.9853546023369
onlyK_mlp_s9712,onlyK_mlp,9712,40,3600,285.53795616313056,0.0,292.9155372977257
onlyK_mlp_s9712,onlyK_mlp,9712,40,3700,277.084077861691,0.0,287.86481034755707
onlyK_mlp_s9712,onlyK_mlp,9712,40,3800,277.0216512201886,0.0,287.2374830842018
onlyK_mlp_s9712,onlyK_mlp,9712,40,3900,280.33959865663587,0.0,288.8248375058174
onlyK_mlp_s9712,onlyK_mlp,9712,41,0,36.668576955484944,0.0006256247870624065,58.73932102822414
onlyK_mlp_s9712,onlyK_mlp,9712,41,100,208.39981330863222,0.0,218.99810647964478
onlyK_mlp_s9712,onlyK_mlp,9712,41,200,270.74312565362214,0.0,277.8920844197273
onlyK_mlp_s9712,onlyK_mlp,9712,41,300,280.5680149557855,0.0,288.7310408949852
onlyK_mlp_s9712,onlyK_mlp,9712,41,400,284.6058097513884,0.0,292.30827271938324
onlyK_mlp_s9712,onlyK_mlp,9712,41,500,285.5359590843831,0.0,293.64542949199677
onlyK_mlp_s9712,onlyK_mlp,9712,41,600,277.90517315468196,0.0,288.3327730894089
onlyK_mlp_s9712,onlyK_mlp,9712,41,700,274.11818403483596,0.0,284.69944125413895
onlyK_mlp_s9712,onlyK_mlp,9712,41,800,281.85840254469645,0.0,290.63244730234146
onlyK_mlp_s9712,onlyK_mlp,9712,41,900,278.5737622230205,0.0,288.48493349552155
onlyK_mlp_s9712,onlyK_mlp,9712,41,1000,284.0752887914515,0.0,292.09476213157177
onlyK_mlp_s9712,onlyK_mlp,9712,41,1100,279.5692431823704,0.0,289.2151469141245
onlyK_mlp_s9712,onlyK_mlp,9712,41,1200,276.3463590725311,0.0,286.52267920970917
onlyK_mlp_s9712,onlyK_mlp,9712,41,1300,281.87391665117116,0.0,290.2482696324587
onlyK_mlp_s9712,onlyK_mlp,9712,41,1400,279.26460390486443,0.0,289.35282388329506
onlyK_mlp_s9712,onlyK_mlp,9712,41,1500,277.8235797396565,0.0,288.1486878693104
onlyK_mlp_s9712,onlyK_mlp,9712,41,1600,281.5641582544435,0.0,289.7529134750366
onlyK_mlp_s9712,onlyK_mlp,9712,41,1700,282.07126135841645,0.0,291.13496857881546
onlyK_mlp_s9712,onlyK_mlp,9712,41,1800,284.7816767120453,0.0,293.1423878669739
onlyK_mlp_s9712,onlyK_mlp,9712,41,1900,279.7527386725864,0.0,288.6957793235779
onlyK_mlp_s9712,onlyK_mlp,9712,41,2000,283.0650768476013,0.0,291.78345626592636
onlyK_mlp_s9712,onlyK_mlp,9712,41,2100,277.9950433828487,0.0,287.35551020503044
onlyK_mlp_s9712,onlyK_mlp,9712,41,2200,274.3077418108593,0.0,285.3449622988701
onlyK_mlp_s9712,onlyK_mlp,9712,41,2300,283.23424569379574,0.0,292.4040658771992
onlyK_mlp_s9712,onlyK_mlp,9712,41,2400,282.53823271822216,0.0,291.30872666835785
onlyK_mlp_s9712,onlyK_mlp,9712,41,2500,281.60468133507163,0.0,291.1060266792774
onlyK_mlp_s9712,onlyK_mlp,9712,41,2600,283.8236971717771,0.0,291.4568467438221
onlyK_mlp_s9712,onlyK_mlp,9712,41,2700,290.46440512402944,0.0,297.476096957922
onlyK_mlp_s9712,onlyK_mlp,9712,41,2800,288.6936422165266,0.0,296.82706969976425
onlyK_mlp_s9712,onlyK_mlp,9712,41,2900,289.0790144823879,0.0,296.9065029025078
onlyK_mlp_s9712,onlyK_mlp,9712,41,3000,283.5044242862176,0.0,292.7933778166771
onlyK_mlp_s9712,onlyK_mlp,9712,41,3100,280.0393404271363,0.0,289.3152667582035
onlyK_mlp_s9712,onlyK_mlp,9712,41,3200,280.3243659120621,0.0,288.683498442173
onlyK_mlp_s9712,onlyK_mlp,9712,41,3300,282.8542365192989,0.0,290.9432021379471
onlyK_mlp_s9712,onlyK_mlp,9712,41,3400,284.04841003905176,0.0,292.66458439826965
onlyK_mlp_s9712,onlyK_mlp,9712,41,3500,279.28840359731396,0.0,288.58439940214157
onlyK_mlp_s9712,onlyK_mlp,9712,41,3600,284.2655080099869,0.0,291.7362732887268
onlyK_mlp_s9712,onlyK_mlp,9712,41,3700,285.31746706736186,0.0,293.4285499751568
onlyK_mlp_s9712,onlyK_mlp,9712,41,3800,281.22843999501936,0.0,290.30907106399536
onlyK_mlp_s9712,onlyK_mlp,9712,41,3900,279.19284431094275,0.0,288.5931857228279
onlyK_mlp_s9713,onlyK_mlp,9713,30,0,36.668576955484944,0.0006256247870624065,58.73932102822414
onlyK_mlp_s9713,onlyK_mlp,9713,30,100,213.24684201053287,0.0,222.692608833313
onlyK_mlp_s9713,onlyK_mlp,9713,30,200,259.6978567431555,0.0,269.37278017401695
onlyK_mlp_s9713,onlyK_mlp,9713,30,300,275.8521534416683,0.0,283.61940091848373
onlyK_mlp_s9713,onlyK_mlp,9713,30,400,276.16984765747156,0.0,284.5358790755272
onlyK_mlp_s9713,onlyK_mlp,9713,30,500,272.8978734312641,0.0,282.0156365297735
onlyK_mlp_s9713,onlyK_mlp,9713,30,600,281.0511709237818,0.0,288.2449218481779
onlyK_mlp_s9713,onlyK_mlp,9713,30,700,276.8245909449272,0.0,285.37529546022415
onlyK_mlp_s9713,onlyK_mlp,9713,30,800,274.4206593048259,0.0,283.38820549845695
onlyK_mlp_s9713,onlyK_mlp,9713,30,900,274.8926485384292,0.0,284.3689783215523
onlyK_mlp_s9713,onlyK_mlp,9713,30,1000,273.9105289251284,0.0,282.30690747499466
onlyK_mlp_s9713,onlyK_mlp,9713,30,1100,272.22691498217466,0.0,281.2511087357998
onlyK_mlp_s9713,onlyK_mlp,9713,30,1200,280.02294910596515,0.0,287.11309453845024
onlyK_mlp_s9713,onlyK_mlp,9713,30,1300,275.93520622060635,0.0,284.9679282903671
onlyK_mlp_s9713,onlyK_mlp,9713,30,1400,275.4436340688298,0.0,283.65617913007736
onlyK_mlp_s9713,onlyK_mlp,9713,30,1500,282.39860141507165,0.0,289.01735714264214
onlyK_mlp_s9713,onlyK_mlp,9713,30,1600,280.8670274296908,0.0,288.44411301612854
onlyK_mlp_s9713,onlyK_mlp,9713,30,1700,266.800824793077,0.0,278.20645765960217
onlyK_mlp_s9713,onlyK_mlp,9713,30,1800,274.5639147099521,0.0,282.91802954673767
onlyK_mlp_s9713,onlyK_mlp,9713,30,1900,282.1336208581292,0.0,288.9759494662285
onlyK_mlp_s9713,onlyK_mlp,9713,30,2000,274.97227311310496,0.0,284.34832152724266
onlyK_mlp_s9713,onlyK_mlp,9713,30,2100,270.50102334494454,0.0,280.3818008899689
onlyK_mlp_s9713,onlyK_mlp,9713,30,2200,272.6590709815557,0.0,281.6230430006981
onlyK_mlp_s9713,onlyK_mlp,9713,30,2300,272.53511807328704,0.0,282.1247822791338
onlyK_mlp_s9713,onlyK_mlp,9713,30,2400,274.3949426928329,0.0,283.4450918138027
onlyK_mlp_s9713,onlyK_mlp,9713,30,2500,278.83271402008256,0.0,285.97310531139374
onlyK_mlp_s9713,onlyK_mlp,9713,30,2600,276.1664602951753,0.0,285.2541172802448
onlyK_mlp_s9713,onlyK_mlp,9713,30,2700,275.19752290005584,0.0,283.87162613868713
onlyK_mlp_s9713,onlyK_mlp,9713,30,2800,273.5060496277038,0.0,282.8910248875618
onlyK_mlp_s9713,onlyK_mlp,9713,30,2900,278.84407899799027,0.0,286.21140886843204
onlyK_mlp_s9713,onlyK_mlp,9713,30,3000,270.8594890294912,0.0,281.3864522278309
onlyK_mlp_s9713,onlyK_mlp,9713,30,3100,274.2701735230683,0.0,283.35242834687233
onlyK_mlp_s9713,onlyK_mlp,9713,30,3200,273.9421209470978,0.0,282.8828677535057
onlyK_mlp_s9713,onlyK_mlp,9713,30,3300,276.2999888629005,0.0,285.0222997572273
onlyK_mlp_s9713,onlyK_mlp,9713,30,3400,276.4988984937491,0.0,285.0029333739076
onlyK_mlp_s9713,onlyK_mlp,9713,30,3500,274.63114613127306,0.0,284.2997813820839
onlyK_mlp_s9713,onlyK_mlp,9713,30,3600,272.00070551117847,0.0,282.21687734127045
onlyK_mlp_s9713,onlyK_mlp,9713,30,3700,273.2855763817959,0.0,281.9318532347679
onlyK_mlp_s9713,onlyK_mlp,9713,30,3800,276.69323746013004,0.0,284.78159391880035
onlyK_mlp_s9713,onlyK_mlp,9713,30,3900,281.2169983004893,0.0,287.9248077273369
onlyK_mlp_s9713,onlyK_mlp,9713,31,0,36.668576955484944,0.0006256247870624065,58.73932102822414
onlyK_mlp_s9713,onlyK_mlp,9713,31,100,214.1516165216602,0.0,223.58423674106598
onlyK_mlp_s9713,onlyK_mlp,9713,31,200,260.48287657085956,0.0,270.32499000430107
onlyK_mlp_s9713,onlyK_mlp,9713,31,300,268.8629443742062,0.0,278.6803809404373
onlyK_mlp_s9713,onlyK_mlp,9713,31,400,276.22724722559974,0.0,283.56144976615906
onlyK_mlp_s9713,onlyK_mlp,9713,31,500,274.62391495377483,0.0,283.8811541199684
onlyK_mlp_s9713,onlyK_mlp,9713,31,600,270.9010151683473,0.0,280.61056303977966
onlyK_mlp_s9713,onlyK_mlp,9713,31,700,275.4192346857188,0.0,284.0051318234764
onlyK_mlp_s9713,onlyK_mlp,9713,31,800,271.0912286730003,0.0,280.5356811285019
onlyK_mlp_s9713,onlyK_mlp,9713,31,900,269.9681274751366,0.0,279.6599627137184
onlyK_mlp_s9713,onlyK_mlp,9713,31,1000,271.94109787416403,0.0,280.9230623245239
onlyK_mlp_s9713,onlyK_mlp,9713,31,1100,278.8939748538924,0.0,285.98787772655487
onlyK_mlp_s9713,onlyK_mlp,9713,31,1200,272.3566690171169,0.0,282.82188671827316
onlyK_mlp_s9713,onlyK_mlp,9713,31,1300,277.6555117847344,0.0,285.2446254938841
onlyK_mlp_s9713,onlyK_mlp,9713,31,1400,272.5050579681914,0.0,282.13910104334354
onlyK_mlp_s9713,onlyK_mlp,9713,31,1500,275.39802796314774,0.0,283.6985164284706
onlyK_mlp_s9713,onlyK_mlp,9713,31,1600,274.16192914650554,0.0,283.19809825718403
onlyK_mlp_s9713,onlyK_mlp,9713,31,1700,276.2210386455777,0.0,284.76716351509094
onlyK_mlp_s9713,onlyK_mlp,9713,31,1800,271.9418391408495,0.0,281.7061756849289
onlyK_mlp_s9713,onlyK_mlp,9713,31,1900,277.8075830838826,0.0,285.09326635301113
onlyK_mlp_s9713,onlyK_mlp,9713,31,2000,275.3454842474921,0.0,284.2921954393387
onlyK_mlp_s9713,onlyK_mlp,9713,31,2100,278.42881973569285,0.0,286.44540640711784
onlyK_mlp_s9713,onlyK_mlp,9713,31,2200,275.40901542731353,0.0,284.6582389473915
onlyK_mlp_s9713,onlyK_mlp,9713,31,2300,273.00114986445783,0.0,282.5582529306412
onlyK_mlp_s9713,onlyK_mlp,9713,31,2400,281.44926465404774,0.0,288.3021100461483
onlyK_mlp_s9713,onlyK_mlp,9713,31,2500,279.6193456295744,0.0,287.0954591780901
onlyK_mlp_s9713,onlyK_mlp,9713,31,2600,280.2717983818704,0.0,287.39794793725014
onlyK_mlp_s9713,onlyK_mlp,9713,31,2700,271.5238200922084,0.0,281.80627250671387
onlyK_mlp_s9713,onlyK_mlp,9713,31,2800,275.2445890930907,0.0,283.5652197599411
onlyK_mlp_s9713,onlyK_mlp,9713,31,2900,276.38970197334066,0.0,284.25792267918587
onlyK_mlp_s9713,onlyK_mlp,9713,31,3000,272.7502791757442,0.0,282.03553166240454
onlyK_mlp_s9713,onlyK_mlp,9713,31,3100,278.1223965976242,0.0,285.6229171156883
onlyK_mlp_s9713,onlyK_mlp,9713,31,3200,280.99446383739036,0.0,288.2716458141804
onlyK_mlp_s9713,onlyK_mlp,9713,31,3300,279.7833671294053,0.0,287.498860090971
onlyK_mlp_s9713,onlyK_mlp,9713,31,3400,273.56618859132783,0.0,283.0623152144253
onlyK_mlp_s9713,onlyK_mlp,9713,31,3500,271.4451109726341,0.0,281.16568709909916
onlyK_mlp_s9713,onlyK_mlp,9713,31,3600,271.7526175296015,0.0,281.27609619498253
onlyK_mlp_s9713,onlyK_mlp,9713,31,3700,274.4096638504258,0.0,283.273297727108
onlyK_mlp_s9713,onlyK_mlp,9713,31,3800,276.6753903288725,0.0,284.56364792585373
onlyK_mlp_s9713,onlyK_mlp,9713,31,3900,267.75262231729806,0.0,278.7507691979408
onlyK_mlp_s9713,onlyK_mlp,9713,32,0,36.668576955484944,0.0006256247870624065,58.73932102822414
onlyK_mlp_s9713,onlyK_mlp,9713,32,100,211.26272597701,0.0,220.98613494634628
onlyK_mlp_s9713,onlyK_mlp,9713,32,200,266.99081200762134,0.0,274.7455520629883
onlyK_mlp_s9713,onlyK_mlp,9713,32,300,270.0166631981441,0.0,279.44883278012276
onlyK_mlp_s9713,onlyK_mlp,9713,32,400,278.6719432287261,0.0,286.48486176133156
onlyK_mlp_s9713,onlyK_mlp,9713,32,500,276.06892114943287,0.0,283.8223735690117
onlyK_mlp_s9713,onlyK_mlp,9713,32,600,275.8141391008986,0.0,283.6707555651665
onlyK_mlp_s9713,onlyK_mlp,9713,32,700,272.1428691310649,0.0,281.78541880846024
onlyK_mlp_s9713,onlyK_mlp,9713,32,800,276.15635547240237,0.0,283.9954213500023
onlyK_mlp_s9713,onlyK_mlp,9713,32,900,278.67197362083846,0.0,286.7714828848839
onlyK_mlp_s9713,onlyK_mlp,9713,32,1000,271.27460229187193,0.0,280.96422708034515
onlyK_mlp_s9713,onlyK_mlp,9713,32,1100,277.481306470131,0.0,284.8782072663307
onlyK_mlp_s9713,onlyK_mlp,9713,32,1200,280.3485432855352,0.0,287.2877118885517
onlyK_mlp_s9713,onlyK_mlp,9713,32,1300,277.12612018737235,0.0,285.1592965722084
onlyK_mlp_s9713,onlyK_mlp,9713,32,1400,276.9633453110038,0.0,285.271059691906
onlyK_mlp_s9713,onlyK_mlp,9713,32,1500,272.85228938844676,0.0,282.30165553092957
onlyK_mlp_s9713,onlyK_mlp,9713,32,1600,278.78490133101866,0.0,285.99050974845886
onlyK_mlp_s9713,onlyK_mlp,9713,32,1700,278.7907925167414,0.0,286.8132533431053
onlyK_mlp_s9713,onlyK_mlp,9713,32,1800,275.4606574780596,0.0,284.54452162981033
onlyK_mlp_s9713,onlyK_mlp,9713,32,1900,276.83703981908803,0.0,284.96580785512924
onlyK_mlp_s9713,onlyK_mlp,9713,32,2000,275.1999556915944,0.0,283.9621396660805
onlyK_mlp_s9713,onlyK_mlp,9713,32,2100,274.8957235922226,0.0,283.28921577334404
onlyK_mlp_s9713,onlyK_mlp,9713,32,2200,270.22206931894925,0.0,279.7899497747421
onlyK_mlp_s9713,onlyK_mlp,9713,32,2300,276.80390258475927,0.0,284.9950112104416
onlyK_mlp_s9713,onlyK_mlp,9713,32,2400,271.8743840154516,0.0,280.79994517564774
onlyK_mlp_s9713,onlyK_mlp,9713,32,2500,271.443538695234,0.0,281.22581236064434
onlyK_mlp_s9713,onlyK_mlp,9713,32,2600,275.9118358914661,0.0,283.49770417809486
onlyK_mlp_s9713,onlyK_mlp,9713,32,2700,275.52963252343164,0.0,284.8490253686905
onlyK_mlp_s9713,onlyK_mlp,9713,32,2800,269.2240441863636,0.0,279.81083089113235
onlyK_mlp_s9713,onlyK_mlp,9713,32,2900,274.27471163747344,0.0,282.7573420405388
onlyK_mlp_s9713,onlyK_mlp,9713,32,3000,274.5746076534932,0.0,282.70073813199997
onlyK_mlp_s9713,onlyK_mlp,9713,32,3100,271.8273031361514,0.0,281.9070645570755
onlyK_mlp_s9713,onlyK_mlp,9713,32,3200,273.07154200675245,0.0,282.0702830031514
onlyK_mlp_s9713,onlyK_mlp,9713,32,3300,272.78417025602414,0.0,282.18830394744873
onlyK_mlp_s9713,onlyK_mlp,9713,32,3400,275.71451844866124,0.0,284.27413177490234
onlyK_mlp_s9713,onlyK_mlp,9713,32,3500,274.08700872264023,0.0,283.8869377374649
onlyK_mlp_s9713,onlyK_mlp,9713,32,3600,274.50131847150664,0.0,282.956643640995
onlyK_mlp_s9713,onlyK_mlp,9713,32,3700,267.60660566411514,0.0,278.05801656097174
onlyK_mlp_s9713,onlyK_mlp,9713,32,3800,272.35262385660957,0.0,281.0336592234671
onlyK_mlp_s9713,onlyK_mlp,9713,32,3900,279.5752208871044,0.0,286.9171599149704
onlyK_mlp_s9713,onlyK_mlp,9713,33,0,36.668576955484944,0.0006256247870624065,58.73932102822414
onlyK_mlp_s9713,onlyK_mlp,9713,33,100,210.34726520763707,0.0,220.40206590294838
onlyK_mlp_s9713,onlyK_mlp,9713,33,200,265.39916899469836,0.0,273.428952306509
onlyK_mlp_s9713,onlyK_mlp,9713,33,300,280.145078307122,0.0,286.7646836042404
onlyK_mlp_s9713,onlyK_mlp,9713,33,400,275.8215520110672,0.0,285.1650893688202
onlyK_mlp_s9713,onlyK_mlp,9713,33,500,275.008882910054,0.0,284.35838410258293
onlyK_mlp_s9713,onlyK_mlp,9713,33,600,272.7290869302459,0.0,282.4577549099922
onlyK_mlp_s9713,onlyK_mlp,9713,33,700,277.7697101101202,0.0,285.1683121174574
onlyK_mlp_s9713,onlyK_mlp,9713,33,800,269.35944253888704,0.0,280.3345203101635
onlyK_mlp_s9713,onlyK_mlp,9713,33,900,279.0218777351762,0.0,286.25707599520683
onlyK_mlp_s9713,onlyK_mlp,9713,33,1000,273.42653588766035,0.0,282.60085386037827
onlyK_mlp_s9713,onlyK_mlp,9713,33,1100,269.31399988026186,0.0,279.8270869255066
onlyK_mlp_s9713,onlyK_mlp,9713,33,1200,270.5516289847974,0.0,279.5770464539528
onlyK_mlp_s9713,onlyK_mlp,9713,33,1300,274.79345262922703,0.0,282.40831848978996
onlyK_mlp_s9713,onlyK_mlp,9713,33,1400,275.4175597312865,0.0,284.00970557983965
onlyK_mlp_s9713,onlyK_mlp,9713,33,1500,274.9700570351889,0.0,284.32413017749786
onlyK_mlp_s9713,onlyK_mlp,9713,33,1600,277.1293749482033,0.0,285.1750678420067
onlyK_mlp_s9713,onlyK_mlp,9713,33,1700,271.86361109729444,0.0,281.2744885087013
onlyK_mlp_s9713,onlyK_mlp,9713,33,1800,271.07227779590096,0.0,280.56250816583633
onlyK_mlp_s9713,onlyK_mlp,9713,33,1900,275.03867251684454,0.0,283.6107742190361
onlyK_mlp_s9713,onlyK_mlp,9713,33,2000,275.828967581273,0.0,285.29880714416504
onlyK_mlp_s9713,onlyK_mlp,9713,33,2100,270.8205532289954,0.0,280.6460609436035
onlyK_mlp_s9713,onlyK_mlp,9713,33,2200,271.91719305036025,0.0,281.5990496277809
onlyK_mlp_s9713,onlyK_mlp,9713,33,2300,274.4200977142491,0.0,282.7657240629196
onlyK_mlp_s9713,onlyK_mlp,9713,33,2400,273.95839653255564,0.0,282.3358202278614
onlyK_mlp_s9713,onlyK_mlp,9713,33,2500,272.98269685984627,0.0,282.7233736515045
onlyK_mlp_s9713,onlyK_mlp,9713,33,2600,271.16428777770267,0.0,280.7800170183182
onlyK_mlp_s9713,onlyK_mlp,9713,33,2700,272.49773178135007,0.0,281.4644890129566
onlyK_mlp_s9713,onlyK_mlp,9713,33,2800,275.7727801812986,0.0,283.7258269786835
onlyK_mlp_s9713,onlyK_mlp,9713,33,2900,279.8641336979217,0.0,287.2554261982441
onlyK_mlp_s9713,onlyK_mlp,9713,33,3000,276.3734645355734,0.0,285.33853977918625
onlyK_mlp_s9713,onlyK_mlp,9713,33,3100,271.5799851105294,0.0,281.68528270721436
onlyK_mlp_s9713,onlyK_mlp,9713,33,3200,270.2641961011049,0.0,280.9815909266472
onlyK_mlp_s9713,onlyK_mlp,9713,33,3300,275.21649940866075,0.0,283.96705943346024
onlyK_mlp_s9713,onlyK_mlp,9713,33,3400,278.5042486860061,0.0,285.9156201481819
onlyK_mlp_s9713,onlyK_mlp,9713,33,3500,276.24731741690516,0.0,284.5748981833458
onlyK_mlp_s9713,onlyK_mlp,9713,33,3600,275.59585378117475,0.0,284.01520155370235
onlyK_mlp_s9713,onlyK_mlp,9713,33,3700,277.2354319030542,0.0,285.3925396502018
onlyK_mlp_s9713,onlyK_mlp,9713,33,3800,273.94245795488354,0.0,282.9889069199562
onlyK_mlp_s9713,onlyK_mlp,9713,33,3900,275.1420031806394,0.0,283.46596482396126
onlyK_mlp_s9713,onlyK_mlp,9713,34,0,36.668576955484944,0.0006256247870624065,58.73932102822414
onlyK_mlp_s9713,onlyK_mlp,9713,34,100,215.31004519140635,0.0,224.13301986455917
onlyK_mlp_s9713,onlyK_mlp,9713,34,200,257.4438080324919,0.0,268.71101373434067
onlyK_mlp_s9713,onlyK_mlp,9713,34,300,269.34779914258434,0.0,279.0588874146342
onlyK_mlp_s9713,onlyK_mlp,9713,34,400,276.7431142153191,0.0,284.52342480421066
onlyK_mlp_s9713,onlyK_mlp,9713,34,500,271.62496182916544,0.0,282.02160710282624
onlyK_mlp_s9713,onlyK_mlp,9713,34,600,270.13916764121876,0.0,280.3332444727421
onlyK_mlp_s9713,onlyK_mlp,9713,34,700,275.2901449149732,0.0,283.53998440504074
onlyK_mlp_s9713,onlyK_mlp,9713,34,800,271.7577131299766,0.0,280.95782923698425
onlyK_mlp_s9713,onlyK_mlp,9713,34,900,270.8664655317291,0.0,280.6874708533287
onlyK_mlp_s9713,onlyK_mlp,9713,34,1000,273.0105817500282,0.0,281.963011264801
onlyK_mlp_s9713,onlyK_mlp,9713,34,1100,275.8145222478954,0.0,284.18387082219124
onlyK_mlp_s9713,onlyK_mlp,9713,34,1200,273.75571732470087,0.0,282.91507762670517
onlyK_mlp_s9713,onlyK_mlp,9713,34,1300,265.69748657806065,0.0,276.77938014268875
onlyK_mlp_s9713,onlyK_mlp,9713,34,1400,273.96796736027903,0.0,282.3522524535656
onlyK_mlp_s9713,onlyK_mlp,9713,34,1500,275.7117716905949,0.0,284.6171069741249
onlyK_mlp_s9713,onlyK_mlp,9713,34,1600,274.11493590680055,0.0,282.64975613355637
onlyK_mlp_s9713,onlyK_mlp,9713,34,1700,275.3842817869555,0.0,283.3707894086838
onlyK_mlp_s9713,onlyK_mlp,9713,34,1800,275.65554472961725,0.0,284.00764583284035
onlyK_mlp_s9713,onlyK_mlp,9713,34,1900,274.22595172887816,0.0,283.5054767727852
onlyK_mlp_s9713,onlyK_mlp,9713,34,2000,279.35408483896344,0.0,287.0690022110939
onlyK_mlp_s9713,onlyK_mlp,9713,34,2100,271.8077520297125,0.0,281.9768697619438
onlyK_mlp_s9713,onlyK_mlp,9713,34,2200,270.7284409384423,0.0,280.446521371603
onlyK_mlp_s9713,onlyK_mlp,9713,34,2300,269.0070579997488,0.0,278.95132356882095
onlyK_mlp_s9713,onlyK_mlp,9713,34,2400,271.7602214232077,0.0,281.71088898181915
onlyK_mlp_s9713,onlyK_mlp,9713,34,2500,271.80376189412607,0.0,280.5895968079567
onlyK_mlp_s9713,onlyK_mlp,9713,34,2600,276.5665311149555,0.0,284.87566566467285
onlyK_mlp_s9713,onlyK_mlp,9713,34,2700,273.1446704031292,0.0,282.25291630625725
onlyK_mlp_s9713,onlyK_mlp,9713,34,2800,272.6696017708297,0.0,282.24466463923454
onlyK_mlp_s9713,onlyK_mlp,9713,34,2900,274.2377249116969,0.0,283.7586004137993
onlyK_mlp_s9713,onlyK_mlp,9713,34,3000,278.3081798759049,0.0,286.0018325361889
onlyK_mlp_s9713,onlyK_mlp,9713,34,3100,278.23477057788995,0.0,286.0811779424548
onlyK_mlp_s9713,onlyK_mlp,9713,34,3200,280.9129118760597,0.0,288.33312126994133
onlyK_mlp_s9713,onlyK_mlp,9713,34,3300,280.45158737236136,0.0,287.9980270266533
onlyK_mlp_s9713,onlyK_mlp,9713,34,3400,272.40488372374034,0.0,282.52402275800705
onlyK_mlp_s9713,onlyK_mlp,9713,34,3500,271.40777276582975,0.0,280.9137028455734
onlyK_mlp_s9713,onlyK_mlp,9713,34,3600,271.2036359484206,0.0,280.7802016735077
onlyK_mlp_s9713,onlyK_mlp,9713,34,3700,268.872333276649,0.0,279.2916588783264
onlyK_mlp_s9713,onlyK_mlp,9713,34,3800,278.8533290580154,0.0,286.103751309216
onlyK_mlp_s9713,onlyK_mlp,9713,34,3900,279.5095437642907,0.0,287.2126008719206
onlyK_mlp_s9713,onlyK_mlp,9713,35,0,36.668576955484944,0.0006256247870624065,58.73932102822414
onlyK_mlp_s9713,onlyK_mlp,9713,35,100,217.02540923690188,0.0,225.82565224170685
onlyK_mlp_s9713,onlyK_mlp,9713,35,200,260.36421791800655,0.0,270.91649585962296
onlyK_mlp_s9713,onlyK_mlp,9713,35,300,271.76512742093695,0.0,280.6107916235924
onlyK_mlp_s9713,onlyK_mlp,9713,35,400,270.3435539492379,0.0,280.3789477944374
onlyK_mlp_s9713,onlyK_mlp,9713,35,500,278.9838203465335,0.0,286.7142816185951
onlyK_mlp_s9713,onlyK_mlp,9713,35,600,271.8822888385909,0.0,281.51519733667374
onlyK_mlp_s9713,onlyK_mlp,9713,35,700,272.50399158576437,0.0,281.60345643758774
onlyK_mlp_s9713,onlyK_mlp,9713,35,800,272.5269668099621,0.0,281.73443365097046
onlyK_mlp_s9713,onlyK_mlp,9713,35,900,269.8308419884061,0.0,279.94103413820267
onlyK_mlp_s9713,onlyK_mlp,9713,35,1000,276.71977567789,0.0,284.6132094860077
onlyK_mlp_s9713,onlyK_mlp,9713,35,1100,278.6437485800186,0.0,286.76843041181564
onlyK_mlp_s9713,onlyK_mlp,9713,35,1200,275.13166815497146,0.0,284.1204376220703
onlyK_mlp_s9713,onlyK_mlp,9713,35,1300,275.23115927879985,0.0,283.98584365844727
onlyK_mlp_s9713,onlyK_mlp,9713,35,1400,276.57805560868434,0.0,284.83481484651566
onlyK_mlp_s9713,onlyK_mlp,9713,35,1500,275.0800458430976,0.0,284.0760393217206
onlyK_mlp_s9713,onlyK_mlp,9713,35,1600,271.5725144800984,0.0,281.1957131922245
onlyK_mlp_s9713,onlyK_mlp,9713,35,1700,274.59559117325773,0.0,283.2652738392353
onlyK_mlp_s9713,onlyK_mlp,9713,35,1800,274.9421301707387,0.0,283.8460687994957
onlyK_mlp_s9713,onlyK_mlp,9713,35,1900,271.6387660839291,0.0,281.53717917203903
onlyK_mlp_s9713,onlyK_mlp,9713,35,2000,273.7658955146466,0.0,282.8833330273628
onlyK_mlp_s9713,onlyK_mlp,9713,35,2100,275.4550018272027,0.0,283.66586607694626
onlyK_mlp_s9713,onlyK_mlp,9713,35,2200,275.40693411168974,0.0,283.9445349574089
onlyK_mlp_s9713,onlyK_mlp,9713,35,2300,270.0880654350113,0.0,280.47841641306877
onlyK_mlp_s9713,onlyK_mlp,9713,35,2400,275.22042814984434,0.0,283.2697808146477
onlyK_mlp_s9713,onlyK_mlp,9713,35,2500,272.8256296814123,0.0,282.2387623488903
onlyK_mlp_s9713,onlyK_mlp,9713,35,2600,274.54484705491666,0.0,283.59606832265854
onlyK_mlp_s9713,onlyK_mlp,9713,35,2700,278.93774672449223,0.0,286.40660560131073
onlyK_mlp_s9713,onlyK_mlp,9713,35,2800,271.9654594764455,0.0,282.2392276376486
onlyK_mlp_s9713,onlyK_mlp,9713,35,2900,273.2658657836943,0.0,282.4161567389965
onlyK_mlp_s9713,onlyK_mlp,9713,35,3000,269.0062093825597,0.0,279.5307694077492
onlyK_mlp_s9713,onlyK_mlp,9713,35,3100,277.13016817132063,0.0,285.49290201067924
onlyK_mlp_s9713,onlyK_mlp,9713,35,3200,274.8705643917029,0.0,284.0333068817854
onlyK_mlp_s9713,onlyK_mlp,9713,35,3300,278.0994085150425,0.0,286.21974661946297
onlyK_mlp_s9713,onlyK_mlp,9713,35,3400,279.7343936694272,0.0,287.8365522623062
onlyK_mlp_s9713,onlyK_mlp,9713,35,3500,273.3844183196553,0.0,282.91362673044205
onlyK_mlp_s9713,onlyK_mlp,9713,35,3600,271.22852718876464,0.0,281.29479414224625
onlyK_mlp_s9713,onlyK_mlp,9713,35,3700,275.45389985778644,0.0,283.3216825425625
onlyK_mlp_s9713,onlyK_mlp,9713,35,3800,269.9139415257684,0.0,280.35020366311073
onlyK_mlp_s9713,onlyK_mlp,9713,35,3900,276.2796977633117,0.0,284.89391243457794
onlyK_mlp_s9713,onlyK_mlp,9713,36,0,36.668576955484944,0.0006256247870624065,58.73932102822414
onlyK_mlp_s9713,onlyK_mlp,9713,36,100,217.79726265077147,0.0,226.32625317573547
onlyK_mlp_s9713,onlyK_mlp,9713,36,200,264.37690315311613,0.0,272.54293102025986
onlyK_mlp_s9713,onlyK_mlp,9713,36,300,270.2110432209737,0.0,280.2990357577801
onlyK_mlp_s9713,onlyK_mlp,9713,36,400,275.01838667802264,0.0,283.5136213898659
onlyK_mlp_s9713,onlyK_mlp,9713,36,500,276.24761780124726,0.0,284.49539545178413
onlyK_mlp_s9713,onlyK_mlp,9713,36,600,268.83331460774457,0.0,279.32704412937164
onlyK_mlp_s9713,onlyK_mlp,9713,36,700,271.75850404888064,0.0,281.29136458039284
onlyK_mlp_s9713,onlyK_mlp,9713,36,800,271.43254382136377,0.0,280.9777101278305
onlyK_mlp_s9713,onlyK_mlp,9713,36,900,273.9422777141712,0.0,283.6568057537079
onlyK_mlp_s9713,onlyK_mlp,9713,36,1000,270.5111428182804,0.0,280.9004966020584
onlyK_mlp_s9713,onlyK_mlp,9713,36,1100,269.3449278823015,0.0,279.7775901556015
onlyK_mlp_s9713,onlyK_mlp,9713,36,1200,275.98228472859324,0.0,284.622193813324
onlyK_mlp_s9713,onlyK_mlp,9713,36,1300,277.6024971003917,0.0,285.77802097797394
onlyK_mlp_s9713,onlyK_mlp,9713,36,1400,275.44453695969145,0.0,283.5195436477661
onlyK_mlp_s9713,onlyK_mlp,9713,36,1500,274.1765570370003,0.0,282.98025596141815
onlyK_mlp_s9713,onlyK_mlp,9713,36,1600,273.6346170581088,0.0,282.289392799139
onlyK_mlp_s9713,onlyK_mlp,9713,36,1700,280.57451745336,0.0,287.4966878890991
onlyK_mlp_s9713,onlyK_mlp,9713,36,1800,272.379121157857,0.0,281.6621571779251
onlyK_mlp_s9713,onlyK_mlp,9713,36,1900,277.9179386274076,0.0,285.84934812784195
onlyK_mlp_s9713,onlyK_mlp,9713,36,2000,276.8917424063675,0.0,285.19455152750015
onlyK_mlp_s9713,onlyK_mlp,9713,36,2100,270.278082309693,0.0,280.2132277190685
onlyK_mlp_s9713,onlyK_mlp,9713,36,2200,280.4350988075817,0.0,287.56699615716934
onlyK_mlp_s9713,onlyK_mlp,9713,36,2300,273.35892385153534,0.0,282.8696883916855
onlyK_mlp_s9713,onlyK_mlp,9713,36,2400,271.41065215239587,0.0,281.6104665994644
onlyK_mlp_s9713,onlyK_mlp,9713,36,2500,274.5944309103555,0.0,283.3305087685585
onlyK_mlp_s9713,onlyK_mlp,9713,36,2600,276.52482477446705,0.0,284.97182071208954
onlyK_mlp_s9713,onlyK_mlp,9713,36,2700,269.7365440773906,0.0,280.8641532063484
onlyK_mlp_s9713,onlyK_mlp,9713,36,2800,273.01294993004,0.0,281.97016859054565
onlyK_mlp_s9713,onlyK_mlp,9713,36,2900,276.20106027938573,0.0,284.98271495103836
onlyK_mlp_s9713,onlyK_mlp,9713,36,3000,276.4861012502585,0.0,284.6834736466408
onlyK_mlp_s9713,onlyK_mlp,9713,36,3100,274.44335960816,0.0,283.2858937680721
onlyK_mlp_s9713,onlyK_mlp,9713,36,3200,268.6700511208005,0.0,279.1925699412823
onlyK_mlp_s9713,onlyK_mlp,9713,36,3300,266.4493134388245,0.0,277.4838878810406
onlyK_mlp_s9713,onlyK_mlp,9713,36,3400,275.38803800867566,0.0,284.0148679409176
onlyK_mlp_s9713,onlyK_mlp,9713,36,3500,277.5854253844605,0.0,285.43553256988525
onlyK_mlp_s9713,onlyK_mlp,9713,36,3600,270.199491994393,0.0,280.851011633873
onlyK_mlp_s9713,onlyK_mlp,9713,36,3700,277.0905565798803,0.0,284.7983532547951
onlyK_mlp_s9713,onlyK_mlp,9713,36,3800,272.38385621447327,0.0,281.7224463224411
onlyK_mlp_s9713,onlyK_mlp,9713,36,3900,280.9599470883926,0.0,287.94006407260895
onlyK_mlp_s9713,onlyK_mlp,9713,37,0,36.668576955484944,0.0006256247870624065,58.73932102822414
onlyK_mlp_s9713,onlyK_mlp,9713,37,100,210.18143770530253,0.0,220.36544081568718
onlyK_mlp_s9713,onlyK_mlp,9713,37,200,264.5194042960218,0.0,272.81056332588196
onlyK_mlp_s9713,onlyK_mlp,9713,37,300,267.8327825201584,0.0,278.1278484761715
onlyK_mlp_s9713,onlyK_mlp,9713,37,400,270.48879434742804,0.0,280.27997982501984
onlyK_mlp_s9713,onlyK_mlp,9713,37,500,266.01614206838747,0.0,276.96481108665466
onlyK_mlp_s9713,onlyK_mlp,9713,37,600,270.04111926514196,0.0,280.09840935468674
onlyK_mlp_s9713,onlyK_mlp,9713,37,700,274.8760373354789,0.0,283.9789200425148
onlyK_mlp_s9713,onlyK_mlp,9713,37,800,270.05192701801,0.0,280.0314171053469
onlyK_mlp_s9713,onlyK_mlp,9713,37,900,281.79612415964175,0.0,288.41004741191864
onlyK_mlp_s9713,onlyK_mlp,9713,37,1000,280.0601140140597,0.0,287.9376627802849
onlyK_mlp_s9713,onlyK_mlp,9713,37,1100,273.85805359627295,0.0,283.60278260707855
onlyK_mlp_s9713,onlyK_mlp,9713,37,1200,273.14811986925804,0.0,282.50055569410324
onlyK_mlp_s9713,onlyK_mlp,9713,37,1300,277.2199128935373,0.0,285.2982657253742
onlyK_mlp_s9713,onlyK_mlp,9713,37,1400,276.36371118899285,0.0,285.0622322782874
onlyK_mlp_s9713,onlyK_mlp,9713,37,1500,278.05743160827643,0.0,285.43601551651955
onlyK_mlp_s9713,onlyK_mlp,9713,37,1600,279.5655737457406,0.0,287.01295160874724
onlyK_mlp_s9713,onlyK_mlp,9713,37,1700,277.4861009904137,0.0,285.16972529888153
onlyK_mlp_s9713,onlyK_mlp,9713,37,1800,277.60712861507255,0.0,285.4012944698334
onlyK_mlp_s9713,onlyK_mlp,9713,37,1900,272.02233932698607,0.0,282.25302293896675
onlyK_mlp_s9713,onlyK_mlp,9713,37,2000,269.77519569433264,0.0,280.23193280398846
onlyK_mlp_s9713,onlyK_mlp,9713,37,2100,275.2445377506848,0.0,283.75319707393646
onlyK_mlp_s9713,onlyK_mlp,9713,37,2200,271.85105370324436,0.0,281.6746783256531
onlyK_mlp_s9713,onlyK_mlp,9713,37,2300,267.2973574692577,0.0,278.25654739141464
onlyK_mlp_s9713,onlyK_mlp,9713,37,2400,275.88303934747586,0.0,283.97084778547287
onlyK_mlp_s9713,onlyK_mlp,9713,37,2500,275.86078308445934,0.0,284.2632282972336
onlyK_mlp_s9713,onlyK_mlp,9713,37,2600,274.2889392694493,0.0,283.18125404417515
onlyK_mlp_s9713,onlyK_mlp,9713,37,2700,272.6087101153282,0.0,282.03484381735325
onlyK_mlp_s9713,onlyK_mlp,9713,37,2800,274.13858860093495,0.0,283.3203375637531
onlyK_mlp_s9713,onlyK_mlp,9713,37,2900,273.6402313824622,0.0,283.3774115741253
onlyK_mlp_s9713,onlyK_mlp,9713,37,3000,281.6800643240187,0.0,288.6110021471977
onlyK_mlp_s9713,onlyK_mlp,9713,37,3100,276.14030213332273,0.0,284.3918377161026
onlyK_mlp_s9713,onlyK_mlp,9713,37,3200,275.73071631894186,0.0,284.0888258740306
onlyK_mlp_s9713,onlyK_mlp,9713,37,3300,273.10936193153543,0.0,282.677132666111
onlyK_mlp_s9713,onlyK_mlp,9713,37,3400,271.8084086797265,0.0,280.88353288173676
onlyK_mlp_s9713,onlyK_mlp,9713,37,3500,280.57558071821614,0.0,287.52820348739624
onlyK_mlp_s9713,onlyK_mlp,9713,37,3600,272.9492470255941,0.0,282.43467953801155
onlyK_mlp_s9713,onlyK_mlp,9713,37,3700,272.6285319641313,0.0,281.98978930711746
onlyK_mlp_s9713,onlyK_mlp,9713,37,3800,275.30304682823606,0.0,283.49753096699715
onlyK_mlp_s9713,onlyK_mlp,9713,37,3900,273.1635824142986,0.0,282.26607951521873
onlyK_mlp_s9713,onlyK_mlp,9713,38,0,36.668576955484944,0.0006256247870624065,58.73932102822414
onlyK_mlp_s9713,onlyK_mlp,9713,38,100,206.07492466434545,0.0,216.9082258939743
onlyK_mlp_s9713,onlyK_mlp,9713,38,200,267.2235454615887,0.0,274.29855209589005
onlyK_mlp_s9713,onlyK_mlp,9713,38,300,269.5058720494724,0.0,279.1400028318167
onlyK_mlp_s9713,onlyK_mlp,9713,38,400,273.8014251704306,0.0,282.6932604908943
onlyK_mlp_s9713,onlyK_mlp,9713,38,500,269.6212441443846,0.0,280.29768392443657
onlyK_mlp_s9713,onlyK_mlp,9713,38,600,269.2052892806462,0.0,279.8170601129532
onlyK_mlp_s9713,onlyK_mlp,9713,38,700,272.9372237309442,0.0,281.99925005435944
onlyK_mlp_s9713,onlyK_mlp,9713,38,800,278.57811963140756,0.0,286.88565999269485
onlyK_mlp_s9713,onlyK_mlp,9713,38,900,273.03972960474977,0.0,282.7640378475189
onlyK_mlp_s9713,onlyK_mlp,9713,38,1000,269.81981929882033,0.0,280.1270191818476
onlyK_mlp_s9713,onlyK_mlp,9713,38,1100,270.7551744343813,0.0,281.16338554024696
onlyK_mlp_s9713,onlyK_mlp,9713,38,1200,273.8557277368314,0.0,282.9944689273834
onlyK_mlp_s9713,onlyK_mlp,9713,38,1300,273.366389615057,0.0,282.92251884937286
onlyK_mlp_s9713,onlyK_mlp,9713,38,1400,278.1823645050096,0.0,287.0327477902174
onlyK_mlp_s9713,onlyK_mlp,9713,38,1500,274.53520220507613,0.0,283.29151889681816
onlyK_mlp_s9713,onlyK_mlp,9713,38,1600,268.80414634649907,0.0,279.41377437114716
onlyK_mlp_s9713,onlyK_mlp,9713,38,1700,268.68353096011884,0.0,279.1488353163004
onlyK_mlp_s9713,onlyK_mlp,9713,38,1800,267.15808333304903,0.0,277.9525213241577
onlyK_mlp_s9713,onlyK_mlp,9713,38,1900,275.5586508756567,0.0,283.6790199279785
onlyK_mlp_s9713,onlyK_mlp,9713,38,2000,280.42503851266395,0.0,287.89745992422104
onlyK_mlp_s9713,onlyK_mlp,9713,38,2100,284.5551060770799,0.0,290.7133755683899
onlyK_mlp_s9713,onlyK_mlp,9713,38,2200,278.8161349938947,0.0,287.1099382042885
onlyK_mlp_s9713,onlyK_mlp,9713,38,2300,279.13439572834164,0.0,286.69373536109924
onlyK_mlp_s9713,onlyK_mlp,9713,38,2400,276.45646313052964,0.0,284.94867008924484
onlyK_mlp_s9713,onlyK_mlp,9713,38,2500,280.91458172855926,0.0,287.8191210627556
onlyK_mlp_s9713,onlyK_mlp,9713,38,2600,280.59925911707245,0.0,287.96046781539917
onlyK_mlp_s9713,onlyK_mlp,9713,38,2700,272.6929141051247,0.0,282.8500487804413
onlyK_mlp_s9713,onlyK_mlp,9713,38,2800,271.6848318813637,0.0,281.75348073244095
onlyK_mlp_s9713,onlyK_mlp,9713,38,2900,268.7283144910522,0.0,279.2078915089369
onlyK_mlp_s9713,onlyK_mlp,9713,38,3000,280.2255030740304,0.0,287.087128944695
onlyK_mlp_s9713,onlyK_mlp,9713,38,3100,279.64897763795614,0.0,287.94810116291046
onlyK_mlp_s9713,onlyK_mlp,9713,38,3200,272.33686548055556,0.0,282.1628523617983
onlyK_mlp_s9713,onlyK_mlp,9713,38,3300,273.8410614280146,0.0,283.247829452157
onlyK_mlp_s9713,onlyK_mlp,9713,38,3400,275.28932753992876,0.0,284.025368463248
onlyK_mlp_s9713,onlyK_mlp,9713,38,3500,277.1702164993638,0.0,285.56604635715485
onlyK_mlp_s9713,onlyK_mlp,9713,38,3600,278.29777321860695,0.0,285.85208147764206
onlyK_mlp_s9713,onlyK_mlp,9713,38,3700,271.44619646374883,0.0,281.5557743906975
onlyK_mlp_s9713,onlyK_mlp,9713,38,3800,271.94521956404077,0.0,281.40153577923775
onlyK_mlp_s9713,onlyK_mlp,9713,38,3900,277.8592272796655,0.0,285.65175634622574
onlyK_mlp_s9713,onlyK_mlp,9713,39,0,36.668576955484944,0.0006256247870624065,58.73932102822414
onlyK_mlp_s9713,onlyK_mlp,9713,39,100,213.12199024736853,0.0,222.43657431006432
onlyK_mlp_s9713,onlyK_mlp,9713,39,200,262.47628275014756,0.0,271.51776003837585
onlyK_mlp_s9713,onlyK_mlp,9713,39,300,274.08093370036505,0.0,282.5262847542763
onlyK_mlp_s9713,onlyK_mlp,9713,39,400,272.55735013868343,0.0,281.89150327444077
onlyK_mlp_s9713,onlyK_mlp,9713,39,500,274.1977219297678,0.0,283.03992149606347
onlyK_mlp_s9713,onlyK_mlp,9713,39,600,270.6661428379233,0.0,280.22161461412907
onlyK_mlp_s9713,onlyK_mlp,9713,39,700,271.23557302982266,0.0,281.17722514271736
onlyK_mlp_s9713,onlyK_mlp,9713,39,800,272.3679640927314,0.0,281.650087416172
onlyK_mlp_s9713,onlyK_mlp,9713,39,900,275.10174287063234,0.0,283.4528561234474
onlyK_mlp_s9713,onlyK_mlp,9713,39,1000,275.7096880021475,0.0,284.2033336311579
onlyK_mlp_s9713,onlyK_mlp,9713,39,1100,274.9869073262059,0.0,283.767121553421
onlyK_mlp_s9713,onlyK_mlp,9713,39,1200,276.01475109871876,0.0,283.9176974892616
onlyK_mlp_s9713,onlyK_mlp,9713,39,1300,273.9443734106292,0.0,282.46002477407455
onlyK_mlp_s9713,onlyK_mlp,9713,39,1400,276.31629120931996,0.0,284.5915877223015
onlyK_mlp_s9713,onlyK_mlp,9713,39,1500,272.749724038562,0.0,281.946546792984
onlyK_mlp_s9713,onlyK_mlp,9713,39,1600,278.4256441663318,0.0,285.685279071331
onlyK_mlp_s9713,onlyK_mlp,9713,39,1700,271.2539715153767,0.0,281.05151304230094
onlyK_mlp_s9713,onlyK_mlp,9713,39,1800,273.77162778892404,0.0,282.3047622144222
onlyK_mlp_s9713,onlyK_mlp,9713,39,1900,277.6168995936809,0.0,285.38220435380936
onlyK_mlp_s9713,onlyK_mlp,9713,39,2000,276.08055451844706,0.0,284.551487326622
onlyK_mlp_s9713,onlyK_mlp,9713,39,2100,273.07790128721786,0.0,282.2215853780508
onlyK_mlp_s9713,onlyK_mlp,9713,39,2200,278.10515064791707,0.0,285.5671868920326
onlyK_mlp_s9713,onlyK_mlp,9713,39,2300,272.7576131450988,0.0,283.0109913079068
onlyK_mlp_s9713,onlyK_mlp,9713,39,2400,271.1123976462011,0.0,280.6998794078827
onlyK_mlp_s9713,onlyK_mlp,9713,39,2500,270.94617533884,0.0,280.76072281599045
onlyK_mlp_s9713,onlyK_mlp,9713,39,2600,272.8770215569773,0.0,281.7844309210777
onlyK_mlp_s9713,onlyK_mlp,9713,39,2700,272.3151805760198,0.0,282.5594707727432
onlyK_mlp_s9713,onlyK_mlp,9713,39,2800,273.7196315393489,0.0,282.5247055888176
onlyK_mlp_s9713,onlyK_mlp,9713,39,2900,268.7030873284175,0.0,279.56006276607513
onlyK_mlp_s9713,onlyK_mlp,9713,39,3000,276.2583001913856,0.0,284.1090445369482
onlyK_mlp_s9713,onlyK_mlp,9713,39,3100,277.2766653607845,0.0,285.7921170592308
onlyK_mlp_s9713,onlyK_mlp,9713,39,3200,270.51869066086346,0.0,280.5632230043411
onlyK_mlp_s9713,onlyK_mlp,9713,39,3300,276.95491250967035,0.0,284.6873913407326
onlyK_mlp_s9713,onlyK_mlp,9713,39,3400,276.924530391355,0.0,285.6135750412941
onlyK_mlp_s9713,onlyK_mlp,9713,39,3500,279.28034989649524,0.0,286.6549850702286
onlyK_mlp_s9713,onlyK_mlp,9713,39,3600,276.79868657602964,0.0,285.15157294273376
onlyK_mlp_s9713,onlyK_mlp,9713,39,3700,276.98455475449504,0.0,285.0672703832388
onlyK_mlp_s9713,onlyK_mlp,9713,39,3800,276.2455585212864,0.0,284.8712148666382
onlyK_mlp_s9713,onlyK_mlp,9713,39,3900,269.6641621539436,0.0,280.4533714354038
onlyK_mlp_s9713,onlyK_mlp,9713,40,0,36.668576955484944,0.0006256247870624065,58.73932102822414
onlyK_mlp_s9713,onlyK_mlp,9713,40,100,218.9330483701929,0.0,226.98692458868027
onlyK_mlp_s9713,onlyK_mlp,9713,40,200,261.89060285444714,0.0,271.9968357682228
onlyK_mlp_s9713,onlyK_mlp,9713,40,300,272.07063118942693,0.0,281.2832723557949
onlyK_mlp_s9713,onlyK_mlp,9713,40,400,276.0542118522718,0.0,284.3293093442917
onlyK_mlp_s9713,onlyK_mlp,9713,40,500,275.09334312951773,0.0,284.0165865197778
onlyK_mlp_s9713,onlyK_mlp,9713,40,600,271.47560252390286,0.0,281.62026566267014
onlyK_mlp_s9713,onlyK_mlp,9713,40,700,273.5853622436717,0.0,281.97205406427383
onlyK_mlp_s9713,onlyK_mlp,9713,40,800,272.49712615071223,0.0,282.21564741432667
onlyK_mlp_s9713,onlyK_mlp,9713,40,900,273.45475778951675,0.0,282.692780315876
onlyK_mlp_s9713,onlyK_mlp,9713,40,1000,276.6219772471104,0.0,284.18516397476196
onlyK_mlp_s9713,onlyK_mlp,9713,40,1100,278.77505776515494,0.0,286.25280290842056
onlyK_mlp_s9713,onlyK_mlp,9713,40,1200,267.9927267058775,0.0,279.00231825048104
onlyK_mlp_s9713,onlyK_mlp,9713,40,1300,277.32203346263304,0.0,284.8885153532028
onlyK_mlp_s9713,onlyK_mlp,9713,40,1400,274.84864662236805,0.0,283.32735669612885
onlyK_mlp_s9713,onlyK_mlp,9713,40,1500,272.2646732547092,0.0,281.3304633796215
onlyK_mlp_s9713,onlyK_mlp,9713,40,1600,272.09384578039885,0.0,280.9498143196106
onlyK_mlp_s9713,onlyK_mlp,9713,40,1700,272.15585114076595,0.0,281.6409966349602
onlyK_mlp_s9713,onlyK_mlp,9713,40,1800,274.40358380477886,0.0,282.76763689517975
onlyK_mlp_s9713,onlyK_mlp,9713,40,1900,275.33832523669963,0.0,284.4499273300171
onlyK_mlp_s9713,onlyK_mlp,9713,40,2000,273.85895195764135,0.0,282.7086253166199
onlyK_mlp_s9713,onlyK_mlp,9713,40,2100,273.2205339150958,0.0,282.49940288066864
onlyK_mlp_s9713,onlyK_mlp,9713,40,2200,277.09523726899613,0.0,285.25361835956573
onlyK_mlp_s9713,onlyK_mlp,9713,40,2300,271.8735244770263,0.0,281.5393986105919
onlyK_mlp_s9713,onlyK_mlp,9713,40,2400,268.01084659470814,0.0,278.78069800138474
onlyK_mlp_s9713,onlyK_mlp,9713,40,2500,278.52325537116667,0.0,285.8291622400284
onlyK_mlp_s9713,onlyK_mlp,9713,40,2600,273.54357710545565,0.0,282.4748625457287
onlyK_mlp_s9713,onlyK_mlp,9713,40,2700,271.2686238570839,0.0,281.0052055553533
onlyK_mlp_s9713,onlyK_mlp,9713,40,2800,279.61421636409693,0.0,286.5473431944847
onlyK_mlp_s9713,onlyK_mlp,9713,40,2900,273.9628105412457,0.0,283.34886968135834
onlyK_mlp_s9713,onlyK_mlp,9713,40,3000,270.5825315018399,0.0,281.0751884877682
onlyK_mlp_s9713,onlyK_mlp,9713,40,3100,272.70776559840925,0.0,281.867549598217
onlyK_mlp_s9713,onlyK_mlp,9713,40,3200,274.8282747417797,0.0,283.9381453990936
onlyK_mlp_s9713,onlyK_mlp,9713,40,3300,274.62795870339045,0.0,283.0595925040543
onlyK_mlp_s9713,onlyK_mlp,9713,40,3400,274.35687775818656,0.0,283.9183637499809
onlyK_mlp_s9713,onlyK_mlp,9713,40,3500,277.8169156884699,0.0,285.6842467188835
onlyK_mlp_s9713,onlyK_mlp,9713,40,3600,279.6027922253216,0.0,286.602686047554
onlyK_mlp_s9713,onlyK_mlp,9713,40,3700,271.36003891556857,0.0,281.7624132633209
onlyK_mlp_s9713,onlyK_mlp,9713,40,3800,271.5594576458677,0.0,281.40779572725296
onlyK_mlp_s9713,onlyK_mlp,9713,40,3900,274.91601983964233,0.0,283.000566241506
onlyK_mlp_s9713,onlyK_mlp,9713,41,0,36.668576955484944,0.0006256247870624065,58.73932102822414
onlyK_mlp_s9713,onlyK_mlp,9713,41,100,208.67917143366424,0.0,219.40017661452293
onlyK_mlp_s9713,onlyK_mlp,9713,41,200,268.1433932499076,0.0,275.05873741954565
onlyK_mlp_s9713,onlyK_mlp,9713,41,300,275.7548605685279,0.0,283.5474302172661
onlyK_mlp_s9713,onlyK_mlp,9713,41,400,278.90296899938664,0.0,286.21735003590584
onlyK_mlp_s9713,onlyK_mlp,9713,41,500,279.3368344148783,0.0,287.04218658059835
onlyK_mlp_s9713,onlyK_mlp,9713,41,600,272.17540546777667,0.0,282.20319248735905
onlyK_mlp_s9713,onlyK_mlp,9713,41,700,268.9640061725252,0.0,279.1519706249237
onlyK_mlp_s9713,onlyK_mlp,9713,41,800,276.16953623498733,0.0,284.5866238474846
onlyK_mlp_s9713,onlyK_mlp,9713,41,900,272.9707270306577,0.0,282.5036731362343
onlyK_mlp_s9713,onlyK_mlp,9713,41,1000,278.23654276375873,0.0,285.8898446559906
onlyK_mlp_s9713,onlyK_mlp,9713,41,1100,273.8829907775886,0.0,283.1508424282074
onlyK_mlp_s9713,onlyK_mlp,9713,41,1200,271.0249775989304,0.0,280.81576550006866
onlyK_mlp_s9713,onlyK_mlp,9713,41,1300,276.28403119742404,0.0,284.2734161019325
onlyK_mlp_s9713,onlyK_mlp,9713,41,1400,273.53227076561217,0.0,283.24676264822483
onlyK_mlp_s9713,onlyK_mlp,9713,41,1500,272.1837049331783,0.0,282.1047787293792
onlyK_mlp_s9713,onlyK_mlp,9713,41,1600,276.05462135249303,0.0,283.84215527772903
onlyK_mlp_s9713,onlyK_mlp,9713,41,1700,276.1763426395708,0.0,284.858369410038
onlyK_mlp_s9713,onlyK_mlp,9713,41,1800,278.6176877499684,0.0,286.6266633272171
onlyK_mlp_s9713,onlyK_mlp,9713,41,1900,274.2157685385702,0.0,282.7576498389244
onlyK_mlp_s9713,onlyK_mlp,9713,41,2000,277.1687094876555,0.0,285.53720980882645
onlyK_mlp_s9713,onlyK_mlp,9713,41,2100,272.5894948732478,0.0,281.54034090042114
onlyK_mlp_s9713,onlyK_mlp,9713,41,2200,269.05054323685283,0.0,279.7070123553276
onlyK_mlp_s9713,onlyK_mlp,9713,41,2300,277.1654553666411,0.0,285.9682988524437
onlyK_mlp_s9713,onlyK_mlp,9713,41,2400,276.5771765907104,0.0,284.9326995611191
onlyK_mlp_s9713,onlyK_mlp,9713,41,2500,275.5507042125617,0.0,284.67692118883133
onlyK_mlp_s9713,onlyK_mlp,9713,41,2600,278.05903540172454,0.0,285.29410257935524
onlyK_mlp_s9713,onlyK_mlp,9713,41,2700,283.75219091824437,0.0,290.4059343934059
onlyK_mlp_s9713,onlyK_mlp,9713,41,2800,281.7145294406727,0.0,289.48484990000725
onlyK_mlp_s9713,onlyK_mlp,9713,41,2900,282.1319447671095,0.0,289.6064553260803
onlyK_mlp_s9713,onlyK_mlp,9713,41,3000,277.0533537564416,0.0,285.941203892231
onlyK_mlp_s9713,onlyK_mlp,9713,41,3100,274.26895562594063,0.0,283.1481371372938
onlyK_mlp_s9713,onlyK_mlp,9713,41,3200,274.95146719887146,0.0,282.89774656295776
onlyK_mlp_s9713,onlyK_mlp,9713,41,3300,277.1624243964605,0.0,284.8793706893921
onlyK_mlp_s9713,onlyK_mlp,9713,41,3400,277.9934913188007,0.0,286.2391395717859
onlyK_mlp_s9713,onlyK_mlp,9713,41,3500,273.67552635868077,0.0,282.5572109222412
onlyK_mlp_s9713,onlyK_mlp,9713,41,3600,278.5569827317554,0.0,285.6368466615677
onlyK_mlp_s9713,onlyK_mlp,9713,41,3700,279.18073811987944,0.0,286.88339680433273
onlyK_mlp_s9713,onlyK_mlp,9713,41,3800,275.3402814041395,0.0,283.9931696653366
onlyK_mlp_s9713,onlyK_mlp,9713,41,3900,273.589857405195,0.0,282.6027801632881
mmv_matched_s9711,mmv_matched,9711,30,0,36.668576955484944,0.0006256247870624065,58.73932102822414
mmv_matched_s9711,mmv_matched,9711,30,100,39.51846810741349,1.5191337752185063e-06,63.028319412477
mmv_matched_s9711,mmv_matched,9711,30,200,38.56459262979132,4.628229362424463e-06,63.07238824774777
mmv_matched_s9711,mmv_matched,9711,30,300,40.40346388960327,5.969483822809707e-07,65.08137622281129
mmv_matched_s9711,mmv_matched,9711,30,400,39.735046527335975,1.4508005961033632e-06,64.29110527570447
mmv_matched_s9711,mmv_matched,9711,30,500,38.90482740408254,8.416300261160359e-06,63.87897707383604
mmv_matched_s9711,mmv_matched,9711,30,600,40.866586432620466,4.6174201884241484e-07,65.15795913111242
mmv_matched_s9711,mmv_matched,9711,30,700,39.596881624873774,9.373716238769703e-07,63.53118291300848
mmv_matched_s9711,mmv_matched,9711,30,800,39.052717305464306,1.8410690245218575e-05,63.35153416329376
mmv_matched_s9711,mmv_matched,9711,30,900,38.719942719314915,5.978326953481883e-05,62.760557097038145
mmv_matched_s9711,mmv_matched,9711,30,1000,39.676818275386104,7.86718999279401e-07,64.87517093758152
mmv_matched_s9711,mmv_matched,9711,30,1100,39.03842991527653,1.67421512742294e-06,64.74229976030801
mmv_matched_s9711,mmv_matched,9711,30,1200,40.96536619934737,5.161314220458735e-07,66.27010850845909
mmv_matched_s9711,mmv_matched,9711,30,1300,39.025190128746644,1.5312809409806505e-05,63.47319744000197
mmv_matched_s9711,mmv_matched,9711,30,1400,39.825094414338324,9.006367918118485e-07,65.1023272708472
mmv_matched_s9711,mmv_matched,9711,30,1500,41.382897771369116,0.0,65.93106979110257
mmv_matched_s9711,mmv_matched,9711,30,1600,40.48604684698104,0.0,64.16954581115306
mmv_matched_s9711,mmv_matched,9711,30,1700,36.73248888787088,0.0001414128055330366,61.10602279347394
mmv_matched_s9711,mmv_matched,9711,30,1800,39.62921180742803,0.0,65.07370252799183
mmv_matched_s9711,mmv_matched,9711,30,1900,41.200990791870524,3.26582210163906e-07,65.69810164482624
mmv_matched_s9711,mmv_matched,9711,30,2000,38.735149703824966,4.5596345444209874e-05,62.80784519912484
mmv_matched_s9711,mmv_matched,9711,30,2100,38.16569592777007,3.383314469829202e-05,63.124933557203576
mmv_matched_s9711,mmv_matched,9711,30,2200,39.082916620127875,3.7610830077028368e-06,64.86200565261197
mmv_matched_s9711,mmv_matched,9711,30,2300,38.615368055709766,4.143242676946102e-06,64.32034999377152
mmv_matched_s9711,mmv_matched,9711,30,2400,39.06142632513213,2.4891411158023402e-05,64.73899248713224
mmv_matched_s9711,mmv_matched,9711,30,2500,40.88077066921387,3.5879384086001664e-07,66.72277044466955
mmv_matched_s9711,mmv_matched,9711,30,2600,39.03631520201475,3.8889389543328434e-05,63.827830030726204
mmv_matched_s9711,mmv_matched,9711,30,2700,39.37645312361139,4.92921981276595e-06,64.45939725604421
mmv_matched_s9711,mmv_matched,9711,30,2800,38.65767892005484,1.700264328974299e-05,63.53041294301556
mmv_matched_s9711,mmv_matched,9711,30,2900,40.62126569642442,6.425408969334967e-07,65.74733456198919
mmv_matched_s9711,mmv_matched,9711,30,3000,37.724815086420506,3.8267004129011184e-05,62.66473182183722
mmv_matched_s9711,mmv_matched,9711,30,3100,39.1070068648213,2.6118050300283358e-06,64.23576929740011
mmv_matched_s9711,mmv_matched,9711,30,3200,39.111431381599935,3.5180128179490566e-06,64.53981289015678
mmv_matched_s9711,mmv_matched,9711,30,3300,39.376654180288845,0.0,64.39444404975984
mmv_matched_s9711,mmv_matched,9711,30,3400,39.57180720051775,1.4135482615529327e-06,64.54777775518346
mmv_matched_s9711,mmv_matched,9711,30,3500,38.55754957949364,2.0536543161142617e-05,63.01986405639195
mmv_matched_s9711,mmv_matched,9711,30,3600,37.92815966181318,9.070287342183292e-05,62.41009582673428
mmv_matched_s9711,mmv_matched,9711,30,3700,39.32313704668783,4.3998561523039825e-06,64.86215922163592
mmv_matched_s9711,mmv_matched,9711,30,3800,39.97107494581801,0.0,65.43189557701339
mmv_matched_s9711,mmv_matched,9711,30,3900,41.32028133729827,2.411887862763251e-07,66.39547153471085
mmv_matched_s9711,mmv_matched,9711,31,0,36.668576955484944,0.0006256247870624065,58.73932102822414
mmv_matched_s9711,mmv_matched,9711,31,100,39.49331193982743,2.3149682419898454e-06,62.664146919991936
mmv_matched_s9711,mmv_matched,9711,31,200,38.294781509487436,5.571157089434564e-05,62.111067611751054
mmv_matched_s9711,mmv_matched,9711,31,300,38.24107836477713,6.0388407291611657e-05,62.891888045340465
mmv_matched_s9711,mmv_matched,9711,31,400,40.72652274728878,4.2491058138693916e-07,66.58660442405517
mmv_matched_s9711,mmv_matched,9711,31,500,38.86785763391977,3.7571953726001084e-05,63.92568107103921
mmv_matched_s9711,mmv_matched,9711,31,600,38.37812146430642,2.7841317205457017e-05,64.13699039101152
mmv_matched_s9711,mmv_matched,9711,31,700,39.47342989951218,0.0,65.19396373298923
mmv_matched_s9711,mmv_matched,9711,31,800,38.524559019835195,2.979228156618774e-05,64.87758865581645
mmv_matched_s9711,mmv_matched,9711,31,900,38.381265512552474,3.785002263612114e-06,65.23911530999885
mmv_matched_s9711,mmv_matched,9711,31,1000,39.08839203765573,4.0830118450685404e-06,66.35975446125303
mmv_matched_s9711,mmv_matched,9711,31,1100,41.003169728249325,4.1761816760299553e-07,68.18029478453582
mmv_matched_s9711,mmv_matched,9711,31,1200,37.84780841072488,0.00010077736806124449,63.763307040533164
mmv_matched_s9711,mmv_matched,9711,31,1300,40.444582213999624,7.366999739133462e-07,66.771512420617
mmv_matched_s9711,mmv_matched,9711,31,1400,38.48298550944646,1.4733496755070519e-05,64.42391528355984
mmv_matched_s9711,mmv_matched,9711,31,1500,39.82057895631952,1.3906727645007777e-06,66.05604034980843
mmv_matched_s9711,mmv_matched,9711,31,1600,39.10987236229285,2.6736054223874817e-06,65.08803264279959
mmv_matched_s9711,mmv_matched,9711,31,1700,39.49928146205656,0.0,65.00895368279947
mmv_matched_s9711,mmv_matched,9711,31,1800,38.36449093250225,9.460040018893778e-06,64.04649988090091
mmv_matched_s9711,mmv_matched,9711,31,1900,40.74856463626488,4.377404820843367e-07,66.94032184647563
mmv_matched_s9711,mmv_matched,9711,31,2000,39.14132083508184,1.0023044524132274e-05,64.5105316402828
mmv_matched_s9711,mmv_matched,9711,31,2100,40.1170795904218,7.022774752840633e-07,64.97707286890954
mmv_matched_s9711,mmv_matched,9711,31,2200,38.84861557688633,2.6222780434181914e-05,63.12403833604429
mmv_matched_s9711,mmv_matched,9711,31,2300,38.50071262628501,1.696617982815951e-05,63.006597869749044
mmv_matched_s9711,mmv_matched,9711,31,2400,41.19927027037346,3.8149147485455615e-07,65.58900603736083
mmv_matched_s9711,mmv_matched,9711,31,2500,40.55893940217102,4.5573170837087673e-07,64.62940173284119
mmv_matched_s9711,mmv_matched,9711,31,2600,40.90163357508651,3.1868796668277355e-07,64.81837059246527
mmv_matched_s9711,mmv_matched,9711,31,2700,37.867973153925185,3.9311365981120616e-05,61.77585950969842
mmv_matched_s9711,mmv_matched,9711,31,2800,39.67886115058869,1.7550794382259483e-06,64.61737745260677
mmv_matched_s9711,mmv_matched,9711,31,2900,40.08093617789006,9.64041873885435e-07,65.33771687120884
mmv_matched_s9711,mmv_matched,9711,31,3000,38.764929780294715,4.197258022031747e-06,64.15099365383594
mmv_matched_s9711,mmv_matched,9711,31,3100,40.627349619310536,4.7338227204818395e-07,66.22294531897887
mmv_matched_s9711,mmv_matched,9711,31,3200,40.7869432204403,0.0,65.30862188896799
mmv_matched_s9711,mmv_matched,9711,31,3300,40.34729325974011,0.0,64.32619218799346
mmv_matched_s9711,mmv_matched,9711,31,3400,38.64827196240066,7.613397428940516e-06,62.73544826658372
mmv_matched_s9711,mmv_matched,9711,31,3500,38.360016695319864,3.6387988075148314e-05,63.181259817102045
mmv_matched_s9711,mmv_matched,9711,31,3600,38.48455981875613,1.1521947271830868e-05,63.75891066305849
mmv_matched_s9711,mmv_matched,9711,31,3700,39.19695500904931,3.7532965961872833e-06,64.53996369356742
mmv_matched_s9711,mmv_matched,9711,31,3800,40.06162774002093,8.342898354385397e-07,65.46523031003335
mmv_matched_s9711,mmv_matched,9711,31,3900,37.165786232153124,0.00014006617129780352,62.796653125084504
mmv_matched_s9711,mmv_matched,9711,32,0,36.668576955484944,0.0006256247870624065,58.73932102822414
mmv_matched_s9711,mmv_matched,9711,32,100,39.076609306167484,1.2618342225323431e-05,63.00649249258021
mmv_matched_s9711,mmv_matched,9711,32,200,40.4556443143637,1.3265307643450797e-06,64.71163207522886
mmv_matched_s9711,mmv_matched,9711,32,300,38.687577090899524,5.275556759443134e-06,63.44678017046954
mmv_matched_s9711,mmv_matched,9711,32,400,40.27112652383722,0.0,64.69181255073772
mmv_matched_s9711,mmv_matched,9711,32,500,40.319155522468726,5.230690476309974e-07,65.64074400478512
mmv_matched_s9711,mmv_matched,9711,32,600,40.1154692240844,0.0,65.7901312405993
mmv_matched_s9711,mmv_matched,9711,32,700,38.58570557325357,2.7661835702019744e-06,64.18316518121947
mmv_matched_s9711,mmv_matched,9711,32,800,40.13686027671691,0.0,66.24081955848942
mmv_matched_s9711,mmv_matched,9711,32,900,39.994766446719694,0.0,65.21785364503512
mmv_matched_s9711,mmv_matched,9711,32,1000,38.305243908284716,2.8480297260102816e-05,63.93232489973843
mmv_matched_s9711,mmv_matched,9711,32,1100,40.62445734195309,4.877278456660861e-07,66.76418547183494
mmv_matched_s9711,mmv_matched,9711,32,1200,41.096646746303556,3.72358897493541e-07,66.75869572781812
mmv_matched_s9711,mmv_matched,9711,32,1300,40.100749228143656,7.162324209275539e-07,65.55323553511471
mmv_matched_s9711,mmv_matched,9711,32,1400,39.81314644600935,9.297722272094688e-07,64.81442472386334
mmv_matched_s9711,mmv_matched,9711,32,1500,38.64754382732966,3.713634669111343e-06,63.6973438370087
mmv_matched_s9711,mmv_matched,9711,32,1600,40.791852444251575,3.9775301274858066e-07,66.1016433084855
mmv_matched_s9711,mmv_matched,9711,32,1700,40.062058266393855,0.0,64.52989331169101
mmv_matched_s9711,mmv_matched,9711,32,1800,39.11122671381989,3.1456070246349555e-06,63.38339055904953
mmv_matched_s9711,mmv_matched,9711,32,1900,39.90368460905044,0.0,64.47574938584876
mmv_matched_s9711,mmv_matched,9711,32,2000,39.34213802979172,3.041930540348403e-06,63.99692494793089
mmv_matched_s9711,mmv_matched,9711,32,2100,39.585773888270666,0.0,64.85225296758517
mmv_matched_s9711,mmv_matched,9711,32,2200,38.542698053061876,4.209382041153731e-06,64.6084533891385
mmv_matched_s9711,mmv_matched,9711,32,2300,39.944744214002675,9.386459396409919e-07,65.65260633422031
mmv_matched_s9711,mmv_matched,9711,32,2400,39.153469264728784,1.6050951217039255e-06,65.71294996220331
mmv_matched_s9711,mmv_matched,9711,32,2500,38.35150732144221,7.864015060476959e-05,64.88918147504182
mmv_matched_s9711,mmv_matched,9711,32,2600,40.420007103881304,6.328767767627141e-07,67.73668428155997
mmv_matched_s9711,mmv_matched,9711,32,2700,38.88831531302646,6.345018482534215e-05,64.93312362555343
mmv_matched_s9711,mmv_matched,9711,32,2800,37.55283033302981,2.296501952514518e-05,63.82852412779971
mmv_matched_s9711,mmv_matched,9711,32,2900,39.498015957100684,0.0,66.34952040155918
mmv_matched_s9711,mmv_matched,9711,32,3000,39.90800505034371,0.0,67.27657025493863
mmv_matched_s9711,mmv_matched,9711,32,3100,38.12204602284419,3.886766353389248e-05,64.6752320373007
mmv_matched_s9711,mmv_matched,9711,32,3200,39.03221793382967,3.677812492242083e-05,65.99852840165704
mmv_matched_s9711,mmv_matched,9711,32,3300,38.76884164283078,3.916938112524804e-06,65.5976085967909
mmv_matched_s9711,mmv_matched,9711,32,3400,39.47829482744006,2.6410439204482827e-06,65.82014540693035
mmv_matched_s9711,mmv_matched,9711,32,3500,38.39837693402733,4.9073983973357826e-05,63.81304770174597
mmv_matched_s9711,mmv_matched,9711,32,3600,39.54747143784825,0.0,65.67036546979989
mmv_matched_s9711,mmv_matched,9711,32,3700,37.7569266254294,4.927884219796397e-06,64.46971025194489
mmv_matched_s9711,mmv_matched,9711,32,3800,39.246482200642006,1.4798955817241222e-05,66.59309343503219
mmv_matched_s9711,mmv_matched,9711,32,3900,40.77054104567152,5.381957066674659e-07,67.41704170332241
mmv_matched_s9711,mmv_matched,9711,33,0,36.668576955484944,0.0006256247870624065,58.73932102822414
mmv_matched_s9711,mmv_matched,9711,33,100,38.8691401268962,2.1064572592877084e-06,62.88039502330275
mmv_matched_s9711,mmv_matched,9711,33,200,40.09967450990975,0.0,64.5411799793103
mmv_matched_s9711,mmv_matched,9711,33,300,41.39281811976053,0.0,65.40549554748887
mmv_matched_s9711,mmv_matched,9711,33,400,38.81720418216505,4.207961683277972e-05,62.047635388681556
mmv_matched_s9711,mmv_matched,9711,33,500,38.82760835928263,1.6949084965744987e-05,62.19845902967381
mmv_matched_s9711,mmv_matched,9711,33,600,38.32762855958179,4.577959043672308e-05,62.158868170109145
mmv_matched_s9711,mmv_matched,9711,33,700,40.65011975764377,4.4264479015510005e-07,65.39569329636834
mmv_matched_s9711,mmv_matched,9711,33,800,37.265362821889966,0.00012358887761365622,61.764448207688474
mmv_matched_s9711,mmv_matched,9711,33,900,40.70281165763614,0.0,65.64034977375923
mmv_matched_s9711,mmv_matched,9711,33,1000,38.91977067106381,3.0587671062676236e-06,63.87624009703518
mmv_matched_s9711,mmv_matched,9711,33,1100,37.59369301905102,7.468317926395684e-05,62.88240320339196
mmv_matched_s9711,mmv_matched,9711,33,1200,38.844126970442034,1.769058326317463e-05,65.50854582188941
mmv_matched_s9711,mmv_matched,9711,33,1300,40.35286032983201,6.079264949221397e-07,67.8857397348329
mmv_matched_s9711,mmv_matched,9711,33,1400,39.47058387404452,0.0,66.23474192182312
mmv_matched_s9711,mmv_matched,9711,33,1500,38.84486391343661,6.437054253183305e-05,65.0574135721863
mmv_matched_s9711,mmv_matched,9711,33,1600,40.05038746410025,1.1838480986625655e-06,66.22778052679587
mmv_matched_s9711,mmv_matched,9711,33,1700,38.5585205027483,1.4189296052791178e-05,64.74054295519454
mmv_matched_s9711,mmv_matched,9711,33,1800,38.654254000346384,2.539467459428124e-06,65.42003806356001
mmv_matched_s9711,mmv_matched,9711,33,1900,39.56843574466751,1.7135571397375315e-06,66.23327587697167
mmv_matched_s9711,mmv_matched,9711,33,2000,38.8119846475203,4.7244706365745515e-05,64.22234502929678
mmv_matched_s9711,mmv_matched,9711,33,2100,38.18937906990302,5.5284821428358555e-05,64.28049512655161
mmv_matched_s9711,mmv_matched,9711,33,2200,38.45850438636116,2.9277667636051774e-05,64.8050061896698
mmv_matched_s9711,mmv_matched,9711,33,2300,39.67569057313965,0.0,66.4817312465234
mmv_matched_s9711,mmv_matched,9711,33,2400,39.69332635549999,1.0482964398761396e-06,66.84321315515308
mmv_matched_s9711,mmv_matched,9711,33,2500,38.417338243062694,5.712053825845942e-05,64.79920443786796
mmv_matched_s9711,mmv_matched,9711,33,2600,38.535334277819395,2.545148845456424e-06,65.32828543839446
mmv_matched_s9711,mmv_matched,9711,33,2700,38.99436538581059,5.583929578278912e-06,66.10024271919227
mmv_matched_s9711,mmv_matched,9711,33,2800,40.076161290839465,1.801866574169253e-06,67.30054927473007
mmv_matched_s9711,mmv_matched,9711,33,2900,40.7097376108362,4.4367055807015277e-07,67.03112478744583
mmv_matched_s9711,mmv_matched,9711,33,3000,39.34130738496976,1.4935237686586333e-06,64.7468628697261
mmv_matched_s9711,mmv_matched,9711,33,3100,38.01769526916689,3.1972245778888464e-05,63.45775380821169
mmv_matched_s9711,mmv_matched,9711,33,3200,37.52749237974246,0.00011625970364548266,62.92288715339839
mmv_matched_s9711,mmv_matched,9711,33,3300,39.32783657941962,0.0,65.17573643391052
mmv_matched_s9711,mmv_matched,9711,33,3400,40.563260103528414,0.0,66.46203237890359
mmv_matched_s9711,mmv_matched,9711,33,3500,39.785831823002916,1.1183510650880635e-06,65.45716397560773
mmv_matched_s9711,mmv_matched,9711,33,3600,39.73218163150461,1.011925860439078e-06,65.4013098459357
mmv_matched_s9711,mmv_matched,9711,33,3700,40.03537088044119,9.513194640931033e-07,65.5480883532282
mmv_matched_s9711,mmv_matched,9711,33,3800,38.98007294827821,1.9745279132621363e-05,64.5853772606306
mmv_matched_s9711,mmv_matched,9711,33,3900,39.83667994041675,1.0175758689001668e-06,65.99651573252595
mmv_matched_s9711,mmv_matched,9711,34,0,36.668576955484944,0.0006256247870624065,58.73932102822414
mmv_matched_s9711,mmv_matched,9711,34,100,40.23797504955098,7.76461718032806e-07,63.699587323739706
mmv_matched_s9711,mmv_matched,9711,34,200,37.12088558331677,0.00013597795623354614,60.978149312368714
mmv_matched_s9711,mmv_matched,9711,34,300,38.32366035109078,6.321330147329718e-05,63.176237867787904
mmv_matched_s9711,mmv_matched,9711,34,400,40.20136226616212,0.0,65.44116522144873
mmv_matched_s9711,mmv_matched,9711,34,500,37.78385498208284,9.926973143592477e-05,62.52907314343224
mmv_matched_s9711,mmv_matched,9711,34,600,38.015335010780426,4.984171482647071e-06,63.40765117953174
mmv_matched_s9711,mmv_matched,9711,34,700,39.88715273478795,9.2777924010079e-07,65.76525436160046
mmv_matched_s9711,mmv_matched,9711,34,800,38.91241555648071,3.505781705825939e-06,65.30180208415184
mmv_matched_s9711,mmv_matched,9711,34,900,38.2791704643178,9.162561036646366e-05,64.83191498699307
mmv_matched_s9711,mmv_matched,9711,34,1000,39.18964087299661,6.294084414548706e-06,66.06155178204199
mmv_matched_s9711,mmv_matched,9711,34,1100,39.745713929716885,0.0,66.27586451075331
mmv_matched_s9711,mmv_matched,9711,34,1200,38.90901575201032,1.0779669537441805e-05,65.0048018538628
mmv_matched_s9711,mmv_matched,9711,34,1300,37.00122417508176,0.0001587412116350606,63.91446706484351
mmv_matched_s9711,mmv_matched,9711,34,1400,39.697344001399074,0.0,67.25548099948173
mmv_matched_s9711,mmv_matched,9711,34,1500,39.213289402100685,3.9226993976626545e-05,65.945785723869
mmv_matched_s9711,mmv_matched,9711,34,1600,39.41358101662218,0.0,66.41043572448518
mmv_matched_s9711,mmv_matched,9711,34,1700,40.11588048795597,7.393907708319603e-07,67.33454440875516
mmv_matched_s9711,mmv_matched,9711,34,1800,39.606475356971295,0.0,66.30986370895107
mmv_matched_s9711,mmv_matched,9711,34,1900,38.985397148322164,3.2332923183275852e-06,65.3223149754441
mmv_matched_s9711,mmv_matched,9711,34,2000,40.393901318167,1.8662447018868988e-06,66.15137409255749
mmv_matched_s9711,mmv_matched,9711,34,2100,38.045406888725594,5.411162419477478e-05,63.39541467062759
mmv_matched_s9711,mmv_matched,9711,34,2200,38.304157000126935,3.636378824012354e-05,64.30663770893227
mmv_matched_s9711,mmv_matched,9711,34,2300,38.163390112343954,6.821182978455909e-06,64.9396136170119
mmv_matched_s9711,mmv_matched,9711,34,2400,38.18922386233522,9.583929204382002e-05,64.68402612141335
mmv_matched_s9711,mmv_matched,9711,34,2500,39.29996898438048,1.4149326261758688e-06,66.8775033330694
mmv_matched_s9711,mmv_matched,9711,34,2600,39.708188230493946,0.0,66.45794221561891
mmv_matched_s9711,mmv_matched,9711,34,2700,38.932277067047025,9.59780936682364e-06,65.79433575254916
mmv_matched_s9711,mmv_matched,9711,34,2800,38.597925924234524,7.148463737394195e-06,65.2327520960107
mmv_matched_s9711,mmv_matched,9711,34,2900,38.672968739998915,5.641836469294503e-05,64.69905929804099
mmv_matched_s9711,mmv_matched,9711,34,3000,40.33729385368988,7.451132546520967e-07,66.20904624184436
mmv_matched_s9711,mmv_matched,9711,34,3100,40.24384915795492,9.390219588567561e-07,65.57817995462574
mmv_matched_s9711,mmv_matched,9711,34,3200,40.64058701096775,0.0,65.00866748577891
mmv_matched_s9711,mmv_matched,9711,34,3300,40.48374117474046,0.0,64.1985106754596
mmv_matched_s9711,mmv_matched,9711,34,3400,38.127168250558476,5.785676876257639e-06,61.811567465489986
mmv_matched_s9711,mmv_matched,9711,34,3500,38.4654246426452,1.8623366486281157e-05,63.09053973683558
mmv_matched_s9711,mmv_matched,9711,34,3600,38.608065121149174,2.146593942597974e-06,64.01583463080362
mmv_matched_s9711,mmv_matched,9711,34,3700,37.690350085037615,5.4209172958508134e-05,63.50094505568591
mmv_matched_s9711,mmv_matched,9711,34,3800,40.79294716748379,5.676810133081744e-07,66.81016272822518
mmv_matched_s9711,mmv_matched,9711,34,3900,40.48764563660832,6.009691446706711e-07,65.68251746742817
mmv_matched_s9711,mmv_matched,9711,35,0,36.668576955484944,0.0006256247870624065,58.73932102822414
mmv_matched_s9711,mmv_matched,9711,35,100,40.304588764532625,7.735392273389152e-07,63.20913600169678
mmv_matched_s9711,mmv_matched,9711,35,200,37.731172644484616,9.354321809951216e-05,60.71049343653527
mmv_matched_s9711,mmv_matched,9711,35,300,39.194147057485594,1.7175277662317967e-06,63.2773535965307
mmv_matched_s9711,mmv_matched,9711,35,400,38.062058815917275,4.8515859816689044e-05,62.60642243351006
mmv_matched_s9711,mmv_matched,9711,35,500,40.38847536127766,1.2100322237529326e-06,64.90843888461609
mmv_matched_s9711,mmv_matched,9711,35,600,38.47752720494023,2.154543608412496e-06,63.189601070082745
mmv_matched_s9711,mmv_matched,9711,35,700,38.89594934488874,3.797818499151617e-05,64.36231702252508
mmv_matched_s9711,mmv_matched,9711,35,800,38.98440749383826,2.0369193407532293e-06,65.02359846286186
mmv_matched_s9711,mmv_matched,9711,35,900,37.941389662924266,0.00010027076496044174,64.22629248648809
mmv_matched_s9711,mmv_matched,9711,35,1000,40.194192990846844,9.177370543511643e-07,66.66697647293631
mmv_matched_s9711,mmv_matched,9711,35,1100,40.01780321548755,0.0,65.50132274099428
mmv_matched_s9711,mmv_matched,9711,35,1200,39.02795046600013,3.3224321668967605e-05,64.20679353977948
mmv_matched_s9711,mmv_matched,9711,35,1300,39.22571719680104,1.3618177035823464e-05,64.43639256857341
mmv_matched_s9711,mmv_matched,9711,35,1400,39.804613083861895,1.626664015930146e-06,65.05185877227495
mmv_matched_s9711,mmv_matched,9711,35,1500,39.03229404612762,1.210027767228894e-05,63.84087517535693
mmv_matched_s9711,mmv_matched,9711,35,1600,38.459106944957334,1.4606017430196516e-05,63.87561213580898
mmv_matched_s9711,mmv_matched,9711,35,1700,39.35730682301117,4.192262167634908e-06,65.0208053632823
mmv_matched_s9711,mmv_matched,9711,35,1800,39.23572567387242,5.582962330663577e-06,64.62085722893937
mmv_matched_s9711,mmv_matched,9711,35,1900,38.278600642774734,9.833524018176831e-06,63.82739368195689
mmv_matched_s9711,mmv_matched,9711,35,2000,39.016413557134655,7.093978638295084e-06,64.64487785462757
mmv_matched_s9711,mmv_matched,9711,35,2100,39.77121980918113,0.0,65.64727691391317
mmv_matched_s9711,mmv_matched,9711,35,2200,39.502093988634066,0.0,65.24356902331601
mmv_matched_s9711,mmv_matched,9711,35,2300,37.70136322724564,0.00011051804176531732,63.51967897040288
mmv_matched_s9711,mmv_matched,9711,35,2400,39.934073102980925,1.043240558828984e-06,66.43348110491615
mmv_matched_s9711,mmv_matched,9711,35,2500,38.74904134523451,5.795893230242655e-06,65.0790551520331
mmv_matched_s9711,mmv_matched,9711,35,2600,39.05832265001148,1.006731872621458e-05,64.92796741370103
mmv_matched_s9711,mmv_matched,9711,35,2700,40.58522210893637,9.560467333358247e-07,66.29609598513889
mmv_matched_s9711,mmv_matched,9711,35,2800,37.91088172317825,9.352981578558683e-05,63.08018018445728
mmv_matched_s9711,mmv_matched,9711,35,2900,38.82920150243542,2.818015855154954e-05,64.47630899935893
mmv_matched_s9711,mmv_matched,9711,35,3000,37.686382468298966,1.3343836144485977e-05,63.723984650375314
mmv_matched_s9711,mmv_matched,9711,35,3100,39.80076129251997,0.0,65.46887028034507
mmv_matched_s9711,mmv_matched,9711,35,3200,38.96377864497615,1.678234366409015e-05,64.22289398581597
mmv_matched_s9711,mmv_matched,9711,35,3300,39.98523109590649,2.8977065085200593e-06,65.04351739045251
mmv_matched_s9711,mmv_matched,9711,35,3400,39.99529693904038,0.0,64.0247380683993
mmv_matched_s9711,mmv_matched,9711,35,3500,38.61228390276183,4.029781393910525e-06,62.858575951632474
mmv_matched_s9711,mmv_matched,9711,35,3600,38.02848533631456,4.809203528566286e-05,62.66300571526449
mmv_matched_s9711,mmv_matched,9711,35,3700,40.09818182220419,8.308566066261847e-07,65.8521149610965
mmv_matched_s9711,mmv_matched,9711,35,3800,37.67088587811385,0.0001086455158656463,63.25297848805758
mmv_matched_s9711,mmv_matched,9711,35,3900,39.59335075125026,2.251816340503865e-06,65.18013082658081
mmv_matched_s9711,mmv_matched,9711,36,0,36.668576955484944,0.0006256247870624065,58.73932102822414
mmv_matched_s9711,mmv_matched,9711,36,100,40.67752605103115,5.238204607849184e-07,63.61807355378102
mmv_matched_s9711,mmv_matched,9711,36,200,39.98781726535331,6.528691756102489e-07,63.8487575216742
mmv_matched_s9711,mmv_matched,9711,36,300,38.05505979398894,7.296109106391668e-05,61.92583046780169
mmv_matched_s9711,mmv_matched,9711,36,400,39.499416414204674,0.0,64.1005843159756
mmv_matched_s9711,mmv_matched,9711,36,500,39.778743637268455,3.151685632474255e-06,64.6096581110117
mmv_matched_s9711,mmv_matched,9711,36,600,37.57017932987584,0.00011453016486484557,62.9476306472277
mmv_matched_s9711,mmv_matched,9711,36,700,38.63156882878489,4.967092991137179e-06,64.63377365490328
mmv_matched_s9711,mmv_matched,9711,36,800,38.500934257333384,3.0289500500657596e-05,64.77610138214732
mmv_matched_s9711,mmv_matched,9711,36,900,38.52609525138147,7.836228178348392e-05,64.32107436392675
mmv_matched_s9711,mmv_matched,9711,36,1000,37.69132153456571,9.886847692541778e-05,63.41353615433468
mmv_matched_s9711,mmv_matched,9711,36,1100,37.63900267298706,0.00011864062980748713,63.872083579287164
mmv_matched_s9711,mmv_matched,9711,36,1200,39.43221460290916,0.0,65.55134070852864
mmv_matched_s9711,mmv_matched,9711,36,1300,39.845506656525735,0.0,65.56515538811482
mmv_matched_s9711,mmv_matched,9711,36,1400,39.967541444761075,7.115921789591084e-07,66.13310071085084
mmv_matched_s9711,mmv_matched,9711,36,1500,39.169999002810236,1.1584383173612878e-05,65.13853669071591
mmv_matched_s9711,mmv_matched,9711,36,1600,39.40896948498024,1.5076418549142545e-06,65.87264894857208
mmv_matched_s9711,mmv_matched,9711,36,1700,41.1847484703901,3.1780263043401646e-07,67.15970290991254
mmv_matched_s9711,mmv_matched,9711,36,1800,38.755019673393164,2.3329926079895813e-06,64.63798605352827
mmv_matched_s9711,mmv_matched,9711,36,1900,40.14933432237948,7.584621357636934e-07,65.58668190891103
mmv_matched_s9711,mmv_matched,9711,36,2000,39.6836026471214,0.0,64.83676226374496
mmv_matched_s9711,mmv_matched,9711,36,2100,38.245949635063276,3.139896762149874e-06,63.9976753529977
mmv_matched_s9711,mmv_matched,9711,36,2200,40.876521260895544,0.0,66.26269519919697
mmv_matched_s9711,mmv_matched,9711,36,2300,38.52561690693729,2.3349937691818923e-05,63.6530860415196
mmv_matched_s9711,mmv_matched,9711,36,2400,37.937127002029676,9.516003774479032e-05,63.152121532845285
mmv_matched_s9711,mmv_matched,9711,36,2500,39.26214035076761,1.8418499166727997e-05,64.87261079622112
mmv_matched_s9711,mmv_matched,9711,36,2600,39.55464848946422,0.0,64.86263371505174
mmv_matched_s9711,mmv_matched,9711,36,2700,37.209657343932825,0.00012795724614989012,62.22327679492503
mmv_matched_s9711,mmv_matched,9711,36,2800,39.08627616401038,3.893460416293237e-06,65.06516636712286
mmv_matched_s9711,mmv_matched,9711,36,2900,39.364399879857984,0.0,64.74973797689108
mmv_matched_s9711,mmv_matched,9711,36,3000,39.84593222839253,1.5427078778884606e-06,65.40463469483797
mmv_matched_s9711,mmv_matched,9711,36,3100,39.14032026492091,3.2073330658022314e-05,64.7751399661156
mmv_matched_s9711,mmv_matched,9711,36,3200,37.60429174599527,8.48899653647095e-05,63.67068710588296
mmv_matched_s9711,mmv_matched,9711,36,3300,37.13767668936538,0.00015944329788908362,64.07153095530248
mmv_matched_s9711,mmv_matched,9711,36,3400,39.39692905248261,0.0,66.25869965004313
mmv_matched_s9711,mmv_matched,9711,36,3500,40.284590096262654,1.0402378620710806e-06,67.07203224059731
mmv_matched_s9711,mmv_matched,9711,36,3600,37.56758594137075,0.0001223184954142198,63.801043540112865
mmv_matched_s9711,mmv_matched,9711,36,3700,40.21088470559001,0.0,66.8665020332337
mmv_matched_s9711,mmv_matched,9711,36,3800,38.764954312360096,7.341384844039567e-06,65.37990148935842
mmv_matched_s9711,mmv_matched,9711,36,3900,41.075492966155934,0.0,67.21877592524879
mmv_matched_s9711,mmv_matched,9711,37,0,36.668576955484944,0.0006256247870624065,58.73932102822414
mmv_matched_s9711,mmv_matched,9711,37,100,38.718956729485946,2.2318854462355375e-06,62.578053511261714
mmv_matched_s9711,mmv_matched,9711,37,200,39.93815703857596,1.1730141977750463e-06,64.28548258733463
mmv_matched_s9711,mmv_matched,9711,37,300,37.75205900069857,0.00010112838936038315,62.5974864270147
mmv_matched_s9711,mmv_matched,9711,37,400,38.352730660472744,1.8794729840010405e-05,64.08997897893369
mmv_matched_s9711,mmv_matched,9711,37,500,37.27709223110893,1.625799632165581e-05,63.97959584734099
mmv_matched_s9711,mmv_matched,9711,37,600,38.059459104167644,0.00010493407171452418,65.05532241089622
mmv_matched_s9711,mmv_matched,9711,37,700,39.025530840231944,5.928504469920881e-05,65.625225856405
mmv_matched_s9711,mmv_matched,9711,37,800,38.14727986396017,4.712831469078083e-06,65.00570698352098
mmv_matched_s9711,mmv_matched,9711,37,900,41.44191921516859,2.537926775403321e-07,67.73855429770447
mmv_matched_s9711,mmv_matched,9711,37,1000,40.35521704718632,5.985506845718191e-07,65.30430249530528
mmv_matched_s9711,mmv_matched,9711,37,1100,38.387064187274106,4.7117766371229663e-05,62.96393096648535
mmv_matched_s9711,mmv_matched,9711,37,1200,38.719191238282946,4.1192448406945914e-05,63.863954976704235
mmv_matched_s9711,mmv_matched,9711,37,1300,39.99151415929576,2.315462097612908e-06,65.26031408077324
mmv_matched_s9711,mmv_matched,9711,37,1400,39.346780794911005,0.0,63.951538980377336
mmv_matched_s9711,mmv_matched,9711,37,1500,40.5755603086981,4.5864669573347783e-07,65.69404302383828
mmv_matched_s9711,mmv_matched,9711,37,1600,40.47679609695188,0.0,64.9263043323981
mmv_matched_s9711,mmv_matched,9711,37,1700,40.36663987313077,5.376472245188779e-07,65.22926351232127
mmv_matched_s9711,mmv_matched,9711,37,1800,40.252956271470026,5.528820565814385e-07,64.98509277202538
mmv_matched_s9711,mmv_matched,9711,37,1900,37.93505991252606,7.780894520692527e-05,62.32963856942911
mmv_matched_s9711,mmv_matched,9711,37,2000,37.641672398085134,9.411621431354433e-05,62.66517417591194
mmv_matched_s9711,mmv_matched,9711,37,2100,39.47997486808109,0.0,64.89597045969776
mmv_matched_s9711,mmv_matched,9711,37,2200,38.31767228698686,2.1428073523566127e-05,63.77707570007533
mmv_matched_s9711,mmv_matched,9711,37,2300,37.141226633809744,0.00014058611122891307,63.137888246735315
mmv_matched_s9711,mmv_matched,9711,37,2400,40.02522174091129,8.628118166598142e-07,66.44919536746647
mmv_matched_s9711,mmv_matched,9711,37,2500,39.58076801277565,2.1950352220301284e-06,65.61107083502009
mmv_matched_s9711,mmv_matched,9711,37,2600,39.10078672648417,2.895390207413584e-05,65.01499091608923
mmv_matched_s9711,mmv_matched,9711,37,2700,38.71531708043663,1.6464853615616448e-05,64.75425467828063
mmv_matched_s9711,mmv_matched,9711,37,2800,38.98152432757334,7.324882062675897e-06,64.9582302864319
mmv_matched_s9711,mmv_matched,9711,37,2900,38.58398899900175,3.1367660540126963e-06,64.02109035407227
mmv_matched_s9711,mmv_matched,9711,37,3000,41.098992994661074,0.0,66.01816317440012
mmv_matched_s9711,mmv_matched,9711,37,3100,39.77258253465623,2.85514147435606e-06,64.96457307752553
mmv_matched_s9711,mmv_matched,9711,37,3200,39.67875757265428,0.0,64.89586738099797
mmv_matched_s9711,mmv_matched,9711,37,3300,38.60279463203294,5.57319162908243e-06,63.712399339730496
mmv_matched_s9711,mmv_matched,9711,37,3400,39.01939927922942,2.320072781003546e-06,65.05008942943277
mmv_matched_s9711,mmv_matched,9711,37,3500,41.12868945141165,3.282154921180336e-07,66.6237652534611
mmv_matched_s9711,mmv_matched,9711,37,3600,38.70061118497394,2.9536267902585678e-06,63.980176256594405
mmv_matched_s9711,mmv_matched,9711,37,3700,38.649032053442916,6.508265505544841e-05,64.4027311079929
mmv_matched_s9711,mmv_matched,9711,37,3800,39.82272277352821,0.0,66.09598015717893
mmv_matched_s9711,mmv_matched,9711,37,3900,39.030812568042236,5.794323442387395e-06,65.24384764435126
mmv_matched_s9711,mmv_matched,9711,38,0,36.668576955484944,0.0006256247870624065,58.73932102822414
mmv_matched_s9711,mmv_matched,9711,38,100,37.74446462106123,3.6528377677313983e-05,62.21836589118573
mmv_matched_s9711,mmv_matched,9711,38,200,41.15477250850838,3.262135521708842e-07,66.37047401423206
mmv_matched_s9711,mmv_matched,9711,38,300,38.418731098038286,3.5958677472081035e-05,63.661769069395405
mmv_matched_s9711,mmv_matched,9711,38,400,39.3392615207322,1.380572143716563e-06,64.95329042421781
mmv_matched_s9711,mmv_matched,9711,38,500,37.50753249666893,0.00011554991942830384,62.92137870802628
mmv_matched_s9711,mmv_matched,9711,38,600,37.553405775429724,0.0001244730083271861,63.49707221087965
mmv_matched_s9711,mmv_matched,9711,38,700,39.0520376177884,2.431920620438177e-06,65.51846650227924
mmv_matched_s9711,mmv_matched,9711,38,800,39.79774040714569,0.0,65.05447965580197
mmv_matched_s9711,mmv_matched,9711,38,900,38.35105379296513,6.912724347785115e-05,63.50065825876307
mmv_matched_s9711,mmv_matched,9711,38,1000,37.81407484502701,3.927182115148753e-05,63.603901974419344
mmv_matched_s9711,mmv_matched,9711,38,1100,37.828737628610064,0.00011154607636854053,63.73252401494506
mmv_matched_s9711,mmv_matched,9711,38,1200,38.93923380236488,1.7044127162080258e-05,64.97783660137156
mmv_matched_s9711,mmv_matched,9711,38,1300,38.49836705985035,3.601566277211532e-05,64.18983158483343
mmv_matched_s9711,mmv_matched,9711,38,1400,39.42922376958861,0.0,64.31446230550853
mmv_matched_s9711,mmv_matched,9711,38,1500,39.29226916689454,8.912918929127045e-06,64.66648392554907
mmv_matched_s9711,mmv_matched,9711,38,1600,37.56884927133015,0.00011060768156312406,63.26935200368234
mmv_matched_s9711,mmv_matched,9711,38,1700,37.6621116686476,7.60599214117974e-05,63.96014889490834
mmv_matched_s9711,mmv_matched,9711,38,1800,37.32267743393011,8.659271406941116e-05,64.17311098473738
mmv_matched_s9711,mmv_matched,9711,38,1900,39.935446016633726,1.1410677416279214e-06,67.17939665161111
mmv_matched_s9711,mmv_matched,9711,38,2000,40.6176065286754,1.0950029718514998e-06,66.57918121393323
mmv_matched_s9711,mmv_matched,9711,38,2100,41.88829239435791,1.333278305537533e-07,66.74242678257815
mmv_matched_s9711,mmv_matched,9711,38,2200,39.8714321451334,8.999210194815532e-07,63.81002197704578
mmv_matched_s9711,mmv_matched,9711,38,2300,40.380324461891426,0.0,64.22027452814427
mmv_matched_s9711,mmv_matched,9711,38,2400,39.634403976207146,1.3197011412557913e-06,63.520133259642535
mmv_matched_s9711,mmv_matched,9711,38,2500,41.10484474001478,2.680724264791934e-07,64.85631567738938
mmv_matched_s9711,mmv_matched,9711,38,2600,40.61104317002439,0.0,63.782747990869666
mmv_matched_s9711,mmv_matched,9711,38,2700,37.92624139066354,7.620782707817852e-05,60.99887527751525
mmv_matched_s9711,mmv_matched,9711,38,2800,38.0403519359947,7.621757686138153e-05,61.84548777742384
mmv_matched_s9711,mmv_matched,9711,38,2900,37.702251222464064,1.2772627997037489e-05,62.715851504632724
mmv_matched_s9711,mmv_matched,9711,38,3000,41.190527483970875,3.147235361211642e-07,66.40749571883424
mmv_matched_s9711,mmv_matched,9711,38,3100,39.85910894338237,0.0,63.77507871268699
mmv_matched_s9711,mmv_matched,9711,38,3200,38.225613820147316,7.138718501664698e-05,62.566723890210596
mmv_matched_s9711,mmv_matched,9711,38,3300,38.69582706922538,1.9692104615387507e-05,63.29631395002889
mmv_matched_s9711,mmv_matched,9711,38,3400,39.31815632932742,3.8470820982183795e-06,64.16812591309008
mmv_matched_s9711,mmv_matched,9711,38,3500,39.684807534386536,0.0,64.27589896434074
mmv_matched_s9711,mmv_matched,9711,38,3600,40.45756738334625,7.837908242436242e-07,65.31581373676079
mmv_matched_s9711,mmv_matched,9711,38,3700,38.01714646372185,6.163762009236962e-05,62.76328272816954
mmv_matched_s9711,mmv_matched,9711,38,3800,38.5634437898927,1.6087440599221736e-05,64.00619706294106
mmv_matched_s9711,mmv_matched,9711,38,3900,40.32658205033128,6.391344413714251e-07,65.68410062012208
mmv_matched_s9711,mmv_matched,9711,39,0,36.668576955484944,0.0006256247870624065,58.73932102822414
mmv_matched_s9711,mmv_matched,9711,39,100,39.565994667253115,0.0,63.32030077848515
mmv_matched_s9711,mmv_matched,9711,39,200,39.09290912485936,3.2051498237706255e-06,63.265617334956005
mmv_matched_s9711,mmv_matched,9711,39,300,39.6633730491092,1.514823452453129e-06,64.00392599001117
mmv_matched_s9711,mmv_matched,9711,39,400,38.804689174401666,1.8456522639098694e-06,63.452886489703815
mmv_matched_s9711,mmv_matched,9711,39,500,39.16527402650326,1.858242103480734e-05,64.1242571586181
mmv_matched_s9711,mmv_matched,9711,39,600,38.3535469583865,4.3854026444023475e-05,64.0062485520003
mmv_matched_s9711,mmv_matched,9711,39,700,38.231059967395474,1.7454050976084545e-05,63.98794736775881
mmv_matched_s9711,mmv_matched,9711,39,800,38.89501304917193,2.0272455003578216e-06,65.06421504382479
mmv_matched_s9711,mmv_matched,9711,39,900,39.72230951187417,1.2825415751649416e-06,66.11021845690277
mmv_matched_s9711,mmv_matched,9711,39,1000,39.59197771789989,1.8189293768955395e-06,65.59463324985018
mmv_matched_s9711,mmv_matched,9711,39,1100,39.23585601675055,2.1536929125431925e-05,65.03893826196509
mmv_matched_s9711,mmv_matched,9711,39,1200,40.08899399768099,0.0,66.41522898535197
mmv_matched_s9711,mmv_matched,9711,39,1300,39.54498982782471,2.6479983716853894e-06,66.22247001594405
mmv_matched_s9711,mmv_matched,9711,39,1400,39.81176167963331,1.4275728972279467e-06,66.03826527320984
mmv_matched_s9711,mmv_matched,9711,39,1500,38.815592881437844,1.6224978026002645e-05,64.96239606897552
mmv_matched_s9711,mmv_matched,9711,39,1600,40.80653315962554,4.1119403704215074e-07,67.13138457328296
mmv_matched_s9711,mmv_matched,9711,39,1700,38.19093027732223,3.640960858319886e-05,64.1600770425589
mmv_matched_s9711,mmv_matched,9711,39,1800,39.51467023062065,1.1487040865176823e-06,66.05756151461765
mmv_matched_s9711,mmv_matched,9711,39,1900,40.2865822596419,6.790015731894528e-07,66.40443296189815
mmv_matched_s9711,mmv_matched,9711,39,2000,39.598560333298686,2.5050890144484583e-06,65.34197355540914
mmv_matched_s9711,mmv_matched,9711,39,2100,38.91786393818258,6.076919817132875e-06,64.80220935144595
mmv_matched_s9711,mmv_matched,9711,39,2200,40.510513453794445,0.0,66.3083421604428
mmv_matched_s9711,mmv_matched,9711,39,2300,38.01415051672249,3.109634417342022e-05,63.00554870803708
mmv_matched_s9711,mmv_matched,9711,39,2400,38.39230796539755,1.4427310816245154e-05,64.11827816637322
mmv_matched_s9711,mmv_matched,9711,39,2500,38.24198403065853,7.76834785938263e-05,64.28453835041
mmv_matched_s9711,mmv_matched,9711,39,2600,39.09574690552742,1.4099166946834885e-05,65.78312072238623
mmv_matched_s9711,mmv_matched,9711,39,2700,38.19488882075466,6.957214736758033e-06,64.19788219579368
mmv_matched_s9711,mmv_matched,9711,39,2800,39.26089396752827,1.987707037187647e-06,65.69662992131543
mmv_matched_s9711,mmv_matched,9711,39,2900,37.34593983159144,0.0001332621613983065,63.597544987684614
mmv_matched_s9711,mmv_matched,9711,39,3000,40.17549800239058,9.559438467476866e-07,66.95209727068459
mmv_matched_s9711,mmv_matched,9711,39,3100,39.56810657160758,0.0,65.26341096353462
mmv_matched_s9711,mmv_matched,9711,39,3200,38.13950032710327,4.891479420621181e-06,64.17281098125659
mmv_matched_s9711,mmv_matched,9711,39,3300,40.34535576271756,8.786462331045186e-07,66.67493243316494
mmv_matched_s9711,mmv_matched,9711,39,3400,39.48010329793949,0.0,64.82361722765438
mmv_matched_s9711,mmv_matched,9711,39,3500,40.6364898365566,0.0,66.00266138203
mmv_matched_s9711,mmv_matched,9711,39,3600,39.79280629320286,8.544766387785785e-07,64.81160480260291
mmv_matched_s9711,mmv_matched,9711,39,3700,40.02748697180415,6.952292892492551e-07,64.96892541976058
mmv_matched_s9711,mmv_matched,9711,39,3800,39.50478284055496,2.5540889510011766e-06,64.28263842580964
mmv_matched_s9711,mmv_matched,9711,39,3900,37.37931174904263,0.00011316531163174659,62.159855323106285
mmv_matched_s9711,mmv_matched,9711,40,0,36.668576955484944,0.0006256247870624065,58.73932102822414
mmv_matched_s9711,mmv_matched,9711,40,100,41.12640501247466,0.0,64.0812628088238
mmv_matched_s9711,mmv_matched,9711,40,200,38.131829977343415,7.618684321641922e-05,61.114750228199
mmv_matched_s9711,mmv_matched,9711,40,300,38.8231839034767,1.199028247356182e-05,62.47746931719439
mmv_matched_s9711,mmv_matched,9711,40,400,39.83632288297344,7.081648618623149e-07,63.77165247540961
mmv_matched_s9711,mmv_matched,9711,40,500,39.1428916693834,9.344935278932098e-06,63.19609724289671
mmv_matched_s9711,mmv_matched,9711,40,600,37.99784265587587,7.068266131682321e-05,62.302658145077366
mmv_matched_s9711,mmv_matched,9711,40,700,39.61550934769414,2.224609488621354e-06,65.31289186331117
mmv_matched_s9711,mmv_matched,9711,40,800,38.41210931089813,2.8199096050229855e-05,63.775965884484776
mmv_matched_s9711,mmv_matched,9711,40,900,38.8625120319521,1.0295192623743787e-05,64.31082401825728
mmv_matched_s9711,mmv_matched,9711,40,1000,40.47604897743407,5.420847628556658e-07,66.61296902325682
mmv_matched_s9711,mmv_matched,9711,40,1100,40.57475602545706,9.933221463143127e-07,66.32292150156422
mmv_matched_s9711,mmv_matched,9711,40,1200,37.1051989959848,0.00013938210031483322,62.857181826687565
mmv_matched_s9711,mmv_matched,9711,40,1300,40.38616756907261,0.0,66.63258884291281
mmv_matched_s9711,mmv_matched,9711,40,1400,39.54844870105869,0.0,65.59439728462257
mmv_matched_s9711,mmv_matched,9711,40,1500,39.0360426140417,2.072078586934367e-06,65.61962980325836
mmv_matched_s9711,mmv_matched,9711,40,1600,39.28262072003585,1.2635657640203135e-06,66.38676477007039
mmv_matched_s9711,mmv_matched,9711,40,1700,38.62363724244576,2.4399669200647622e-05,65.31784991807535
mmv_matched_s9711,mmv_matched,9711,40,1800,39.595022247454224,0.0,66.70058354524977
mmv_matched_s9711,mmv_matched,9711,40,1900,39.01503860093722,1.7943868442671373e-05,65.1583265941008
mmv_matched_s9711,mmv_matched,9711,40,2000,39.12665046983058,1.9764836906688288e-05,65.60686073933442
mmv_matched_s9711,mmv_matched,9711,40,2100,38.8561448392368,5.684511052095331e-06,65.09895940220395
mmv_matched_s9711,mmv_matched,9711,40,2200,39.951860096888645,2.7034413960791426e-06,66.01082485862338
mmv_matched_s9711,mmv_matched,9711,40,2300,38.399834928457956,3.130442200927064e-05,64.33599470472313
mmv_matched_s9711,mmv_matched,9711,40,2400,37.35489886032329,0.0001003331271931529,63.58406140088755
mmv_matched_s9711,mmv_matched,9711,40,2500,40.76974164256385,5.289124942464696e-07,67.34199010438624
mmv_matched_s9711,mmv_matched,9711,40,2600,39.1603890366502,4.576684659696184e-06,65.44798350730093
mmv_matched_s9711,mmv_matched,9711,40,2700,38.35461734444079,2.7823320124298334e-05,64.69159186194747
mmv_matched_s9711,mmv_matched,9711,40,2800,41.09822549722855,3.7260190310917096e-07,67.61913330414347
mmv_matched_s9711,mmv_matched,9711,40,2900,38.77018828749635,5.824056188430404e-06,64.47055381764994
mmv_matched_s9711,mmv_matched,9711,40,3000,37.650148205555794,0.0001110811426769942,63.22789375837351
mmv_matched_s9711,mmv_matched,9711,40,3100,38.884759260356375,1.192879062728025e-05,64.95252569041304
mmv_matched_s9711,mmv_matched,9711,40,3200,39.02070251925712,2.911951014539227e-05,64.60491417335342
mmv_matched_s9711,mmv_matched,9711,40,3300,39.6671887918394,1.1310943364151171e-06,65.81215925144943
mmv_matched_s9711,mmv_matched,9711,40,3400,38.67060159023938,2.5564877432771027e-05,64.04346356529936
mmv_matched_s9711,mmv_matched,9711,40,3500,40.16789693570953,9.768199333848315e-07,65.5905755109975
mmv_matched_s9711,mmv_matched,9711,40,3600,41.02845844782792,3.5056217484452645e-07,66.58388765003883
mmv_matched_s9711,mmv_matched,9711,40,3700,37.7452731687044,9.933625551639125e-05,62.70324891729413
mmv_matched_s9711,mmv_matched,9711,40,3800,38.221843749216774,8.34161473903805e-05,63.692633048943435
mmv_matched_s9711,mmv_matched,9711,40,3900,39.82595184661171,1.217866497427167e-06,65.91418188332159
mmv_matched_s9711,mmv_matched,9711,41,0,36.668576955484944,0.0006256247870624065,58.73932102822414
mmv_matched_s9711,mmv_matched,9711,41,100,38.03505904238941,7.606278813909739e-06,61.88165957670526
mmv_matched_s9711,mmv_matched,9711,41,200,41.273782765349495,3.430725996622641e-07,65.89438414800588
mmv_matched_s9711,mmv_matched,9711,41,300,40.29356583013441,6.745451628376031e-07,64.8094093556374
mmv_matched_s9711,mmv_matched,9711,41,400,40.70753903187192,5.54515395378985e-07,65.24400308188979
mmv_matched_s9711,mmv_matched,9711,41,500,40.34761916008093,5.875458555237856e-07,64.2728276833368
mmv_matched_s9711,mmv_matched,9711,41,600,38.21649723236791,6.0399461290217005e-06,62.37239595053802
mmv_matched_s9711,mmv_matched,9711,41,700,37.898652282159674,2.8789680072804913e-05,63.05119121043981
mmv_matched_s9711,mmv_matched,9711,41,800,39.6265446327633,0.0,64.75943080523939
mmv_matched_s9711,mmv_matched,9711,41,900,38.55703922111878,1.3610519999929238e-05,63.7317824014292
mmv_matched_s9711,mmv_matched,9711,41,1000,40.37238525735711,1.4342479062179336e-06,65.77932817520013
mmv_matched_s9711,mmv_matched,9711,41,1100,38.7905066659901,4.4110813178122044e-05,64.10850710551483
mmv_matched_s9711,mmv_matched,9711,41,1200,38.251338852585064,6.581794150406495e-05,64.11671525212762
mmv_matched_s9711,mmv_matched,9711,41,1300,40.05145701705156,1.1459472943897708e-06,66.13382357005139
mmv_matched_s9711,mmv_matched,9711,41,1400,38.485357273037735,7.704066229052842e-05,64.03725052259688
mmv_matched_s9711,mmv_matched,9711,41,1500,38.38008560435139,3.60065723725711e-06,63.95405953293675
mmv_matched_s9711,mmv_matched,9711,41,1600,40.250063138270605,4.56500373502422e-07,66.47463438473324
mmv_matched_s9711,mmv_matched,9711,41,1700,39.43383039245377,2.4546702661609743e-06,64.89749449740702
mmv_matched_s9711,mmv_matched,9711,41,1800,40.03431301831001,0.0,65.0288053259685
mmv_matched_s9711,mmv_matched,9711,41,1900,39.48243913861744,3.783251941058552e-06,65.17784789027246
mmv_matched_s9711,mmv_matched,9711,41,2000,39.75216818523077,4.252136477589374e-06,65.08969031804372
mmv_matched_s9711,mmv_matched,9711,41,2100,39.12477758119033,1.265788000637258e-06,65.00864542122116
mmv_matched_s9711,mmv_matched,9711,41,2200,37.53671367441116,0.00011164575698785484,63.43299675006233
mmv_matched_s9711,mmv_matched,9711,41,2300,39.38091828431342,0.0,64.63720154022394
mmv_matched_s9711,mmv_matched,9711,41,2400,39.73282223504323,1.0783157904370455e-06,64.94416739305052
mmv_matched_s9711,mmv_matched,9711,41,2500,39.03519156734324,3.2554335120948963e-06,63.6789268021455
mmv_matched_s9711,mmv_matched,9711,41,2600,40.72668405146619,4.2684786194513435e-07,66.07080849246677
mmv_matched_s9711,mmv_matched,9711,41,2700,41.432269934237276,2.0600506900336768e-07,65.41404103373475
mmv_matched_s9711,mmv_matched,9711,41,2800,40.37909370474259,6.082171921661939e-07,63.055304654943484
mmv_matched_s9711,mmv_matched,9711,41,2900,40.62182770230369,7.87983765349054e-07,62.65700427828597
mmv_matched_s9711,mmv_matched,9711,41,3000,39.204156009763935,1.4272764019551687e-05,61.23147550775661
mmv_matched_s9711,mmv_matched,9711,41,3100,39.07973629289003,4.090179118065862e-06,62.131427220604564
mmv_matched_s9711,mmv_matched,9711,41,3200,40.05867136327104,6.811372372794722e-07,64.52841586920181
mmv_matched_s9711,mmv_matched,9711,41,3300,40.18340869417726,0.0,64.70835957007421
mmv_matched_s9711,mmv_matched,9711,41,3400,39.87410530435204,0.0,64.12979155915104
mmv_matched_s9711,mmv_matched,9711,41,3500,39.23160054336374,1.3483331713359803e-06,64.06681975089805
mmv_matched_s9711,mmv_matched,9711,41,3600,40.93839865175731,3.4249219993398583e-07,66.20495232933763
mmv_matched_s9711,mmv_matched,9711,41,3700,40.42402552464038,6.266053560466389e-07,65.02614117310986
mmv_matched_s9711,mmv_matched,9711,41,3800,39.42340186674802,0.0,63.9931837168333
mmv_matched_s9711,mmv_matched,9711,41,3900,39.001803830011525,1.0072069926536642e-05,63.90427240508129
mmv_matched_s9712,mmv_matched,9712,30,0,36.668576955484944,0.0006256247870624065,58.73932102822414
mmv_matched_s9712,mmv_matched,9712,30,100,39.515294535847616,1.5193342051134096e-06,63.02498013853949
mmv_matched_s9712,mmv_matched,9712,30,200,38.56524962976059,4.626225290849106e-06,63.07448182298913
mmv_matched_s9712,mmv_matched,9712,30,300,40.39539911264173,5.97713551542256e-07,65.07857271343937
mmv_matched_s9712,mmv_matched,9712,30,400,39.72824744808225,1.4528620795317693e-06,64.29511192392056
mmv_matched_s9712,mmv_matched,9712,30,500,38.90311846179915,8.420825906796381e-06,63.88932257886995
mmv_matched_s9712,mmv_matched,9712,30,600,40.85193078982047,4.6564454692088475e-07,65.16184097934229
mmv_matched_s9712,mmv_matched,9712,30,700,39.59087232852781,9.394892686032108e-07,63.550165167899195
mmv_matched_s9712,mmv_matched,9712,30,800,39.04786318288881,1.8444132365402766e-05,63.36970261129636
mmv_matched_s9712,mmv_matched,9712,30,900,38.71154507063153,5.994557432131842e-05,62.77683026381419
mmv_matched_s9712,mmv_matched,9712,30,1000,39.67706634339521,7.871844900364522e-07,64.89707740834865
mmv_matched_s9712,mmv_matched,9712,30,1100,39.03862900503269,1.6750026361478376e-06,64.76026527351132
mmv_matched_s9712,mmv_matched,9712,30,1200,40.95390540701969,5.227969381849107e-07,66.27935381272255
mmv_matched_s9712,mmv_matched,9712,30,1300,39.0170430786037,1.5356705262092873e-05,63.491438674433994
mmv_matched_s9712,mmv_matched,9712,30,1400,39.821707825886556,9.019622666528448e-07,65.1227336245604
mmv_matched_s9712,mmv_matched,9712,30,1500,41.3667137745612,7.564588031527819e-07,65.94275087451933
mmv_matched_s9712,mmv_matched,9712,30,1600,40.47143911118233,3.019854375452269e-06,64.18919303213625
mmv_matched_s9712,mmv_matched,9712,30,1700,36.7366154211009,0.00014157377881929278,61.14026586188811
mmv_matched_s9712,mmv_matched,9712,30,1800,39.62460241782001,5.301262717694044e-06,65.09142966828631
mmv_matched_s9712,mmv_matched,9712,30,1900,41.18512949436671,3.284621925558895e-07,65.71122389633615
mmv_matched_s9712,mmv_matched,9712,30,2000,38.728434705236225,4.573923797579482e-05,62.833186965811024
mmv_matched_s9712,mmv_matched,9712,30,2100,38.16687350583471,3.386905154911801e-05,63.1533411850412
mmv_matched_s9712,mmv_matched,9712,30,2200,39.081466503299296,3.7648071611329215e-06,64.88162432340596
mmv_matched_s9712,mmv_matched,9712,30,2300,38.612919407697696,4.149103915551677e-06,64.33882340263358
mmv_matched_s9712,mmv_matched,9712,30,2400,39.05571145243476,2.4939279683167115e-05,64.75408456816331
mmv_matched_s9712,mmv_matched,9712,30,2500,40.87306090879125,3.5963955724582775e-07,66.73710437689351
mmv_matched_s9712,mmv_matched,9712,30,2600,39.026665299507776,3.9023449062369764e-05,63.84523680036227
mmv_matched_s9712,mmv_matched,9712,30,2700,39.37189412887097,4.940202416037209e-06,64.48201207548254
mmv_matched_s9712,mmv_matched,9712,30,2800,38.65398550376503,1.7037104043993168e-05,63.554291850392474
mmv_matched_s9712,mmv_matched,9712,30,2900,40.611430067924566,6.465997444138338e-07,65.76371388090593
mmv_matched_s9712,mmv_matched,9712,30,3000,37.72289066375729,3.8337442674674094e-05,62.688937017418084
mmv_matched_s9712,mmv_matched,9712,30,3100,39.10371849305444,2.61656509792374e-06,64.25868237556278
mmv_matched_s9712,mmv_matched,9712,30,3200,39.10785507373943,3.524140765875927e-06,64.55997307578673
mmv_matched_s9712,mmv_matched,9712,30,3300,39.36765257576295,2.2746258764527738e-05,64.4108433119631
mmv_matched_s9712,mmv_matched,9712,30,3400,39.56415749009955,4.021016138722189e-06,64.56691197575765
mmv_matched_s9712,mmv_matched,9712,30,3500,38.54992815112108,2.0601624783012085e-05,63.04142989181196
mmv_matched_s9712,mmv_matched,9712,30,3600,37.92451042668131,9.091859828913584e-05,62.43571823277375
mmv_matched_s9712,mmv_matched,9712,30,3700,39.32244651270471,4.4047383198631e-06,64.88553952588609
mmv_matched_s9712,mmv_matched,9712,30,3800,39.96362715164771,5.989661985950079e-06,65.44759838670598
mmv_matched_s9712,mmv_matched,9712,30,3900,41.30840973250447,2.421201088509406e-07,66.41095537369085
mmv_matched_s9712,mmv_matched,9712,31,0,36.668576955484944,0.0006256247870624065,58.73932102822414
mmv_matched_s9712,mmv_matched,9712,31,100,39.48771601098809,2.316575773875229e-06,62.6593768418295
mmv_matched_s9712,mmv_matched,9712,31,200,38.292028836209234,5.57346866116859e-05,62.1124286121466
mmv_matched_s9712,mmv_matched,9712,31,300,38.24025080405319,6.039220897946507e-05,62.89620914720058
mmv_matched_s9712,mmv_matched,9712,31,400,40.72177319904482,4.251307643698965e-07,66.58468302612391
mmv_matched_s9712,mmv_matched,9712,31,500,38.860270782935764,3.763481799978763e-05,63.92774483547237
mmv_matched_s9712,mmv_matched,9712,31,600,38.37838358052615,2.7843219868373126e-05,64.14733932498439
mmv_matched_s9712,mmv_matched,9712,31,700,39.46657284712746,7.902681318228133e-06,65.19854008394259
mmv_matched_s9712,mmv_matched,9712,31,800,38.523790893082946,2.9799224648741074e-05,64.88638554130466
mmv_matched_s9712,mmv_matched,9712,31,900,38.383090369857385,3.784380169236101e-06,65.24909964967355
mmv_matched_s9712,mmv_matched,9712,31,1000,39.08832315053252,4.082496161572635e-06,66.36609679935827
mmv_matched_s9712,mmv_matched,9712,31,1100,40.993674867836454,4.184334727597161e-07,68.17891878462387
mmv_matched_s9712,mmv_matched,9712,31,1200,37.84199690824708,0.0001009623083518818,63.77359565850611
mmv_matched_s9712,mmv_matched,9712,31,1300,40.437679029648805,7.398441539407941e-07,66.78196100748028
mmv_matched_s9712,mmv_matched,9712,31,1400,38.480171411013096,1.4753063624084461e-05,64.4405370129798
mmv_matched_s9712,mmv_matched,9712,31,1500,39.81674809890415,1.5186637938313652e-06,66.07108624587318
mmv_matched_s9712,mmv_matched,9712,31,1600,39.105775628142304,2.677574002518668e-06,65.10349207405
mmv_matched_s9712,mmv_matched,9712,31,1700,39.49176678870407,9.767536539584398e-06,65.02409681267272
mmv_matched_s9712,mmv_matched,9712,31,1800,38.36263555070082,9.472890269535128e-06,64.06640795465137
mmv_matched_s9712,mmv_matched,9712,31,1900,40.742053182078344,4.3855240505763504e-07,66.95349994922844
mmv_matched_s9712,mmv_matched,9712,31,2000,39.13455673919114,1.004699424811406e-05,64.52749505109546
mmv_matched_s9712,mmv_matched,9712,31,2100,40.10822474664926,7.050434192024113e-07,64.99681767908851
mmv_matched_s9712,mmv_matched,9712,31,2200,38.841250449420606,2.6307505322620273e-05,63.14804414207424
mmv_matched_s9712,mmv_matched,9712,31,2300,38.497946056499416,1.7002512322505936e-05,63.034153059523305
mmv_matched_s9712,mmv_matched,9712,31,2400,41.18495344686581,3.835885422631691e-07,65.60575848000741
mmv_matched_s9712,mmv_matched,9712,31,2500,40.5490165794653,4.57499879757961e-07,64.65337150313235
mmv_matched_s9712,mmv_matched,9712,31,2600,40.89167154872606,3.199564559963619e-07,64.8437237207495
mmv_matched_s9712,mmv_matched,9712,31,2700,37.86615684228575,3.9400405512424186e-05,61.807032903335454
mmv_matched_s9712,mmv_matched,9712,31,2800,39.67321549457637,5.3287094488041475e-06,64.63804714139656
mmv_matched_s9712,mmv_matched,9712,31,2900,40.075399848498286,1.3368055533646839e-06,65.35680246109541
mmv_matched_s9712,mmv_matched,9712,31,3000,38.763062558913965,4.203490789222997e-06,64.17241231571279
mmv_matched_s9712,mmv_matched,9712,31,3100,40.620289758375336,4.7446036433029803e-07,66.23899527978028
mmv_matched_s9712,mmv_matched,9712,31,3200,40.773518710660426,1.2610428257175954e-06,65.32511667137237
mmv_matched_s9712,mmv_matched,9712,31,3300,40.33547188819194,3.0579508347727824e-06,64.34856807095798
mmv_matched_s9712,mmv_matched,9712,31,3400,38.64591779643502,7.63044135965174e-06,62.76686128875281
mmv_matched_s9712,mmv_matched,9712,31,3500,38.35932729404819,3.64428706234321e-05,63.20826431643951
mmv_matched_s9712,mmv_matched,9712,31,3600,38.48315919746875,1.153787161456421e-05,63.78115438368059
mmv_matched_s9712,mmv_matched,9712,31,3700,39.19279248449788,3.760043227885035e-06,64.55905503521444
mmv_matched_s9712,mmv_matched,9712,31,3800,40.056311596851906,8.655305236970889e-07,65.48376595115542
mmv_matched_s9712,mmv_matched,9712,31,3900,37.167951126458235,0.00014019638183526695,62.82018207907879
mmv_matched_s9712,mmv_matched,9712,32,0,36.668576955484944,0.0006256247870624065,58.73932102822414
mmv_matched_s9712,mmv_matched,9712,32,100,39.07500112860766,1.2614871593541466e-05,63.002648723314195
mmv_matched_s9712,mmv_matched,9712,32,200,40.44378882235091,2.677324346223031e-06,64.70061389406183
mmv_matched_s9712,mmv_matched,9712,32,300,38.6876710882465,5.275484454614343e-06,63.45317563934441
mmv_matched_s9712,mmv_matched,9712,32,400,40.258108562080416,3.857869160128757e-06,64.6893264252958
mmv_matched_s9712,mmv_matched,9712,32,500,40.31622522418359,5.234227842265682e-07,65.64966032721827
mmv_matched_s9712,mmv_matched,9712,32,600,40.11054640303165,3.083022420469206e-06,65.79618864621443
mmv_matched_s9712,mmv_matched,9712,32,700,38.58458557980364,2.767990054053371e-06,64.1957144139019
mmv_matched_s9712,mmv_matched,9712,32,800,40.131008788556805,3.003231540787965e-06,66.24674697632236
mmv_matched_s9712,mmv_matched,9712,32,900,39.981392258833196,1.1991847713943571e-05,65.2223101882555
mmv_matched_s9712,mmv_matched,9712,32,1000,38.30483761552,2.8502498025773093e-05,63.95033392993855
mmv_matched_s9712,mmv_matched,9712,32,1100,40.617841428345606,4.885004614152422e-07,66.77382749902426
mmv_matched_s9712,mmv_matched,9712,32,1200,41.08500583036111,4.0627202224641223e-07,66.76700503302163
mmv_matched_s9712,mmv_matched,9712,32,1300,40.094954668916124,7.175916607593535e-07,65.57043137367327
mmv_matched_s9712,mmv_matched,9712,32,1400,39.80654686499701,9.319327887169493e-07,64.83408070063524
mmv_matched_s9712,mmv_matched,9712,32,1500,38.64577799053801,3.7193897242104867e-06,63.721357055467706
mmv_matched_s9712,mmv_matched,9712,32,1600,40.78348973101901,3.9877397739473963e-07,66.11793158108321
mmv_matched_s9712,mmv_matched,9712,32,1700,40.0506906477361,5.10330301040085e-06,64.54770934797648
mmv_matched_s9712,mmv_matched,9712,32,1800,39.105801206708705,3.1535528250969946e-06,63.409348342250496
mmv_matched_s9712,mmv_matched,9712,32,1900,39.896770488533555,4.800781425728928e-06,64.49833825382075
mmv_matched_s9712,mmv_matched,9712,32,2000,39.33733199803327,3.0487749427265953e-06,64.0207870813266
mmv_matched_s9712,mmv_matched,9712,32,2100,39.581192522193334,6.742653567926027e-06,64.87192610427246
mmv_matched_s9712,mmv_matched,9712,32,2200,38.545747493395034,4.21007916884264e-06,64.63154662987881
mmv_matched_s9712,mmv_matched,9712,32,2300,39.93759534377401,9.406584808857588e-07,65.66697231259559
mmv_matched_s9712,mmv_matched,9712,32,2400,39.155175763527794,1.6056479807957658e-06,65.73231452650907
mmv_matched_s9712,mmv_matched,9712,32,2500,38.34839117353567,7.872961577959359e-05,64.90087812434658
mmv_matched_s9712,mmv_matched,9712,32,2600,40.41564974313671,6.337863851513248e-07,67.74413077773352
mmv_matched_s9712,mmv_matched,9712,32,2700,38.87789553341626,6.363424472510815e-05,64.94058437708804
mmv_matched_s9712,mmv_matched,9712,32,2800,37.5537921714827,2.298665276612155e-05,63.847834781910706
mmv_matched_s9712,mmv_matched,9712,32,2900,39.49311488366792,1.2009034435322974e-05,66.3588878110213
mmv_matched_s9712,mmv_matched,9712,32,3000,39.904543469104055,4.441298187884968e-06,67.28465224395586
mmv_matched_s9712,mmv_matched,9712,32,3100,38.11850170451428,3.8920174119994044e-05,64.68718508958136
mmv_matched_s9712,mmv_matched,9712,32,3200,39.028922828995675,3.682019450934604e-05,66.0089410103003
mmv_matched_s9712,mmv_matched,9712,32,3300,38.76595862054344,3.92164565710118e-06,65.6092749014615
mmv_matched_s9712,mmv_matched,9712,32,3400,39.472012078676315,2.646405846462585e-06,65.83189633400411
mmv_matched_s9712,mmv_matched,9712,32,3500,38.39156934574382,4.9206282710656524e-05,63.8299016226681
mmv_matched_s9712,mmv_matched,9712,32,3600,39.54469255432155,4.671222086471971e-06,65.68858920457524
mmv_matched_s9712,mmv_matched,9712,32,3700,37.762266833553056,4.929185706714634e-06,64.49203892577088
mmv_matched_s9712,mmv_matched,9712,32,3800,39.24460344484242,1.4808712876401842e-05,66.60191752236135
mmv_matched_s9712,mmv_matched,9712,32,3900,40.758874573263334,5.39502877927589e-07,67.42096291832934
mmv_matched_s9712,mmv_matched,9712,33,0,36.668576955484944,0.0006256247870624065,58.73932102822414
mmv_matched_s9712,mmv_matched,9712,33,100,38.86971431024626,2.105415205733152e-06,62.878936911307164
mmv_matched_s9712,mmv_matched,9712,33,200,40.090697075025226,4.839236680709291e-06,64.53203636697322
mmv_matched_s9712,mmv_matched,9712,33,300,41.37754674838909,7.147303904275759e-07,65.39898887629761
mmv_matched_s9712,mmv_matched,9712,33,400,38.80764075223765,4.220622940920293e-05,62.056574655572604
mmv_matched_s9712,mmv_matched,9712,33,500,38.8211948376784,1.6986745322356e-05,62.21426379076297
mmv_matched_s9712,mmv_matched,9712,33,600,38.32336147421326,4.58575232187286e-05,62.175666889906324
mmv_matched_s9712,mmv_matched,9712,33,700,40.64354210210577,4.4341078364595887e-07,65.40795231846369
mmv_matched_s9712,mmv_matched,9712,33,800,37.26467051609319,0.0001237303949892521,61.784079061485954
mmv_matched_s9712,mmv_matched,9712,33,900,40.691977642712594,1.871492372629291e-06,65.64906816708844
mmv_matched_s9712,mmv_matched,9712,33,1000,38.917936254568254,3.0624853479821468e-06,63.89605756315905
mmv_matched_s9712,mmv_matched,9712,33,1100,37.5939880092051,7.474304584320635e-05,62.901736948980385
mmv_matched_s9712,mmv_matched,9712,33,1200,38.84518669276355,1.7689373635221273e-05,65.52118285906943
mmv_matched_s9712,mmv_matched,9712,33,1300,40.350078472466635,6.082683512431686e-07,67.88951173337864
mmv_matched_s9712,mmv_matched,9712,33,1400,39.46325943864348,1.703100133454427e-05,66.23832433193002
mmv_matched_s9712,mmv_matched,9712,33,1500,38.83534574940334,6.452506931964308e-05,65.06267086601338
mmv_matched_s9712,mmv_matched,9712,33,1600,40.04306384207516,2.414449227217119e-06,66.23933183410554
mmv_matched_s9712,mmv_matched,9712,33,1700,38.55784444991316,1.4200837540556677e-05,64.7587318981241
mmv_matched_s9712,mmv_matched,9712,33,1800,38.65498290018896,2.5405115593457595e-06,65.43579410534858
mmv_matched_s9712,mmv_matched,9712,33,1900,39.56307232340531,1.7159020444523776e-06,66.2429794407717
mmv_matched_s9712,mmv_matched,9712,33,2000,38.80183568272591,4.739888390759006e-05,64.23494475688767
mmv_matched_s9712,mmv_matched,9712,33,2100,38.18887340137391,5.533987132366747e-05,64.30009917350264
mmv_matched_s9712,mmv_matched,9712,33,2200,38.45514969364354,2.931563722086139e-05,64.81880290431764
mmv_matched_s9712,mmv_matched,9712,33,2300,39.6728353288455,3.711358431246481e-06,66.49434216907184
mmv_matched_s9712,mmv_matched,9712,33,2400,39.6917371061701,1.0488894304216956e-06,66.85500105144365
mmv_matched_s9712,mmv_matched,9712,33,2500,38.411598628734616,5.7219665904995054e-05,64.80942991594588
mmv_matched_s9712,mmv_matched,9712,33,2600,38.5363707061709,2.5465515136602335e-06,65.34527016946322
mmv_matched_s9712,mmv_matched,9712,33,2700,38.99208826557295,5.588412477663951e-06,66.11029128074654
mmv_matched_s9712,mmv_matched,9712,33,2800,40.0708769030592,1.8732270063992473e-06,67.30742533131644
mmv_matched_s9712,mmv_matched,9712,33,2900,40.69748791071921,9.716688964545028e-07,67.03707006036757
mmv_matched_s9712,mmv_matched,9712,33,3000,39.334779665613254,1.4974539226386696e-06,64.76641813583046
mmv_matched_s9712,mmv_matched,9712,33,3100,38.014966444423784,3.203260348527692e-05,63.47927423750616
mmv_matched_s9712,mmv_matched,9712,33,3200,37.525349356835044,0.00011646293569356203,62.94439564555478
mmv_matched_s9712,mmv_matched,9712,33,3300,39.3194782541395,3.820790152531117e-05,65.18772796636267
mmv_matched_s9712,mmv_matched,9712,33,3400,40.55353735811566,2.257383357573417e-06,66.4738133969231
mmv_matched_s9712,mmv_matched,9712,33,3500,39.78040450317389,1.1206896033399971e-06,65.47536575832737
mmv_matched_s9712,mmv_matched,9712,33,3600,39.72862127421326,1.013684368444956e-06,65.42206633396881
mmv_matched_s9712,mmv_matched,9712,33,3700,40.02781604327914,9.560123999108328e-07,65.56495376655948
mmv_matched_s9712,mmv_matched,9712,33,3800,38.97533058122073,1.9783807147177868e-05,64.60312913982793
mmv_matched_s9712,mmv_matched,9712,33,3900,39.83340120929429,1.019002638713573e-06,66.01340877665882
mmv_matched_s9712,mmv_matched,9712,34,0,36.668576955484944,0.0006256247870624065,58.73932102822414
mmv_matched_s9712,mmv_matched,9712,34,100,40.23183439105457,7.770847219035204e-07,63.6929533954783
mmv_matched_s9712,mmv_matched,9712,34,200,37.120237911830934,0.00013602217950392514,60.98202775126492
mmv_matched_s9712,mmv_matched,9712,34,300,38.3208982323383,6.32345982012339e-05,63.17707098693654
mmv_matched_s9712,mmv_matched,9712,34,400,40.193260765395436,2.9621228350151796e-06,65.43864515167957
mmv_matched_s9712,mmv_matched,9712,34,500,37.77939477198382,9.939719166141003e-05,62.53626517748671
mmv_matched_s9712,mmv_matched,9712,34,600,38.016606362907915,4.9860664148582146e-06,63.42162758938332
mmv_matched_s9712,mmv_matched,9712,34,700,39.883422725721154,9.284787552132912e-07,65.77370976074417
mmv_matched_s9712,mmv_matched,9712,34,800,38.91253152549382,3.506251232465729e-06,65.31211079808293
mmv_matched_s9712,mmv_matched,9712,34,900,38.2769487335827,9.1670619440265e-05,64.83859678923204
mmv_matched_s9712,mmv_matched,9712,34,1000,39.1877258195723,6.296540959738195e-06,66.0692561310625
mmv_matched_s9712,mmv_matched,9712,34,1100,39.74016256717711,3.3853320928756148e-06,66.2832716803623
mmv_matched_s9712,mmv_matched,9712,34,1200,38.90565825688412,1.0791980457725003e-05,65.01831817838399
mmv_matched_s9712,mmv_matched,9712,34,1300,37.00569253078223,0.0001587136648595333,63.9304112413522
mmv_matched_s9712,mmv_matched,9712,34,1400,39.693598434005985,5.3813955673831515e-06,67.25914535309494
mmv_matched_s9712,mmv_matched,9712,34,1500,39.20286794186419,3.9318998460657895e-05,65.94687072642455
mmv_matched_s9712,mmv_matched,9712,34,1600,39.41071824844006,6.081178071326576e-06,66.42082343813831
mmv_matched_s9712,mmv_matched,9712,34,1700,40.11300742551363,7.399229389193351e-07,67.34456942026827
mmv_matched_s9712,mmv_matched,9712,34,1800,39.599725123519434,6.948849659238476e-06,66.31772981356858
mmv_matched_s9712,mmv_matched,9712,34,1900,38.98074250942147,3.2381617529608775e-06,65.33576459258234
mmv_matched_s9712,mmv_matched,9712,34,2000,40.381510676867244,2.062018211290706e-06,66.16121358446435
mmv_matched_s9712,mmv_matched,9712,34,2100,38.043719656879745,5.419943045126274e-05,63.41945285173563
mmv_matched_s9712,mmv_matched,9712,34,2200,38.304238731751475,3.6394954804563895e-05,64.32768014160138
mmv_matched_s9712,mmv_matched,9712,34,2300,38.166484045031716,6.822490831837058e-06,64.95829710817952
mmv_matched_s9712,mmv_matched,9712,34,2400,38.184358850310325,9.598249016562477e-05,64.69366673949708
mmv_matched_s9712,mmv_matched,9712,34,2500,39.30147667951698,1.4148870377539424e-06,66.88954075443735
mmv_matched_s9712,mmv_matched,9712,34,2600,39.69850936278894,1.252515721716918e-05,66.46185205376287
mmv_matched_s9712,mmv_matched,9712,34,2700,38.92890926869221,9.609277185518295e-06,65.80522500243248
mmv_matched_s9712,mmv_matched,9712,34,2800,38.59449693721584,7.158087100833654e-06,65.24489604376959
mmv_matched_s9712,mmv_matched,9712,34,2900,38.66593225504423,5.65486989216879e-05,64.71105034160519
mmv_matched_s9712,mmv_matched,9712,34,3000,40.328574936931844,7.48366289826663e-07,66.22277286476583
mmv_matched_s9712,mmv_matched,9712,34,3100,40.235977678926744,1.0246853889839258e-06,65.59697854358637
mmv_matched_s9712,mmv_matched,9712,34,3200,40.62652437283111,1.922063802339835e-06,65.02699465389628
mmv_matched_s9712,mmv_matched,9712,34,3300,40.47086973660093,2.9569969228759874e-06,64.22292851093334
mmv_matched_s9712,mmv_matched,9712,34,3400,38.12582230805084,5.800930466648424e-06,61.84723460602561
mmv_matched_s9712,mmv_matched,9712,34,3500,38.465629521299945,1.8650800484465435e-05,63.12020811947144
mmv_matched_s9712,mmv_matched,9712,34,3600,38.609287582110966,2.148788553313352e-06,64.0411881509824
mmv_matched_s9712,mmv_matched,9712,34,3700,37.691787657943514,5.4257281590253115e-05,63.52232712859916
mmv_matched_s9712,mmv_matched,9712,34,3800,40.78289308397956,5.703848273697076e-07,66.81901149503972
mmv_matched_s9712,mmv_matched,9712,34,3900,40.47707483786996,6.030293207004433e-07,65.6975384431712
mmv_matched_s9712,mmv_matched,9712,35,0,36.668576955484944,0.0006256247870624065,58.73932102822414
mmv_matched_s9712,mmv_matched,9712,35,100,40.29472862136889,7.73915417084936e-07,63.20129428944228
mmv_matched_s9712,mmv_matched,9712,35,200,37.72795731954047,9.364314610138535e-05,60.716871412458886
mmv_matched_s9712,mmv_matched,9712,35,300,39.19163865214043,1.7185500382765895e-06,63.28416742402351
mmv_matched_s9712,mmv_matched,9712,35,400,38.06129787934493,4.853356949752197e-05,62.61575196976685
mmv_matched_s9712,mmv_matched,9712,35,500,40.37590937305316,1.2219524023748818e-06,64.90890141556224
mmv_matched_s9712,mmv_matched,9712,35,600,38.47814785036225,2.1558637399721192e-06,63.207432218493125
mmv_matched_s9712,mmv_matched,9712,35,700,38.893072911534986,3.801013735937886e-05,64.37245656559571
mmv_matched_s9712,mmv_matched,9712,35,800,38.98272491074265,2.0379088709887583e-06,65.03337300159819
mmv_matched_s9712,mmv_matched,9712,35,900,37.94069452167258,0.00010030467819888145,64.23561953755052
mmv_matched_s9712,mmv_matched,9712,35,1000,40.18736740415047,9.189605520987243e-07,66.67148343322106
mmv_matched_s9712,mmv_matched,9712,35,1100,40.005304748976855,1.1951249689445831e-05,65.50730868526983
mmv_matched_s9712,mmv_matched,9712,35,1200,39.02109746665028,3.330165782244876e-05,64.22242336799218
mmv_matched_s9712,mmv_matched,9712,35,1300,39.219166359674105,1.3649378161062486e-05,64.45260188782822
mmv_matched_s9712,mmv_matched,9712,35,1400,39.79786976182699,1.6300850802508648e-06,65.06874983905391
mmv_matched_s9712,mmv_matched,9712,35,1500,39.02617714483507,1.2127893569413573e-05,63.86088050471972
mmv_matched_s9712,mmv_matched,9712,35,1600,38.45875609289371,1.4620781257690396e-05,63.89811369628251
mmv_matched_s9712,mmv_matched,9712,35,1700,39.3524569379441,4.199353497824632e-06,65.03654148252235
mmv_matched_s9712,mmv_matched,9712,35,1800,39.23083124964768,5.593985406449065e-06,64.63926157644346
mmv_matched_s9712,mmv_matched,9712,35,1900,38.27712328650063,9.846547072811518e-06,63.84782097417872
mmv_matched_s9712,mmv_matched,9712,35,2000,39.01312283777834,7.104226824594662e-06,64.66359909284074
mmv_matched_s9712,mmv_matched,9712,35,2100,39.766362601769885,7.3918890848290175e-06,65.66319658881639
mmv_matched_s9712,mmv_matched,9712,35,2200,39.496175789630605,1.1773368896683678e-05,65.25898093556862
mmv_matched_s9712,mmv_matched,9712,35,2300,37.699851925469375,0.00011065510625485331,63.53783388521538
mmv_matched_s9712,mmv_matched,9712,35,2400,39.93029488316804,1.0671724339772481e-06,66.44664066494693
mmv_matched_s9712,mmv_matched,9712,35,2500,38.745701506610494,5.803607564303093e-06,65.09251051646152
mmv_matched_s9712,mmv_matched,9712,35,2600,39.05353251387757,1.0084939276566729e-05,64.94394110150915
mmv_matched_s9712,mmv_matched,9712,35,2700,40.575448577223064,9.698392204882111e-07,66.30916256935166
mmv_matched_s9712,mmv_matched,9712,35,2800,37.90694394374313,9.372826025355607e-05,63.101084764950045
mmv_matched_s9712,mmv_matched,9712,35,2900,38.825332931344214,2.8228547307662666e-05,64.49456387708597
mmv_matched_s9712,mmv_matched,9712,35,3000,37.68804822084328,1.335507204203168e-05,63.74526534748611
mmv_matched_s9712,mmv_matched,9712,35,3100,39.791513453387225,5.4516967793460935e-06,65.48132461196019
mmv_matched_s9712,mmv_matched,9712,35,3200,38.95795137387825,1.6821812096168287e-05,64.24216291459288
mmv_matched_s9712,mmv_matched,9712,35,3300,39.9745218460046,3.410099452594295e-06,65.0592439075308
mmv_matched_s9712,mmv_matched,9712,35,3400,39.980989070507626,9.742568181536626e-06,64.04380967226939
mmv_matched_s9712,mmv_matched,9712,35,3500,38.610454116528686,4.039103259856347e-06,62.890170408781614
mmv_matched_s9712,mmv_matched,9712,35,3600,38.026737244564515,4.818262095795944e-05,62.689818876400295
mmv_matched_s9712,mmv_matched,9712,35,3700,40.09380535948674,1.735605906105775e-06,65.86960505733578
mmv_matched_s9712,mmv_matched,9712,35,3800,37.66988293888468,0.00010879142791964114,63.27284924092919
mmv_matched_s9712,mmv_matched,9712,35,3900,39.58522522855898,2.2574431568500586e-06,65.19368525241725
mmv_matched_s9712,mmv_matched,9712,36,0,36.668576955484944,0.0006256247870624065,58.73932102822414
mmv_matched_s9712,mmv_matched,9712,36,100,40.66741509072876,5.247596845947555e-07,63.60999205037626
mmv_matched_s9712,mmv_matched,9712,36,200,39.98476678597499,6.531038820867252e-07,63.85121452607041
mmv_matched_s9712,mmv_matched,9712,36,300,38.05009131332139,7.304607424885035e-05,61.9297038850832
mmv_matched_s9712,mmv_matched,9712,36,400,39.492560588760156,1.767688627296593e-05,64.10296791433166
mmv_matched_s9712,mmv_matched,9712,36,500,39.77126509461415,4.233756953908596e-06,64.61383853446785
mmv_matched_s9712,mmv_matched,9712,36,600,37.57083390367624,0.00011456117499619722,62.95912524247751
mmv_matched_s9712,mmv_matched,9712,36,700,38.62976760245031,4.969369911123067e-06,64.6412189362884
mmv_matched_s9712,mmv_matched,9712,36,800,38.49947882910797,3.0297989724203944e-05,64.78370910382364
mmv_matched_s9712,mmv_matched,9712,36,900,38.51752179728919,7.851496047805995e-05,64.3247588880306
mmv_matched_s9712,mmv_matched,9712,36,1000,37.689506722348334,9.896776464302093e-05,63.427351838243794
mmv_matched_s9712,mmv_matched,9712,36,1100,37.63802746189382,0.00011871742026414722,63.88409454774023
mmv_matched_s9712,mmv_matched,9712,36,1200,39.42233906307236,2.883879278670065e-05,65.55551744027844
mmv_matched_s9712,mmv_matched,9712,36,1300,39.83495956906426,8.054281352087855e-06,65.57323063925924
mmv_matched_s9712,mmv_matched,9712,36,1400,39.96509944867125,7.122900456124626e-07,66.14968722042363
mmv_matched_s9712,mmv_matched,9712,36,1500,39.16545428884136,1.1600672223721631e-05,65.15265448807804
mmv_matched_s9712,mmv_matched,9712,36,1600,39.40711434312424,1.5088007785379887e-06,65.88735817889847
mmv_matched_s9712,mmv_matched,9712,36,1700,41.172877640502676,3.188212929217116e-07,67.1679336672023
mmv_matched_s9712,mmv_matched,9712,36,1800,38.755260073240535,2.335068984393729e-06,64.66008891562296
mmv_matched_s9712,mmv_matched,9712,36,1900,40.14088721972344,7.613288062202628e-07,65.6024436035551
mmv_matched_s9712,mmv_matched,9712,36,2000,39.675012264958916,7.56658391765086e-06,64.85374711402119
mmv_matched_s9712,mmv_matched,9712,36,2100,38.248458567710955,3.1422468964592554e-06,64.02318726265253
mmv_matched_s9712,mmv_matched,9712,36,2200,40.861848501742664,1.8312045995116932e-06,66.27136357873496
mmv_matched_s9712,mmv_matched,9712,36,2300,38.52139008998158,2.33972750720568e-05,63.67446738454146
mmv_matched_s9712,mmv_matched,9712,36,2400,37.93407450917523,9.533263801131397e-05,63.173338154661224
mmv_matched_s9712,mmv_matched,9712,36,2500,39.256676602538626,1.8455612007528543e-05,64.88929031742282
mmv_matched_s9712,mmv_matched,9712,36,2600,39.54565418286092,1.3236187442089431e-05,64.87723489572682
mmv_matched_s9712,mmv_matched,9712,36,2700,37.20819687031898,0.00012818793766200542,62.24736269266373
mmv_matched_s9712,mmv_matched,9712,36,2800,39.08410313767695,3.898348040820565e-06,65.08350023768025
mmv_matched_s9712,mmv_matched,9712,36,2900,39.35555888077182,1.3110344298183918e-05,64.7639125255082
mmv_matched_s9712,mmv_matched,9712,36,3000,39.83930939635119,2.3859599878051085e-06,65.42142190434333
mmv_matched_s9712,mmv_matched,9712,36,3100,39.13437921492879,3.2143754651769996e-05,64.79102482836606
mmv_matched_s9712,mmv_matched,9712,36,3200,37.606186951329335,8.494626672472805e-05,63.691968066425034
mmv_matched_s9712,mmv_matched,9712,36,3300,37.14010505349328,0.00015949606313370168,64.08609802475985
mmv_matched_s9712,mmv_matched,9712,36,3400,39.387529537421905,1.7821381334215403e-05,66.26102067735701
mmv_matched_s9712,mmv_matched,9712,36,3500,40.27634739626116,1.0443638984725112e-06,67.07893131931269
mmv_matched_s9712,mmv_matched,9712,36,3600,37.5658587584146,0.00012248638086020947,63.81737962060657
mmv_matched_s9712,mmv_matched,9712,36,3700,40.20203862890034,4.812397037312621e-06,66.87361961924262
mmv_matched_s9712,mmv_matched,9712,36,3800,38.763653395199015,7.34869672669447e-06,65.3953925836031
mmv_matched_s9712,mmv_matched,9712,36,3900,41.06033601140831,1.6000830100892927e-06,67.2228798050055
mmv_matched_s9712,mmv_matched,9712,37,0,36.668576955484944,0.0006256247870624065,58.73932102822414
mmv_matched_s9712,mmv_matched,9712,37,100,38.72015625504268,2.2306912796921097e-06,62.57810846590564
mmv_matched_s9712,mmv_matched,9712,37,200,39.93251065880761,1.1736919987015426e-06,64.28132377109432
mmv_matched_s9712,mmv_matched,9712,37,300,37.750873300717444,0.00010114537144545466,62.59980631167855
mmv_matched_s9712,mmv_matched,9712,37,400,38.35132933377728,1.8794828065438196e-05,64.09116009847276
mmv_matched_s9712,mmv_matched,9712,37,500,37.28191220997117,1.6246523955487646e-05,63.98536699689066
mmv_matched_s9712,mmv_matched,9712,37,600,38.057165876725236,0.00010493981972103938,65.05243194563491
mmv_matched_s9712,mmv_matched,9712,37,700,39.016347480349395,5.9380283346399665e-05,65.62003118077212
mmv_matched_s9712,mmv_matched,9712,37,800,38.14888643813434,4.712771442427766e-06,65.01463770137377
mmv_matched_s9712,mmv_matched,9712,37,900,41.426817923187556,2.547134840824583e-07,67.73598741006754
mmv_matched_s9712,mmv_matched,9712,37,1000,40.343605175427584,6.006605985930946e-07,65.31790100592696
mmv_matched_s9712,mmv_matched,9712,37,1100,38.38113212093105,4.7234221710823476e-05,62.98505278387938
mmv_matched_s9712,mmv_matched,9712,37,1200,38.715313189883744,4.1261722799390554e-05,63.883800207307104
mmv_matched_s9712,mmv_matched,9712,37,1300,39.982518842813555,2.483315029166988e-06,65.27449815181353
mmv_matched_s9712,mmv_matched,9712,37,1400,39.33923279266898,8.939794497564435e-06,63.97218004000297
mmv_matched_s9712,mmv_matched,9712,37,1500,40.56863942953105,4.598994678417512e-07,65.71347761919287
mmv_matched_s9712,mmv_matched,9712,37,1600,40.465299929616535,2.992663439727039e-06,64.94443175349761
mmv_matched_s9712,mmv_matched,9712,37,1700,40.361146343646084,5.388380941440118e-07,65.25240645790473
mmv_matched_s9712,mmv_matched,9712,37,1800,40.246675443699,5.542146368497924e-07,65.00770735379382
mmv_matched_s9712,mmv_matched,9712,37,1900,37.931372882635564,7.798316073603928e-05,62.354697633010346
mmv_matched_s9712,mmv_matched,9712,37,2000,37.64111825124446,9.424438758287579e-05,62.689254377691896
mmv_matched_s9712,mmv_matched,9712,37,2100,39.47358885609053,9.294235496781766e-06,64.91165787672571
mmv_matched_s9712,mmv_matched,9712,37,2200,38.31595246236564,2.1456045942613855e-05,63.797726445307944
mmv_matched_s9712,mmv_matched,9712,37,2300,37.143671442468325,0.0001406702067470178,63.158673175011245
mmv_matched_s9712,mmv_matched,9712,37,2400,40.020245096375305,8.640359396849817e-07,66.46105947905335
mmv_matched_s9712,mmv_matched,9712,37,2500,39.573754398145965,4.985120995115722e-06,65.62278141185516
mmv_matched_s9712,mmv_matched,9712,37,2600,39.09586592541717,2.900632898672484e-05,65.03030862753826
mmv_matched_s9712,mmv_matched,9712,37,2700,38.71339188603289,1.6483423678437248e-05,64.77220349520394
mmv_matched_s9712,mmv_matched,9712,37,2800,38.97597371793547,7.339225248870207e-06,64.9722122081389
mmv_matched_s9712,mmv_matched,9712,37,2900,38.58001316048944,3.1433601179742254e-06,64.04130039077631
mmv_matched_s9712,mmv_matched,9712,37,3000,41.083676314476484,1.2927114312333288e-06,66.03102565153313
mmv_matched_s9712,mmv_matched,9712,37,3100,39.76696608643942,3.69517306353373e-06,64.9863148810532
mmv_matched_s9712,mmv_matched,9712,37,3200,39.67383290331004,5.32503236172488e-06,64.91764621781647
mmv_matched_s9712,mmv_matched,9712,37,3300,38.59948232020559,5.5843011068645865e-06,63.73537881333118
mmv_matched_s9712,mmv_matched,9712,37,3400,39.02110161804454,2.32147272072325e-06,65.07334445259175
mmv_matched_s9712,mmv_matched,9712,37,3500,41.11659146912836,3.2935770377662266e-07,66.63566859175626
mmv_matched_s9712,mmv_matched,9712,37,3600,38.69973329090586,2.958031018351903e-06,64.00573747381176
mmv_matched_s9712,mmv_matched,9712,37,3700,38.644663184657816,6.520301394630224e-05,64.4192401498459
mmv_matched_s9712,mmv_matched,9712,37,3800,39.81739738603834,6.2384297052631155e-06,66.10908199844255
mmv_matched_s9712,mmv_matched,9712,37,3900,39.0294299528063,5.8001314755529165e-06,65.26169187258165
mmv_matched_s9712,mmv_matched,9712,38,0,36.668576955484944,0.0006256247870624065,58.73932102822414
mmv_matched_s9712,mmv_matched,9712,38,100,37.74924303877125,3.648706478998065e-05,62.21922289604299
mmv_matched_s9712,mmv_matched,9712,38,200,41.144936152059095,3.2664507898516604e-07,66.35680056569663
mmv_matched_s9712,mmv_matched,9712,38,300,38.41760302148139,3.595898306230083e-05,63.6636766941474
mmv_matched_s9712,mmv_matched,9712,38,400,39.336084726726156,1.3811304597766139e-06,64.95565018974094
mmv_matched_s9712,mmv_matched,9712,38,500,37.506432488465634,0.00011561215796973556,62.92945764119145
mmv_matched_s9712,mmv_matched,9712,38,600,37.552159598144314,0.00012452725786715746,63.50370253337246
mmv_matched_s9712,mmv_matched,9712,38,700,39.04950029309102,2.432998371659778e-06,65.52352631850067
mmv_matched_s9712,mmv_matched,9712,38,800,39.78436268289517,9.41221514949575e-06,65.05768149693677
mmv_matched_s9712,mmv_matched,9712,38,900,38.34668717061479,6.924483750481158e-05,63.51637492227292
mmv_matched_s9712,mmv_matched,9712,38,1000,37.81346131378047,3.930342063540593e-05,63.619973471476044
mmv_matched_s9712,mmv_matched,9712,38,1100,37.82512667857481,0.00011168116179760545,63.74444030960217
mmv_matched_s9712,mmv_matched,9712,38,1200,38.933891367632434,1.7067897715605795e-05,64.98858307735782
mmv_matched_s9712,mmv_matched,9712,38,1300,38.492723979362786,3.607886173995212e-05,64.20273695658727
mmv_matched_s9712,mmv_matched,9712,38,1400,39.41432271380198,4.0419254219159484e-05,64.32396079997557
mmv_matched_s9712,mmv_matched,9712,38,1500,39.28888456171447,8.927268936531618e-06,64.68794082918248
mmv_matched_s9712,mmv_matched,9712,38,1600,37.57044648141772,0.00011069095489801839,63.29254818007348
mmv_matched_s9712,mmv_matched,9712,38,1700,37.66306670805773,7.609886233694851e-05,63.97787505770157
mmv_matched_s9712,mmv_matched,9712,38,1800,37.32543732368277,8.660086314193904e-05,64.18872777729939
mmv_matched_s9712,mmv_matched,9712,38,1900,39.92927978687613,1.142564201472851e-06,67.18385710310122
mmv_matched_s9712,mmv_matched,9712,38,2000,40.603794991944795,1.1860648783112993e-06,66.58550535501809
mmv_matched_s9712,mmv_matched,9712,38,2100,41.87001894468039,1.3414202726380609e-07,66.75504855331201
mmv_matched_s9712,mmv_matched,9712,38,2200,39.86161068097494,9.037297559189028e-07,63.837681026427504
mmv_matched_s9712,mmv_matched,9712,38,2300,40.37100966931162,2.0104464510950493e-06,64.24884701486917
mmv_matched_s9712,mmv_matched,9712,38,2400,39.628793546576475,2.723452325881226e-06,63.5509382700684
mmv_matched_s9712,mmv_matched,9712,38,2500,41.09343692792457,2.691980398594751e-07,64.8815531625064
mmv_matched_s9712,mmv_matched,9712,38,2600,40.598358582649254,1.8055825421470217e-06,63.809305328783836
mmv_matched_s9712,mmv_matched,9712,38,2700,37.922029299809495,7.645520963706076e-05,61.03257314331222
mmv_matched_s9712,mmv_matched,9712,38,2800,38.03776396919675,7.639714749529958e-05,61.87542282712434
mmv_matched_s9712,mmv_matched,9712,38,2900,37.70446237559957,1.2786434126610402e-05,62.74309288372092
mmv_matched_s9712,mmv_matched,9712,38,3000,41.17881590386457,3.1585307169734733e-07,66.41988644804849
mmv_matched_s9712,mmv_matched,9712,38,3100,39.843755147838756,1.621845513000153e-05,63.79145007661691
mmv_matched_s9712,mmv_matched,9712,38,3200,38.223155590141204,7.15483256499283e-05,62.59489914807364
mmv_matched_s9712,mmv_matched,9712,38,3300,38.69003486931466,1.97442714124918e-05,63.318534208373194
mmv_matched_s9712,mmv_matched,9712,38,3400,39.31203832258405,3.856569946947275e-06,64.18884421319626
mmv_matched_s9712,mmv_matched,9712,38,3500,39.675645962559514,7.99508961790707e-06,64.29511615610863
mmv_matched_s9712,mmv_matched,9712,38,3600,40.449452700375694,7.883495527494233e-07,65.33589784567312
mmv_matched_s9712,mmv_matched,9712,38,3700,38.01566399431326,6.174874579301104e-05,62.78938923574697
mmv_matched_s9712,mmv_matched,9712,38,3800,38.56175096577336,1.6109483112813905e-05,64.02727947034532
mmv_matched_s9712,mmv_matched,9712,38,3900,40.31906862486062,6.412303719116608e-07,65.70085949173588
mmv_matched_s9712,mmv_matched,9712,39,0,36.668576955484944,0.0006256247870624065,58.73932102822414
mmv_matched_s9712,mmv_matched,9712,39,100,39.560887332300425,1.4896626453264616e-05,63.312865605388424
mmv_matched_s9712,mmv_matched,9712,39,200,39.08902775338258,3.2065950108517427e-06,63.26386048505674
mmv_matched_s9712,mmv_matched,9712,39,300,39.65712189621641,1.5164846445259172e-06,64.00450720428753
mmv_matched_s9712,mmv_matched,9712,39,400,38.80353496871963,1.8465660787114757e-06,63.462218598853724
mmv_matched_s9712,mmv_matched,9712,39,500,39.160246876713785,1.8601784177008085e-05,64.13006033325473
mmv_matched_s9712,mmv_matched,9712,39,600,38.353234710131396,4.3860381992999464e-05,64.01536431262946
mmv_matched_s9712,mmv_matched,9712,39,700,38.229306949219925,1.746315319905989e-05,63.9967092002903
mmv_matched_s9712,mmv_matched,9712,39,800,38.89437020919191,2.027874188570422e-06,65.07450514593074
mmv_matched_s9712,mmv_matched,9712,39,900,39.717623177073314,1.2836848100050702e-06,66.11608464907863
mmv_matched_s9712,mmv_matched,9712,39,1000,39.5862502966413,1.8214776673630695e-06,65.6034872535979
mmv_matched_s9712,mmv_matched,9712,39,1100,39.229412962342295,2.157512426492758e-05,65.0490130545179
mmv_matched_s9712,mmv_matched,9712,39,1200,40.08317094080649,4.001667093689321e-06,66.42445175591979
mmv_matched_s9712,mmv_matched,9712,39,1300,39.542339706936154,2.6499001251067966e-06,66.23337513966453
mmv_matched_s9712,mmv_matched,9712,39,1400,39.80491587884784,2.936418695753673e-06,66.04799749031395
mmv_matched_s9712,mmv_matched,9712,39,1500,38.814270150128586,1.6238598618656397e-05,64.97914664379005
mmv_matched_s9712,mmv_matched,9712,39,1600,40.798741941565424,4.1201377598554245e-07,67.14120576982327
mmv_matched_s9712,mmv_matched,9712,39,1700,38.19005662554085,3.64434345101472e-05,64.17830218994277
mmv_matched_s9712,mmv_matched,9712,39,1800,39.51328873714892,1.14948011287197e-06,66.07272481812015
mmv_matched_s9712,mmv_matched,9712,39,1900,40.27894830349216,6.79854565532878e-07,66.41573051353203
mmv_matched_s9712,mmv_matched,9712,39,2000,39.592164945493344,3.2188395380217116e-06,65.35699194136987
mmv_matched_s9712,mmv_matched,9712,39,2100,38.9161141293658,6.0841448430437595e-06,64.82149456430011
mmv_matched_s9712,mmv_matched,9712,39,2200,40.50258558024097,1.7377770973325823e-06,66.32219223049185
mmv_matched_s9712,mmv_matched,9712,39,2300,38.00884683587964,3.1172079616226256e-05,63.025630142604314
mmv_matched_s9712,mmv_matched,9712,39,2400,38.392452382752296,1.4441597159020603e-05,64.14041198217774
mmv_matched_s9712,mmv_matched,9712,39,2500,38.240422197836644,7.776673010084778e-05,64.30144436683983
mmv_matched_s9712,mmv_matched,9712,39,2600,39.09230158533626,1.411462653777562e-05,65.79385290757637
mmv_matched_s9712,mmv_matched,9712,39,2700,38.191269282169955,6.9691159296780825e-06,64.2133572283442
mmv_matched_s9712,mmv_matched,9712,39,2800,39.25855370188199,1.98995030586957e-06,65.7120724306726
mmv_matched_s9712,mmv_matched,9712,39,2900,37.34634588272383,0.00013338531425688416,63.61546902749279
mmv_matched_s9712,mmv_matched,9712,39,3000,40.16947163237372,9.616701390768867e-07,66.96098985593017
mmv_matched_s9712,mmv_matched,9712,39,3100,39.557324778687175,1.862669159891084e-05,65.27391094465929
mmv_matched_s9712,mmv_matched,9712,39,3200,38.14103451524066,4.896306563750841e-06,64.19550527631554
mmv_matched_s9712,mmv_matched,9712,39,3300,40.33888099971626,8.813082104097703e-07,66.68740170147612
mmv_matched_s9712,mmv_matched,9712,39,3400,39.47048736718706,2.3264976334758103e-05,64.83830876312186
mmv_matched_s9712,mmv_matched,9712,39,3500,40.62585974301606,1.8925679796666373e-06,66.0176868332685
mmv_matched_s9712,mmv_matched,9712,39,3600,39.787075951336895,8.56627366374596e-07,64.8345630885658
mmv_matched_s9712,mmv_matched,9712,39,3700,40.02236656777632,6.968968477849558e-07,64.99318683410866
mmv_matched_s9712,mmv_matched,9712,39,3800,39.49742110498363,2.5613639991206583e-06,64.30371434613431
mmv_matched_s9712,mmv_matched,9712,39,3900,37.378895408502935,0.00011336588795529678,62.18672729749119
mmv_matched_s9712,mmv_matched,9712,40,0,36.668576955484944,0.0006256247870624065,58.73932102822414
mmv_matched_s9712,mmv_matched,9712,40,100,41.114000321203534,1.2187347238068469e-06,64.0702181413103
mmv_matched_s9712,mmv_matched,9712,40,200,38.1258188588837,7.629758329130709e-05,61.1171411146297
mmv_matched_s9712,mmv_matched,9712,40,300,38.8176632712171,1.2006253200524952e-05,62.48228656260426
mmv_matched_s9712,mmv_matched,9712,40,400,39.83147990613178,7.090527560649207e-07,63.78134448383389
mmv_matched_s9712,mmv_matched,9712,40,500,39.13595576510379,9.362482160213403e-06,63.20514367943366
mmv_matched_s9712,mmv_matched,9712,40,600,37.99521162602828,7.076526526361704e-05,62.31726631405388
mmv_matched_s9712,mmv_matched,9712,40,700,39.61357334343576,2.225636535513331e-06,65.32287232848262
mmv_matched_s9712,mmv_matched,9712,40,800,38.40784933326362,2.8233285775058903e-05,63.78581421562558
mmv_matched_s9712,mmv_matched,9712,40,900,38.8592765045255,1.030537714541424e-05,64.32393515993874
mmv_matched_s9712,mmv_matched,9712,40,1000,40.471356084386,5.428338454294135e-07,66.62291465302519
mmv_matched_s9712,mmv_matched,9712,40,1100,40.56420095554956,1.0093364153362927e-06,66.32944146774116
mmv_matched_s9712,mmv_matched,9712,40,1200,37.10647622515117,0.00013947342813480645,62.87571173745005
mmv_matched_s9712,mmv_matched,9712,40,1300,40.377888354096015,3.4392919587844517e-06,66.6395568414273
mmv_matched_s9712,mmv_matched,9712,40,1400,39.54550376339749,3.5862676668330096e-06,65.60990007386516
mmv_matched_s9712,mmv_matched,9712,40,1500,39.035734727625645,2.07308039534837e-06,65.63439565862336
mmv_matched_s9712,mmv_matched,9712,40,1600,39.28399275941734,1.2634989161597332e-06,66.40077329511301
mmv_matched_s9712,mmv_matched,9712,40,1700,38.621528039423474,2.4417091481154785e-05,65.3295179899967
mmv_matched_s9712,mmv_matched,9712,40,1800,39.59040017433884,8.175486982509028e-06,66.70718472211547
mmv_matched_s9712,mmv_matched,9712,40,1900,39.00665831293238,1.798510129447095e-05,65.16723306105632
mmv_matched_s9712,mmv_matched,9712,40,2000,39.12220041463433,1.9792249076999724e-05,65.61914634842094
mmv_matched_s9712,mmv_matched,9712,40,2100,38.85366594378531,5.691621026926441e-06,65.11566230148071
mmv_matched_s9712,mmv_matched,9712,40,2200,39.943207234498914,3.0383534976863302e-06,66.02210856319198
mmv_matched_s9712,mmv_matched,9712,40,2300,38.39862864777159,3.133976133540273e-05,64.35597578708894
mmv_matched_s9712,mmv_matched,9712,40,2400,37.35707989560815,0.0001003897050395608,63.60469690660577
mmv_matched_s9712,mmv_matched,9712,40,2500,40.760065464689575,5.303224384078931e-07,67.34899419892281
mmv_matched_s9712,mmv_matched,9712,40,2600,39.15938344374363,4.580807399179321e-06,65.46677282490054
mmv_matched_s9712,mmv_matched,9712,40,2700,38.353853144161484,2.7848349418491125e-05,64.70885806222122
mmv_matched_s9712,mmv_matched,9712,40,2800,41.08730486050674,3.7342806535889395e-07,67.6254023132633
mmv_matched_s9712,mmv_matched,9712,40,2900,38.7662686885254,5.834668627358042e-06,64.48953590267001
mmv_matched_s9712,mmv_matched,9712,40,3000,37.64786051790203,0.00011126788740511984,63.24811097881775
mmv_matched_s9712,mmv_matched,9712,40,3100,38.88314232875648,1.1942004675802309e-05,64.97146648792568
mmv_matched_s9712,mmv_matched,9712,40,3200,39.01424658680445,2.918802056228742e-05,64.62101001119402
mmv_matched_s9712,mmv_matched,9712,40,3300,39.66498388548866,1.132496777245251e-06,65.83082568998839
mmv_matched_s9712,mmv_matched,9712,40,3400,38.66348918528995,2.563125963206403e-05,64.05990797658706
mmv_matched_s9712,mmv_matched,9712,40,3500,40.15946448726202,9.830149565459578e-07,65.60697623647246
mmv_matched_s9712,mmv_matched,9712,40,3600,41.01895585079092,3.5159334288437094e-07,66.59912239457844
mmv_matched_s9712,mmv_matched,9712,40,3700,37.74232102433618,9.95480440906249e-05,62.72668847548016
mmv_matched_s9712,mmv_matched,9712,40,3800,38.219172941248175,8.355789759662002e-05,63.71286031948944
mmv_matched_s9712,mmv_matched,9712,40,3900,39.82273060024942,1.629772214073455e-06,65.93101143010517
mmv_matched_s9712,mmv_matched,9712,41,0,36.668576955484944,0.0006256247870624065,58.73932102822414
mmv_matched_s9712,mmv_matched,9712,41,100,38.03609189310861,7.603705853398424e-06,61.88120884798627
mmv_matched_s9712,mmv_matched,9712,41,200,41.262650040854,3.4711089824668306e-07,65.88259873719107
mmv_matched_s9712,mmv_matched,9712,41,300,40.286273771293075,6.766243814126938e-07,64.80904483781859
mmv_matched_s9712,mmv_matched,9712,41,400,40.69744568664819,5.562181968343793e-07,65.24511382263063
mmv_matched_s9712,mmv_matched,9712,41,500,40.336751579025,5.882099003429175e-07,64.28104351679212
mmv_matched_s9712,mmv_matched,9712,41,600,38.21441452975711,6.0484089772216976e-06,62.39090713905307
mmv_matched_s9712,mmv_matched,9712,41,700,37.901569578158735,2.8790362193831243e-05,63.07058156912581
mmv_matched_s9712,mmv_matched,9712,41,800,39.617966114927114,7.3364954005228356e-06,64.7671565811197
mmv_matched_s9712,mmv_matched,9712,41,900,38.5531086622331,1.3629589375341311e-05,63.745650608149845
mmv_matched_s9712,mmv_matched,9712,41,1000,40.36170716658643,1.873393784990185e-06,65.78633480099234
mmv_matched_s9712,mmv_matched,9712,41,1100,38.784954272233875,4.418841126607731e-05,64.12216295604742
mmv_matched_s9712,mmv_matched,9712,41,1200,38.249786315187954,6.587294046767056e-05,64.13181400031453
mmv_matched_s9712,mmv_matched,9712,41,1300,40.045623063679166,1.1534281156855286e-06,66.14465934733403
mmv_matched_s9712,mmv_matched,9712,41,1400,38.478888185032986,7.719096902292222e-05,64.04986179978755
mmv_matched_s9712,mmv_matched,9712,41,1500,38.378672174483356,3.6054943848284893e-06,63.97427086751213
mmv_matched_s9712,mmv_matched,9712,41,1600,40.24600064391638,1.0085657322633779e-06,66.48919033809398
mmv_matched_s9712,mmv_matched,9712,41,1700,39.42613012224595,2.4607302293588873e-06,64.91214008659011
mmv_matched_s9712,mmv_matched,9712,41,1800,40.022052292642584,8.270925718534272e-06,65.04213778451458
mmv_matched_s9712,mmv_matched,9712,41,1900,39.48018188379437,3.7882809920120053e-06,65.19866733791741
mmv_matched_s9712,mmv_matched,9712,41,2000,39.74157134160696,6.666200533800293e-06,65.10234748023869
mmv_matched_s9712,mmv_matched,9712,41,2100,39.12616090507634,1.266605977434665e-06,65.03283441032545
mmv_matched_s9712,mmv_matched,9712,41,2200,37.53705596195371,0.00011174814426340163,63.453062511454846
mmv_matched_s9712,mmv_matched,9712,41,2300,39.36849574190719,2.0947420125594363e-05,64.64802019633362
mmv_matched_s9712,mmv_matched,9712,41,2400,39.727033132842024,1.0808298611664213e-06,64.9651273565014
mmv_matched_s9712,mmv_matched,9712,41,2500,39.028301757869805,3.264902716182405e-06,63.701713701463106
mmv_matched_s9712,mmv_matched,9712,41,2600,40.720047656423695,4.2802702182598296e-07,66.09078053592611
mmv_matched_s9712,mmv_matched,9712,41,2700,41.41251891540795,4.160318667345564e-07,65.42848818047673
mmv_matched_s9712,mmv_matched,9712,41,2800,40.3632730399087,6.162268846310326e-07,63.08343534113328
mmv_matched_s9712,mmv_matched,9712,41,2900,40.60548643508434,8.098132866507513e-07,62.68869295465356
mmv_matched_s9712,mmv_matched,9712,41,3000,39.195290589270456,1.4341047062771395e-05,61.26934278894487
mmv_matched_s9712,mmv_matched,9712,41,3100,39.07669721068296,4.1017124203790445e-06,62.16760331151863
mmv_matched_s9712,mmv_matched,9712,41,3200,40.05712470280533,6.822753562119033e-07,64.55708330192874
mmv_matched_s9712,mmv_matched,9712,41,3300,40.17624857307376,2.438641786284279e-06,64.72910581264841
mmv_matched_s9712,mmv_matched,9712,41,3400,39.86294329996732,1.314218661718769e-05,64.14743342140127
mmv_matched_s9712,mmv_matched,9712,41,3500,39.23154592437258,1.3501645526048378e-06,64.09503563466706
mmv_matched_s9712,mmv_matched,9712,41,3600,40.931107849251745,3.43359317866998e-07,66.22279337597593
mmv_matched_s9712,mmv_matched,9712,41,3700,40.4138279953391,6.290305236689164e-07,65.04502583284443
mmv_matched_s9712,mmv_matched,9712,41,3800,39.420069996463006,4.116977834200952e-06,64.020423587947
mmv_matched_s9712,mmv_matched,9712,41,3900,38.99940799500624,1.0089257557410747e-05,63.92923293510944
mmv_matched_s9713,mmv_matched,9713,30,0,36.668576955484944,0.0006256247870624065,58.73932102822414
mmv_matched_s9713,mmv_matched,9713,30,100,39.53353801640156,1.5165931017691037e-06,63.03820138098581
mmv_matched_s9713,mmv_matched,9713,30,200,38.59088580342613,4.612218617694452e-06,63.08550972397188
mmv_matched_s9713,mmv_matched,9713,30,300,40.40783827504569,5.96849815792666e-07,65.07100966103371
mmv_matched_s9713,mmv_matched,9713,30,400,39.741937004602995,1.4505264971376164e-06,64.289100386879
mmv_matched_s9713,mmv_matched,9713,30,500,38.92421062233115,8.397451892960817e-06,63.88639147721892
mmv_matched_s9713,mmv_matched,9713,30,600,40.85718483163639,4.655626071325969e-07,65.1435524970293
mmv_matched_s9713,mmv_matched,9713,30,700,39.60561211325795,9.380571555084316e-07,63.54754742250884
mmv_matched_s9713,mmv_matched,9713,30,800,39.06409329874391,1.8410475604468957e-05,63.36494153960189
mmv_matched_s9713,mmv_matched,9713,30,900,38.72378295357192,5.98804654146079e-05,62.76917092753456
mmv_matched_s9713,mmv_matched,9713,30,1000,39.70053375182841,7.843316893740848e-07,64.8925187537443
mmv_matched_s9713,mmv_matched,9713,30,1100,39.06183623779954,1.6681957504260936e-06,64.74842787922898
mmv_matched_s9713,mmv_matched,9713,30,1200,40.96238060541963,5.220005618866708e-07,66.25245016269764
mmv_matched_s9713,mmv_matched,9713,30,1300,39.02892767646708,1.5334228010033257e-05,63.4764018619785
mmv_matched_s9713,mmv_matched,9713,30,1400,39.83927755475218,8.992361699711182e-07,65.10755339434212
mmv_matched_s9713,mmv_matched,9713,30,1500,41.370852064398214,7.560645371995633e-07,65.91640973683798
mmv_matched_s9713,mmv_matched,9713,30,1600,40.47603397751826,3.020069470949238e-06,64.17203967315982
mmv_matched_s9713,mmv_matched,9713,30,1700,36.77224561892991,0.00014091128832660615,61.1541284612083
mmv_matched_s9713,mmv_matched,9713,30,1800,39.640398906162496,5.285108727548504e-06,65.06878030848338
mmv_matched_s9713,mmv_matched,9713,30,1900,41.18905010778644,3.2823339779497474e-07,65.68239340225318
mmv_matched_s9713,mmv_matched,9713,30,2000,38.74236154232913,4.5659653551410884e-05,62.822457690468354
mmv_matched_s9713,mmv_matched,9713,30,2100,38.19266258367623,3.373438084963709e-05,63.149171571853
mmv_matched_s9713,mmv_matched,9713,30,2200,39.10169087663944,3.750643827515887e-06,64.86221229876219
mmv_matched_s9713,mmv_matched,9713,30,2300,38.63240484694058,4.133686161367223e-06,64.31988638101757
mmv_matched_s9713,mmv_matched,9713,30,2400,39.07013882633811,2.48722244577948e-05,64.7293384846389
mmv_matched_s9713,mmv_matched,9713,30,2500,40.885661923633634,3.5866719372279476e-07,66.7097562040608
mmv_matched_s9713,mmv_matched,9713,30,2600,39.036475057964964,3.896580165019259e-05,63.82353091603267
mmv_matched_s9713,mmv_matched,9713,30,2700,39.38767463081993,4.926830115437042e-06,64.46699327527585
mmv_matched_s9713,mmv_matched,9713,30,2800,38.67168023713358,1.6989548385026865e-05,63.543343433970904
mmv_matched_s9713,mmv_matched,9713,30,2900,40.62110103057626,6.453307719311852e-07,65.74028677667775
mmv_matched_s9713,mmv_matched,9713,30,3000,37.745181863626115,3.820816709776409e-05,62.682960001021456
mmv_matched_s9713,mmv_matched,9713,30,3100,39.12170921835406,2.608371687529143e-06,64.24631063773177
mmv_matched_s9713,mmv_matched,9713,30,3200,39.12506355873916,3.5125515296385856e-06,64.54313353345674
mmv_matched_s9713,mmv_matched,9713,30,3300,39.37781166299385,2.2706568415742368e-05,64.389309819765
mmv_matched_s9713,mmv_matched,9713,30,3400,39.575915765652695,4.01266015614965e-06,64.54859587307374
mmv_matched_s9713,mmv_matched,9713,30,3500,38.56299129358551,2.0563940779538825e-05,63.029477322321554
mmv_matched_s9713,mmv_matched,9713,30,3600,37.94380094459055,9.067602513823658e-05,62.431750504501906
mmv_matched_s9713,mmv_matched,9713,30,3700,39.34362383296943,4.3880445446120575e-06,64.87341861756613
mmv_matched_s9713,mmv_matched,9713,30,3800,39.975683963868875,5.97523739997996e-06,65.42446686397659
mmv_matched_s9713,mmv_matched,9713,30,3900,41.316759938559855,2.4170697088266024e-07,66.38769373004698
mmv_matched_s9713,mmv_matched,9713,31,0,36.668576955484944,0.0006256247870624065,58.73932102822414
mmv_matched_s9713,mmv_matched,9713,31,100,39.502667084670094,2.3139941731642466e-06,62.6710370229589
mmv_matched_s9713,mmv_matched,9713,31,200,38.313006846932055,5.562404840020463e-05,62.12389446502033
mmv_matched_s9713,mmv_matched,9713,31,300,38.2639608491141,6.0216509154997766e-05,62.90160606811827
mmv_matched_s9713,mmv_matched,9713,31,400,40.73928280694323,4.2390240651002387e-07,66.56830023615794
mmv_matched_s9713,mmv_matched,9713,31,500,38.87328394265933,3.757243393920362e-05,63.91120230600575
mmv_matched_s9713,mmv_matched,9713,31,600,38.40296692406251,2.774136737571098e-05,64.13746984643831
mmv_matched_s9713,mmv_matched,9713,31,700,39.47977241277487,7.885036211519036e-06,65.17361266937723
mmv_matched_s9713,mmv_matched,9713,31,800,38.54626632613757,2.968030094052665e-05,64.86424356425869
mmv_matched_s9713,mmv_matched,9713,31,900,38.40969913035967,3.7648601391992997e-06,65.22539488410348
mmv_matched_s9713,mmv_matched,9713,31,1000,39.110964177022254,4.062945663463324e-06,66.33169154749044
mmv_matched_s9713,mmv_matched,9713,31,1100,41.00418097117506,4.1718834609127953e-07,68.13024871682046
mmv_matched_s9713,mmv_matched,9713,31,1200,37.85904555122022,0.00010066649701911956,63.745470828383304
mmv_matched_s9713,mmv_matched,9713,31,1300,40.450716771853486,7.376778512480087e-07,66.74680062377683
mmv_matched_s9713,mmv_matched,9713,31,1400,38.49938834395111,1.470064580644248e-05,64.4171719613255
mmv_matched_s9713,mmv_matched,9713,31,1500,39.833472711025415,1.5135307194213965e-06,66.04324565404318
mmv_matched_s9713,mmv_matched,9713,31,1600,39.122303803369846,2.66846450358571e-06,65.07817935262801
mmv_matched_s9713,mmv_matched,9713,31,1700,39.50368353809776,9.745162969920784e-06,64.99757969496295
mmv_matched_s9713,mmv_matched,9713,31,1800,38.38332548767432,9.437141670787241e-06,64.04975231368621
mmv_matched_s9713,mmv_matched,9713,31,1900,40.75589714790186,4.3715525066545524e-07,66.92376906218635
mmv_matched_s9713,mmv_matched,9713,31,2000,39.14760532710879,1.0021849448094144e-05,64.50404246502299
mmv_matched_s9713,mmv_matched,9713,31,2100,40.11864826794112,7.036664442239271e-07,64.97639462012467
mmv_matched_s9713,mmv_matched,9713,31,2200,38.85408684512893,2.6260855520376936e-05,63.13611987354159
mmv_matched_s9713,mmv_matched,9713,31,2300,38.51719537786363,1.69519644259708e-05,63.02883263640001
mmv_matched_s9713,mmv_matched,9713,31,2400,41.19061879181944,3.83206327114749e-07,65.58472906404904
mmv_matched_s9713,mmv_matched,9713,31,2500,40.558493921268855,4.568653935166367e-07,64.64114637768125
mmv_matched_s9713,mmv_matched,9713,31,2600,40.90160359338171,3.195330577909772e-07,64.83473360591188
mmv_matched_s9713,mmv_matched,9713,31,2700,37.88847594724078,3.928569640265778e-05,61.81250366131002
mmv_matched_s9713,mmv_matched,9713,31,2800,39.68780675476235,5.314294867275748e-06,64.622806350058
mmv_matched_s9713,mmv_matched,9713,31,2900,40.089879933936515,1.3329889725355315e-06,65.33830563392576
mmv_matched_s9713,mmv_matched,9713,31,3000,38.783025386213055,4.1877665353240445e-06,64.15929160837686
mmv_matched_s9713,mmv_matched,9713,31,3100,40.63321142988068,4.7317354301412706e-07,66.21617602803508
mmv_matched_s9713,mmv_matched,9713,31,3200,40.77930397476052,1.2598497960425448e-06,65.30242842609255
mmv_matched_s9713,mmv_matched,9713,31,3300,40.34272218800302,3.055505203519715e-06,64.33371714169152
mmv_matched_s9713,mmv_matched,9713,31,3400,38.66590437070168,7.609989552292973e-06,62.767787626165045
mmv_matched_s9713,mmv_matched,9713,31,3500,38.381679229238365,3.631672007031739e-05,63.20435616545379
mmv_matched_s9713,mmv_matched,9713,31,3600,38.504124251750454,1.149507806985639e-05,63.770204706640016
mmv_matched_s9713,mmv_matched,9713,31,3700,39.20909505332706,3.74862679564103e-06,64.54204866500959
mmv_matched_s9713,mmv_matched,9713,31,3800,40.07093389312251,8.62969955051085e-07,65.46438763838432
mmv_matched_s9713,mmv_matched,9713,31,3900,37.19798561300596,0.0001395294239046052,62.815546327528125
mmv_matched_s9713,mmv_matched,9713,32,0,36.668576955484944,0.0006256247870624065,58.73932102822414
mmv_matched_s9713,mmv_matched,9713,32,100,39.09593389673328,1.2586931916303001e-05,63.01343871114477
mmv_matched_s9713,mmv_matched,9713,32,200,40.45228702231984,2.676226358744316e-06,64.69121331266433
mmv_matched_s9713,mmv_matched,9713,32,300,38.71225974484278,5.2580917326849885e-06,63.45764075184661
mmv_matched_s9713,mmv_matched,9713,32,400,40.26474189065226,3.85622888643411e-06,64.67183911255097
mmv_matched_s9713,mmv_matched,9713,32,500,40.33568427615408,5.218948331275897e-07,65.63947739262835
mmv_matched_s9713,mmv_matched,9713,32,600,40.12695954596331,3.074695086979773e-06,65.77623564980422
mmv_matched_s9713,mmv_matched,9713,32,700,38.606757861374234,2.757981292234035e-06,64.18350885039672
mmv_matched_s9713,mmv_matched,9713,32,800,40.145562025878206,2.9949424060760066e-06,66.21849027341659
mmv_matched_s9713,mmv_matched,9713,32,900,39.987022834778664,1.1983140211668797e-05,65.19054197195237
mmv_matched_s9713,mmv_matched,9713,32,1000,38.3283582107828,2.8398320864653215e-05,63.93728315268504
mmv_matched_s9713,mmv_matched,9713,32,1100,40.6315922976024,4.870697694059345e-07,66.74321378775494
mmv_matched_s9713,mmv_matched,9713,32,1200,41.093345776733486,4.055603994856938e-07,66.734486518214
mmv_matched_s9713,mmv_matched,9713,32,1300,40.10937693423878,7.157620416364807e-07,65.5492408033706
mmv_matched_s9713,mmv_matched,9713,32,1400,39.819815046749056,9.298738063989731e-07,64.81613840873752
mmv_matched_s9713,mmv_matched,9713,32,1500,38.666398435266736,3.7067627545184223e-06,63.712049060499
mmv_matched_s9713,mmv_matched,9713,32,1600,40.79513898642488,3.978889822064957e-07,66.09547558175791
mmv_matched_s9713,mmv_matched,9713,32,1700,40.05832326762485,5.098444489703979e-06,64.527991401201
mmv_matched_s9713,mmv_matched,9713,32,1800,39.121054458593065,3.1472613954974804e-06,63.4024360907371
mmv_matched_s9713,mmv_matched,9713,32,1900,39.909660317857224,4.7919411372276954e-06,64.4862011332848
mmv_matched_s9713,mmv_matched,9713,32,2000,39.35294503497663,3.0413607419177424e-06,64.01212766216821
mmv_matched_s9713,mmv_matched,9713,32,2100,39.59720953809424,6.723748356307624e-06,64.85606144361691
mmv_matched_s9713,mmv_matched,9713,32,2200,38.57398705407057,4.190072104393039e-06,64.62149152145957
mmv_matched_s9713,mmv_matched,9713,32,2300,39.94993808412002,9.381375889461196e-07,65.6402107659278
mmv_matched_s9713,mmv_matched,9713,32,2400,39.18033711618656,1.597761183802504e-06,65.7116174950429
mmv_matched_s9713,mmv_matched,9713,32,2500,38.367059000161326,7.84218282205984e-05,64.87048022494128
mmv_matched_s9713,mmv_matched,9713,32,2600,40.43190105867134,6.311223614829942e-07,67.70197456460181
mmv_matched_s9713,mmv_matched,9713,32,2700,38.88681248178846,6.348850729409605e-05,64.90096423134841
mmv_matched_s9713,mmv_matched,9713,32,2800,37.580648205415464,2.2872509362059645e-05,63.82888219003678
mmv_matched_s9713,mmv_matched,9713,32,2900,39.50818193249026,1.196248376800213e-05,66.31786178964933
mmv_matched_s9713,mmv_matched,9713,32,3000,39.92166174900935,4.421898665896151e-06,67.2408932760527
mmv_matched_s9713,mmv_matched,9713,32,3100,38.13717750407268,3.876288246829063e-05,64.6537187068111
mmv_matched_s9713,mmv_matched,9713,32,3200,39.0463723742433,3.6666075175162405e-05,65.97072268695274
mmv_matched_s9713,mmv_matched,9713,32,3300,38.784218089456985,3.90414243156556e-06,65.57400972564346
mmv_matched_s9713,mmv_matched,9713,32,3400,39.48502503866543,2.6371856165496865e-06,65.79579763376205
mmv_matched_s9713,mmv_matched,9713,32,3500,38.40556566446968,4.906713729724288e-05,63.804499179672504
mmv_matched_s9713,mmv_matched,9713,32,3600,39.56249890191579,4.652807547245175e-06,65.66245284148681
mmv_matched_s9713,mmv_matched,9713,32,3700,37.795688849800115,4.896941845800029e-06,64.47781136515005
mmv_matched_s9713,mmv_matched,9713,32,3800,39.26387540253896,1.4736280718352646e-05,66.56125786410257
mmv_matched_s9713,mmv_matched,9713,32,3900,40.765903607270175,5.379252456805261e-07,67.3729457036493
mmv_matched_s9713,mmv_matched,9713,33,0,36.668576955484944,0.0006256247870624065,58.73932102822414
mmv_matched_s9713,mmv_matched,9713,33,100,38.894117104871754,2.099281800838071e-06,62.89416624661112
mmv_matched_s9713,mmv_matched,9713,33,200,40.10209867868394,4.833893399336375e-06,64.52451381381559
mmv_matched_s9713,mmv_matched,9713,33,300,41.38334698792714,7.147159521991853e-07,65.3873651048525
mmv_matched_s9713,mmv_matched,9713,33,400,38.818867741826324,4.2198895243927836e-05,62.05730709011323
mmv_matched_s9713,mmv_matched,9713,33,500,38.83621466575604,1.696966683084611e-05,62.218820427780884
mmv_matched_s9713,mmv_matched,9713,33,600,38.34163034329755,4.577604340738617e-05,62.17891939907918
mmv_matched_s9713,mmv_matched,9713,33,700,40.657901151225005,4.4252374209463596e-07,65.39782132852906
mmv_matched_s9713,mmv_matched,9713,33,800,37.29099222231712,0.00012333581980783492,61.78867024780902
mmv_matched_s9713,mmv_matched,9713,33,900,40.70115892115472,1.8689254375203745e-06,65.62729969386942
mmv_matched_s9713,mmv_matched,9713,33,1000,38.93848845319143,3.052592546737287e-06,63.888357658914174
mmv_matched_s9713,mmv_matched,9713,33,1100,37.62012818365054,7.446016388712451e-05,62.896334713219176
mmv_matched_s9713,mmv_matched,9713,33,1200,38.87005718395156,1.7606609617359936e-05,65.49617233752588
mmv_matched_s9713,mmv_matched,9713,33,1300,40.36885637300127,6.054657433196553e-07,67.84518543679314
mmv_matched_s9713,mmv_matched,9713,33,1400,39.475313886678926,1.6979822248686105e-05,66.19350179212006
mmv_matched_s9713,mmv_matched,9713,33,1500,38.845669389562765,6.437207048293203e-05,65.02152611251063
mmv_matched_s9713,mmv_matched,9713,33,1600,40.05534273258553,2.4081477931758855e-06,66.20394105917353
mmv_matched_s9713,mmv_matched,9713,33,1700,38.57991744196727,1.4142391592031345e-05,64.73544256950026
mmv_matched_s9713,mmv_matched,9713,33,1800,38.67893347949128,2.527911192373722e-06,65.40820363314322
mmv_matched_s9713,mmv_matched,9713,33,1900,39.577536509408105,1.7097515865316382e-06,66.20498911211871
mmv_matched_s9713,mmv_matched,9713,33,2000,38.811384806582346,4.731040826300159e-05,64.20305675167128
mmv_matched_s9713,mmv_matched,9713,33,2100,38.2116921520432,5.510097980732098e-05,64.2785577739105
mmv_matched_s9713,mmv_matched,9713,33,2200,38.47331150941695,2.920231781899929e-05,64.78869663017576
mmv_matched_s9713,mmv_matched,9713,33,2300,39.690549073057625,3.6961978366889525e-06,66.45980129188456
mmv_matched_s9713,mmv_matched,9713,33,2400,39.71128195007673,1.0439201787448837e-06,66.81888897360147
mmv_matched_s9713,mmv_matched,9713,33,2500,38.426651041905835,5.7024150009965524e-05,64.77496297124162
mmv_matched_s9713,mmv_matched,9713,33,2600,38.56095061759774,2.533283350203419e-06,65.31980676681826
mmv_matched_s9713,mmv_matched,9713,33,2700,39.0108514625347,5.562269507208839e-06,66.0722282415204
mmv_matched_s9713,mmv_matched,9713,33,2800,40.08546045139176,1.8654308178156498e-06,67.26326460731798
mmv_matched_s9713,mmv_matched,9713,33,2900,40.7039428992058,9.693319498182973e-07,66.99251451589544
mmv_matched_s9713,mmv_matched,9713,33,3000,39.34817024745246,1.4930537872714922e-06,64.74168358352836
mmv_matched_s9713,mmv_matched,9713,33,3100,38.034995424810795,3.191316136508249e-05,63.46267420980621
mmv_matched_s9713,mmv_matched,9713,33,3200,37.54767271114463,0.00011600693687796593,62.93146319065636
mmv_matched_s9713,mmv_matched,9713,33,3300,39.33045164721324,3.8102407415863127e-05,65.15551341700302
mmv_matched_s9713,mmv_matched,9713,33,3400,40.56308871112772,2.2513456769956974e-06,66.44034307136576
mmv_matched_s9713,mmv_matched,9713,33,3500,39.7946248988967,1.1169679510203423e-06,65.45154352814234
mmv_matched_s9713,mmv_matched,9713,33,3600,39.74539055730169,1.0100682175107067e-06,65.40298183650695
mmv_matched_s9713,mmv_matched,9713,33,3700,40.03955364718706,9.534035143587971e-07,65.54144743617144
mmv_matched_s9713,mmv_matched,9713,33,3800,38.9908583548104,1.972065365407616e-05,64.5828467065644
mmv_matched_s9713,mmv_matched,9713,33,3900,39.850509207702956,1.0151004516956164e-06,65.99056334589841
mmv_matched_s9713,mmv_matched,9713,34,0,36.668576955484944,0.0006256247870624065,58.73932102822414
mmv_matched_s9713,mmv_matched,9713,34,100,40.2461913709486,7.76181536821241e-07,63.70153313818684
mmv_matched_s9713,mmv_matched,9713,34,200,37.148054567631995,0.00013565347762778401,61.00135011605859
mmv_matched_s9713,mmv_matched,9713,34,300,38.341447235316394,6.307066360022873e-05,63.17554662882253
mmv_matched_s9713,mmv_matched,9713,34,400,40.20535251312532,2.956878688564757e-06,65.42149772029461
mmv_matched_s9713,mmv_matched,9713,34,500,37.79888441329962,9.91702254395932e-05,62.531335462808556
mmv_matched_s9713,mmv_matched,9713,34,600,38.043852198073964,4.965444986737566e-06,63.41954219177444
mmv_matched_s9713,mmv_matched,9713,34,700,39.900827793113095,9.256494308829133e-07,65.75408013330707
mmv_matched_s9713,mmv_matched,9713,34,800,38.93585475798736,3.491383267828496e-06,65.29304218128345
mmv_matched_s9713,mmv_matched,9713,34,900,38.29765978086752,9.13271214812994e-05,64.81219707970507
mmv_matched_s9713,mmv_matched,9713,34,1000,39.207775180241896,6.271578058658633e-06,66.0387777669871
mmv_matched_s9713,mmv_matched,9713,34,1100,39.75478885197185,3.3751107366697397e-06,66.24926402845449
mmv_matched_s9713,mmv_matched,9713,34,1200,38.92365800599566,1.0756184565252624e-05,64.99298360325247
mmv_matched_s9713,mmv_matched,9713,34,1300,37.0402467178674,0.00015777902444824576,63.9127902910725
mmv_matched_s9713,mmv_matched,9713,34,1400,39.71027058277152,5.358923772291746e-06,67.21153073220694
mmv_matched_s9713,mmv_matched,9713,34,1500,39.21149544037523,3.921740426449105e-05,65.89707280097991
mmv_matched_s9713,mmv_matched,9713,34,1600,39.428636025380314,6.0559232224477455e-06,66.38144041608075
mmv_matched_s9713,mmv_matched,9713,34,1700,40.13103200122094,7.367038961092476e-07,67.3041800114919
mmv_matched_s9713,mmv_matched,9713,34,1800,39.612254433593534,6.925951311131939e-06,66.27524608078056
mmv_matched_s9713,mmv_matched,9713,34,1900,38.996820558557545,3.226652552257292e-06,65.30277557072635
mmv_matched_s9713,mmv_matched,9713,34,2000,40.38783869636692,2.0583772766258335e-06,66.12280768816186
mmv_matched_s9713,mmv_matched,9713,34,2100,38.06558244149468,5.3999494411982596e-05,63.405964165466486
mmv_matched_s9713,mmv_matched,9713,34,2200,38.32763293577209,3.623271913966164e-05,64.30927894117451
mmv_matched_s9713,mmv_matched,9713,34,2300,38.19492030207697,6.782648597436491e-06,64.9371207086649
mmv_matched_s9713,mmv_matched,9713,34,2400,38.20093912820951,9.561728802509606e-05,64.65941470797134
mmv_matched_s9713,mmv_matched,9713,34,2500,39.32579997978436,1.4067803704165271e-06,66.85357811359017
mmv_matched_s9713,mmv_matched,9713,34,2600,39.70734478657421,1.248766238859389e-05,66.41372446637592
mmv_matched_s9713,mmv_matched,9713,34,2700,38.94623651675324,9.567233973939437e-06,65.76754245533812
mmv_matched_s9713,mmv_matched,9713,34,2800,38.61217764188729,7.127659046091139e-06,65.21078260206195
mmv_matched_s9713,mmv_matched,9713,34,2900,38.678839800530774,5.63747962587513e-05,64.6783236413271
mmv_matched_s9713,mmv_matched,9713,34,3000,40.338782493366395,7.462887197107193e-07,66.19065456936869
mmv_matched_s9713,mmv_matched,9713,34,3100,40.24733215816764,1.0220567219221266e-06,65.5732972941164
mmv_matched_s9713,mmv_matched,9713,34,3200,40.631349160612885,1.9201208942831727e-06,65.00407242260539
mmv_matched_s9713,mmv_matched,9713,34,3300,40.477123374368354,2.9546690711867996e-06,64.20886283833488
mmv_matched_s9713,mmv_matched,9713,34,3400,38.1481707496228,5.781515937997028e-06,61.854139869780965
mmv_matched_s9713,mmv_matched,9713,34,3500,38.48892321080882,1.8577411537989974e-05,63.118775736409646
mmv_matched_s9713,mmv_matched,9713,34,3600,38.634188169659716,2.138544459739933e-06,64.03380803436107
mmv_matched_s9713,mmv_matched,9713,34,3700,37.718726366927406,5.399467045208439e-05,63.5116901491449
mmv_matched_s9713,mmv_matched,9713,34,3800,40.79209755263773,5.687848556590325e-07,66.78419650883006
mmv_matched_s9713,mmv_matched,9713,34,3900,40.485494820675754,6.017799591973017e-07,65.67120066118014
mmv_matched_s9713,mmv_matched,9713,35,0,36.668576955484944,0.0006256247870624065,58.73932102822414
mmv_matched_s9713,mmv_matched,9713,35,100,40.30459793562805,7.737723990430823e-07,63.208620227478946
mmv_matched_s9713,mmv_matched,9713,35,200,37.75004725640394,9.34958370635286e-05,60.73683179146724
mmv_matched_s9713,mmv_matched,9713,35,300,39.21147716363138,1.714530981189455e-06,63.2911012636373
mmv_matched_s9713,mmv_matched,9713,35,400,38.085285231422844,4.839344182983041e-05,62.621347845969865
mmv_matched_s9713,mmv_matched,9713,35,500,40.38311090959884,1.2210468867124291e-06,64.89204105364752
mmv_matched_s9713,mmv_matched,9713,35,600,38.50362415367174,2.1480914256244432e-06,63.21047346108844
mmv_matched_s9713,mmv_matched,9713,35,700,38.91247652870997,3.7897585571045056e-05,64.35745942538642
mmv_matched_s9713,mmv_matched,9713,35,800,39.00342230102894,2.0302572920627426e-06,65.0132233852006
mmv_matched_s9713,mmv_matched,9713,35,900,37.96427061248508,9.989576210500672e-05,64.21465188597085
mmv_matched_s9713,mmv_matched,9713,35,1000,40.200418834942305,9.162897640635492e-07,66.63619108704029
mmv_matched_s9713,mmv_matched,9713,35,1100,40.01176263372062,1.1938462193938904e-05,65.47316039032012
mmv_matched_s9713,mmv_matched,9713,35,1200,39.03460870887352,3.323418422951363e-05,64.20087945576057
mmv_matched_s9713,mmv_matched,9713,35,1300,39.23263203021572,1.3619536730402615e-05,64.43106171479644
mmv_matched_s9713,mmv_matched,9713,35,1400,39.81087033757334,1.6261947166640311e-06,65.04760631397949
mmv_matched_s9713,mmv_matched,9713,35,1500,39.04036034243589,1.2102378605050035e-05,63.84541266789188
mmv_matched_s9713,mmv_matched,9713,35,1600,38.48164441430503,1.4567121979780495e-05,63.88783173721481
mmv_matched_s9713,mmv_matched,9713,35,1700,39.36784717547971,4.186855221632868e-06,65.01415832343184
mmv_matched_s9713,mmv_matched,9713,35,1800,39.24651385275323,5.57862904315698e-06,64.62054374905404
mmv_matched_s9713,mmv_matched,9713,35,1900,38.29865868973572,9.809834409679752e-06,63.83455980246981
mmv_matched_s9713,mmv_matched,9713,35,2000,39.03094476865356,7.082014235493261e-06,64.64534762444737
mmv_matched_s9713,mmv_matched,9713,35,2100,39.78186668996727,7.36994479666464e-06,65.63936116236437
mmv_matched_s9713,mmv_matched,9713,35,2200,39.510096552521695,1.1742014976334758e-05,65.23448191645457
mmv_matched_s9713,mmv_matched,9713,35,2300,37.72249421945094,0.00011022757098544389,63.522155603949955
mmv_matched_s9713,mmv_matched,9713,35,2400,39.94689854226226,1.0631382565406966e-06,66.41682359835409
mmv_matched_s9713,mmv_matched,9713,35,2500,38.76362833468597,5.781496838608291e-06,65.06558973841493
mmv_matched_s9713,mmv_matched,9713,35,2600,39.06925132870464,1.005332978820661e-05,64.91875222770852
mmv_matched_s9713,mmv_matched,9713,35,2700,40.584938907088336,9.67638470683596e-07,66.2788932612475
mmv_matched_s9713,mmv_matched,9713,35,2800,37.92579883431376,9.344167483504862e-05,63.087727036567685
mmv_matched_s9713,mmv_matched,9713,35,2900,38.84228192742984,2.8135196771472692e-05,64.47368759131905
mmv_matched_s9713,mmv_matched,9713,35,3000,37.71556140681185,1.328847065451555e-05,63.73323500108154
mmv_matched_s9713,mmv_matched,9713,35,3100,39.801208856282926,5.438918378786184e-06,65.4506115164545
mmv_matched_s9713,mmv_matched,9713,35,3200,38.972227603936894,1.6777292330516502e-05,64.22232233642353
mmv_matched_s9713,mmv_matched,9713,35,3300,39.98262555476537,3.404055405553663e-06,65.0341520462598
mmv_matched_s9713,mmv_matched,9713,35,3400,39.98534867169029,9.739982488099486e-06,64.02321692594148
mmv_matched_s9713,mmv_matched,9713,35,3500,38.63096749825187,4.025961516163079e-06,62.889877320074675
mmv_matched_s9713,mmv_matched,9713,35,3600,38.04818789095878,4.8020388931035995e-05,62.68608066170236
mmv_matched_s9713,mmv_matched,9713,35,3700,40.11000310770845,1.7296918031206587e-06,65.84739393697669
mmv_matched_s9713,mmv_matched,9713,35,3800,37.6932011077098,0.00010834055137820542,63.25984824769557
mmv_matched_s9713,mmv_matched,9713,35,3900,39.59633474936642,2.2514861939271213e-06,65.1670397661428
mmv_matched_s9713,mmv_matched,9713,36,0,36.668576955484944,0.0006256247870624065,58.73932102822414
mmv_matched_s9713,mmv_matched,9713,36,100,40.67724313562388,5.246689624982537e-07,63.617455499073515
mmv_matched_s9713,mmv_matched,9713,36,200,40.00404519693175,6.517901738334331e-07,63.86113955839551
mmv_matched_s9713,mmv_matched,9713,36,300,38.068444263926146,7.29283201508224e-05,61.935786094606556
mmv_matched_s9713,mmv_matched,9713,36,400,39.50639602880894,1.7651334928814322e-05,64.09545970332283
mmv_matched_s9713,mmv_matched,9713,36,500,39.78410337299794,4.226975306664826e-06,64.60150822164856
mmv_matched_s9713,mmv_matched,9713,36,600,37.5979539688521,0.00011412221647333354,62.9559568867212
mmv_matched_s9713,mmv_matched,9713,36,700,38.650672796568514,4.95096037411713e-06,64.6228413627822
mmv_matched_s9713,mmv_matched,9713,36,800,38.52088678786251,3.0185783543856815e-05,64.7620625347663
mmv_matched_s9713,mmv_matched,9713,36,900,38.52974574985606,7.834806456230581e-05,64.29494118791627
mmv_matched_s9713,mmv_matched,9713,36,1000,37.71225426241914,9.861579746939242e-05,63.41166301978302
mmv_matched_s9713,mmv_matched,9713,36,1100,37.66195271802723,0.00011823393288068473,63.86284980976984
mmv_matched_s9713,mmv_matched,9713,36,1200,39.43170917482613,2.8776481485692784e-05,65.51664667209309
mmv_matched_s9713,mmv_matched,9713,36,1300,39.84337371554783,8.040015018195845e-06,65.53819072681813
mmv_matched_s9713,mmv_matched,9713,36,1400,39.983994747061,7.096201102285704e-07,66.12479069549408
mmv_matched_s9713,mmv_matched,9713,36,1500,39.18137972348764,1.1564367014216259e-05,65.12516817190999
mmv_matched_s9713,mmv_matched,9713,36,1600,39.42663354513003,1.5026421351649333e-06,65.85955955107829
mmv_matched_s9713,mmv_matched,9713,36,1700,41.180799827441085,3.1815682177693816e-07,67.13120640579746
mmv_matched_s9713,mmv_matched,9713,36,1800,38.77864820798319,2.3246766431839205e-06,64.64343299154007
mmv_matched_s9713,mmv_matched,9713,36,1900,40.15174084739268,7.595211286570702e-07,65.57473169972855
mmv_matched_s9713,mmv_matched,9713,36,2000,39.68566876870451,7.551101589342579e-06,64.82867026395093
mmv_matched_s9713,mmv_matched,9713,36,2100,38.276202301341215,3.126746605630615e-06,64.01395474836409
mmv_matched_s9713,mmv_matched,9713,36,2200,40.86655382597676,1.8285472833667882e-06,66.23459787542743
mmv_matched_s9713,mmv_matched,9713,36,2300,38.53858081688903,2.3325665097218007e-05,63.65708357215976
mmv_matched_s9713,mmv_matched,9713,36,2400,37.9538869994436,9.501109889242798e-05,63.15883758626592
mmv_matched_s9713,mmv_matched,9713,36,2500,39.271169933382744,1.8401842680759728e-05,64.86527828510316
mmv_matched_s9713,mmv_matched,9713,36,2600,39.55567014762296,1.320850606134627e-05,64.85086733570961
mmv_matched_s9713,mmv_matched,9713,36,2700,37.233125043376994,0.00012770712783094496,62.24237083513117
mmv_matched_s9713,mmv_matched,9713,36,2800,39.10312775019308,3.882779765262967e-06,65.06147448791808
mmv_matched_s9713,mmv_matched,9713,36,2900,39.365827616397766,1.3081300494377501e-05,64.73653398821625
mmv_matched_s9713,mmv_matched,9713,36,3000,39.852193954181054,2.379289298914955e-06,65.39707703880549
mmv_matched_s9713,mmv_matched,9713,36,3100,39.1485884642533,3.2050389563664794e-05,64.76673434584882
mmv_matched_s9713,mmv_matched,9713,36,3200,37.63420645190284,8.451606845483184e-05,63.67961224144619
mmv_matched_s9713,mmv_matched,9713,36,3300,37.170306127553644,0.00015858752885833383,64.06362428140255
mmv_matched_s9713,mmv_matched,9713,36,3400,39.39701339646583,1.776525459717959e-05,66.21087953332585
mmv_matched_s9713,mmv_matched,9713,36,3500,40.28704908282397,1.0408059551991755e-06,67.03428855669472
mmv_matched_s9713,mmv_matched,9713,36,3600,37.58836931987126,0.00012195879389764741,63.793554010987464
mmv_matched_s9713,mmv_matched,9713,36,3700,40.212283836529274,4.797357178176753e-06,66.82944233497551
mmv_matched_s9713,mmv_matched,9713,36,3800,38.784047755705686,7.314363756449893e-06,65.36571093073644
mmv_matched_s9713,mmv_matched,9713,36,3900,41.064558911405655,1.5968103070918005e-06,67.17700177352754
mmv_matched_s9713,mmv_matched,9713,37,0,36.668576955484944,0.0006256247870624065,58.73932102822414
mmv_matched_s9713,mmv_matched,9713,37,100,38.745753597455675,2.223957835667534e-06,62.596620897333196
mmv_matched_s9713,mmv_matched,9713,37,200,39.947959881752524,1.1715875416484778e-06,64.28175806512081
mmv_matched_s9713,mmv_matched,9713,37,300,37.775068779172415,0.00010084013047162443,62.60278050077103
mmv_matched_s9713,mmv_matched,9713,37,400,38.3737583836394,1.873249129857868e-05,64.08049250206977
mmv_matched_s9713,mmv_matched,9713,37,500,37.317121446339165,1.6153724573086947e-05,63.976470847341716
mmv_matched_s9713,mmv_matched,9713,37,600,38.07823505646476,0.00010451448906678706,65.01940653961003
mmv_matched_s9713,mmv_matched,9713,37,700,39.02693414331251,5.923605203861371e-05,65.57740713259409
mmv_matched_s9713,mmv_matched,9713,37,800,38.17579443357519,4.688749868364539e-06,64.98995017247171
mmv_matched_s9713,mmv_matched,9713,37,900,41.43203181341463,2.543126242926519e-07,67.68887450381453
mmv_matched_s9713,mmv_matched,9713,37,1000,40.351412108168255,5.99895543018647e-07,65.28834980534339
mmv_matched_s9713,mmv_matched,9713,37,1100,38.3966883554807,4.7134439228102565e-05,62.969896316925315
mmv_matched_s9713,mmv_matched,9713,37,1200,38.73283608813701,4.114494367968291e-05,63.866330627839034
mmv_matched_s9713,mmv_matched,9713,37,1300,39.9928455689285,2.478119995430461e-06,65.2477009353579
mmv_matched_s9713,mmv_matched,9713,37,1400,39.351524395463045,8.923118912207428e-06,63.95467902435939
mmv_matched_s9713,mmv_matched,9713,37,1500,40.58190983682653,4.5877050069975667e-07,65.69332063848742
mmv_matched_s9713,mmv_matched,9713,37,1600,40.47297588513312,2.98952181765344e-06,64.92356430249436
mmv_matched_s9713,mmv_matched,9713,37,1700,40.37609767900443,5.374691909310059e-07,65.2383528723758
mmv_matched_s9713,mmv_matched,9713,37,1800,40.26040527913983,5.529286681849044e-07,64.99397157092699
mmv_matched_s9713,mmv_matched,9713,37,1900,37.95080405501264,7.777678547427058e-05,62.35022784992134
mmv_matched_s9713,mmv_matched,9713,37,2000,37.66547029030421,9.389208571519703e-05,62.68429982489215
mmv_matched_s9713,mmv_matched,9713,37,2100,39.48696624527859,9.270492228097282e-06,64.88890526537216
mmv_matched_s9713,mmv_matched,9713,37,2200,38.33702881496566,2.1380390535341576e-05,63.78475775729885
mmv_matched_s9713,mmv_matched,9713,37,2300,37.1741851008972,0.00013996245979797095,63.14974696057925
mmv_matched_s9713,mmv_matched,9713,37,2400,40.03522504826095,8.609755468569347e-07,66.42946140814752
mmv_matched_s9713,mmv_matched,9713,37,2500,39.58610236533706,4.971263479092158e-06,65.59144017046447
mmv_matched_s9713,mmv_matched,9713,37,2600,39.111357796263434,2.8914568247273564e-05,65.00376776668054
mmv_matched_s9713,mmv_matched,9713,37,2700,38.73347573231897,1.642133793211542e-05,64.75083456960601
mmv_matched_s9713,mmv_matched,9713,37,2800,38.99057089104176,7.31594718672568e-06,64.9448252186155
mmv_matched_s9713,mmv_matched,9713,37,2900,38.59797392684681,3.132688107143622e-06,64.02382816969725
mmv_matched_s9713,mmv_matched,9713,37,3000,41.087992639276564,1.291380385737284e-06,66.0014468944573
mmv_matched_s9713,mmv_matched,9713,37,3100,39.78140673859999,3.685079036586103e-06,64.96769293372245
mmv_matched_s9713,mmv_matched,9713,37,3200,39.68902953997487,5.310043889039662e-06,64.90054489075894
mmv_matched_s9713,mmv_matched,9713,37,3300,38.61772657228905,5.565987066802336e-06,63.723511444400174
mmv_matched_s9713,mmv_matched,9713,37,3400,39.04621193144238,2.3103489183995407e-06,65.06030047910463
mmv_matched_s9713,mmv_matched,9713,37,3500,41.12410232492076,3.287042318333988e-07,66.60521413697421
mmv_matched_s9713,mmv_matched,9713,37,3600,38.72150328900676,2.946626636912697e-06,63.995914497727426
mmv_matched_s9713,mmv_matched,9713,37,3700,38.66128353073736,6.498212314909324e-05,64.39606286932894
mmv_matched_s9713,mmv_matched,9713,37,3800,39.83201735954174,6.217223017301876e-06,66.07816143574519
mmv_matched_s9713,mmv_matched,9713,37,3900,39.04978490387707,5.776702892035246e-06,65.23939501888526
mmv_matched_s9713,mmv_matched,9713,38,0,36.668576955484944,0.0006256247870624065,58.73932102822414
mmv_matched_s9713,mmv_matched,9713,38,100,37.78287232767507,3.633541928138584e-05,62.237942682905214
mmv_matched_s9713,mmv_matched,9713,38,200,41.156430829383005,3.260623770984239e-07,66.33944740903917
mmv_matched_s9713,mmv_matched,9713,38,300,38.440656181207295,3.5841942008119076e-05,63.65834792886244
mmv_matched_s9713,mmv_matched,9713,38,400,39.35473376935683,1.3770210216534906e-06,64.9412148534791
mmv_matched_s9713,mmv_matched,9713,38,500,37.53126701177194,0.00011521361011546105,62.922264459765074
mmv_matched_s9713,mmv_matched,9713,38,600,37.57638986686027,0.00012406462337821722,63.48847788868579
mmv_matched_s9713,mmv_matched,9713,38,700,39.068653012557284,2.4239407139248215e-06,65.49655615577922
mmv_matched_s9713,mmv_matched,9713,38,800,39.7899954554755,9.40464269660879e-06,65.02368571975012
mmv_matched_s9713,mmv_matched,9713,38,900,38.364304896612424,6.906400085426867e-05,63.499668948933504
mmv_matched_s9713,mmv_matched,9713,38,1000,37.83752315729802,3.9149650547187775e-05,63.60413374456212
mmv_matched_s9713,mmv_matched,9713,38,1100,37.84491145561377,0.00011130525672342628,63.721194052662554
mmv_matched_s9713,mmv_matched,9713,38,1200,38.94912819333189,1.7017551726894453e-05,64.95941682991088
mmv_matched_s9713,mmv_matched,9713,38,1300,38.508183746685674,3.5978606319986284e-05,64.1770917334452
mmv_matched_s9713,mmv_matched,9713,38,1400,39.41867808757256,4.03915109927766e-05,64.29168476954692
mmv_matched_s9713,mmv_matched,9713,38,1500,39.30661987352134,8.900598913896829e-06,64.67020391387541
mmv_matched_s9713,mmv_matched,9713,38,1600,37.59846983582111,0.00011019075463991612,63.283554077745976
mmv_matched_s9713,mmv_matched,9713,38,1700,37.68949023375161,7.573798939120024e-05,63.95929654957308
mmv_matched_s9713,mmv_matched,9713,38,1800,37.35580125613007,8.611864177510142e-05,64.16757056720735
mmv_matched_s9713,mmv_matched,9713,38,1900,39.94260714194703,1.1381260947018745e-06,67.13616473026855
mmv_matched_s9713,mmv_matched,9713,38,2000,40.60867443977729,1.184036932500021e-06,66.54032579221962
mmv_matched_s9713,mmv_matched,9713,38,2100,41.8729634074381,1.340395954230189e-07,66.71925150397192
mmv_matched_s9713,mmv_matched,9713,38,2200,39.87104949389106,9.024848282024323e-07,63.82113669762606
mmv_matched_s9713,mmv_matched,9713,38,2300,40.38100235086197,2.0076568034710363e-06,64.23562424660486
mmv_matched_s9713,mmv_matched,9713,38,2400,39.643380884538125,2.7181104087503627e-06,63.5450172618273
mmv_matched_s9713,mmv_matched,9713,38,2500,41.10199324152029,2.688940412554075e-07,64.87050930560372
mmv_matched_s9713,mmv_matched,9713,38,2600,40.604963893640296,1.8048212950816378e-06,63.80097021615341
mmv_matched_s9713,mmv_matched,9713,38,2700,37.94081506469677,7.630346226505935e-05,61.03995782259949
mmv_matched_s9713,mmv_matched,9713,38,2800,38.05818070404984,7.619141979375854e-05,61.87870102648708
mmv_matched_s9713,mmv_matched,9713,38,2900,37.732899228412684,1.2727826288028155e-05,62.74369316485968
mmv_matched_s9713,mmv_matched,9713,38,3000,41.18705002379216,3.1523984489467693e-07,66.39307732418911
mmv_matched_s9713,mmv_matched,9713,38,3100,39.84719017731948,1.6218678865698166e-05,63.769838692022404
mmv_matched_s9713,mmv_matched,9713,38,3200,38.24336652338739,7.13412300683558e-05,62.59190460873015
mmv_matched_s9713,mmv_matched,9713,38,3300,38.70490469067969,1.9697643438121304e-05,63.30601824887083
mmv_matched_s9713,mmv_matched,9713,38,3400,39.32581020102692,3.846873369184323e-06,64.17346051892218
mmv_matched_s9713,mmv_matched,9713,38,3500,39.68556165837961,7.98261862655636e-06,64.27751005104619
mmv_matched_s9713,mmv_matched,9713,38,3600,40.46105531589453,7.867129738770018e-07,65.3190755571344
mmv_matched_s9713,mmv_matched,9713,38,3700,38.0377631462007,6.154546281322837e-05,62.78588390431287
mmv_matched_s9713,mmv_matched,9713,38,3800,38.58229015475773,1.6051631973823532e-05,64.01413352380769
mmv_matched_s9713,mmv_matched,9713,38,3900,40.33108879024206,6.396546723408392e-07,65.67891061891214
mmv_matched_s9713,mmv_matched,9713,39,0,36.668576955484944,0.0006256247870624065,58.73932102822414
mmv_matched_s9713,mmv_matched,9713,39,100,39.57687567673324,1.4876085515425075e-05,63.31877840972169
mmv_matched_s9713,mmv_matched,9713,39,200,39.1070728087204,3.199611228410504e-06,63.26752013652185
mmv_matched_s9713,mmv_matched,9713,39,300,39.67161966147915,1.5139481774895103e-06,64.00147089092113
mmv_matched_s9713,mmv_matched,9713,39,400,38.8258435460838,1.8410738675811444e-06,63.46512084181313
mmv_matched_s9713,mmv_matched,9713,39,500,39.176348416662364,1.8562566765467636e-05,64.12030034528027
mmv_matched_s9713,mmv_matched,9713,39,600,38.37703870855906,4.3699426896637306e-05,64.00527264774928
mmv_matched_s9713,mmv_matched,9713,39,700,38.25105481170311,1.7402673620381393e-05,63.98223706170211
mmv_matched_s9713,mmv_matched,9713,39,800,38.916675611397146,2.019761723204283e-06,65.05654636763984
mmv_matched_s9713,mmv_matched,9713,39,900,39.73339461152324,1.279517391594709e-06,66.08668432286231
mmv_matched_s9713,mmv_matched,9713,39,1000,39.60060534716288,1.8163868844567332e-06,65.57606252596952
mmv_matched_s9713,mmv_matched,9713,39,1100,39.24310093226978,2.152288652723655e-05,65.02211456528812
mmv_matched_s9713,mmv_matched,9713,39,1200,40.0979950614926,3.989930064562941e-06,66.39301003753235
mmv_matched_s9713,mmv_matched,9713,39,1300,39.56084143403766,2.6396003249828937e-06,66.20236698157436
mmv_matched_s9713,mmv_matched,9713,39,1400,39.81764215113228,2.92840923066251e-06,66.0143777039201
mmv_matched_s9713,mmv_matched,9713,39,1500,38.8352175607018,1.6175088603631593e-05,64.95650031185687
mmv_matched_s9713,mmv_matched,9713,39,1600,40.811003676418615,4.108187852125411e-07,67.10667601618309
mmv_matched_s9713,mmv_matched,9713,39,1700,38.21259353717008,3.629449929576367e-05,64.15897071378686
mmv_matched_s9713,mmv_matched,9713,39,1800,39.53332779317599,1.1445000609455747e-06,66.04471107743916
mmv_matched_s9713,mmv_matched,9713,39,1900,40.290655277920926,6.778880106139695e-07,66.38182238065792
mmv_matched_s9713,mmv_matched,9713,39,2000,39.60534113478594,3.2098375868372386e-06,65.32959964115366
mmv_matched_s9713,mmv_matched,9713,39,2100,38.9360417888231,6.060384748707293e-06,64.80143122067724
mmv_matched_s9713,mmv_matched,9713,39,2200,40.51423563727434,1.7331296930933604e-06,66.29293451680314
mmv_matched_s9713,mmv_matched,9713,39,2300,38.02601913282456,3.108470264123753e-05,63.01069090369862
mmv_matched_s9713,mmv_matched,9713,39,2400,38.41590770678784,1.4378742889675777e-05,64.12620943426441
mmv_matched_s9713,mmv_matched,9713,39,2500,38.26146928431961,7.744204776827246e-05,64.28006516008645
mmv_matched_s9713,mmv_matched,9713,39,2600,39.109654494225985,1.4056105101190042e-05,65.75999956959095
mmv_matched_s9713,mmv_matched,9713,39,2700,38.21033820930792,6.941692845430225e-06,64.18914795383125
mmv_matched_s9713,mmv_matched,9713,39,2800,39.27707034274601,1.9815247469523456e-06,65.68386169258883
mmv_matched_s9713,mmv_matched,9713,39,2900,37.3727910839107,0.0001327467616647482,63.59803558602971
mmv_matched_s9713,mmv_matched,9713,39,3000,40.183017289531094,9.5806035460555e-07,66.92242583538825
mmv_matched_s9713,mmv_matched,9713,39,3100,39.56510992221981,1.8586844817036763e-05,65.23847914060116
mmv_matched_s9713,mmv_matched,9713,39,3200,38.167162314090604,4.871296368946787e-06,64.18133822540676
mmv_matched_s9713,mmv_matched,9713,39,3300,40.352055968399796,8.782529903328395e-07,66.65452665332396
mmv_matched_s9713,mmv_matched,9713,39,3400,39.47970890406447,2.3217380658024922e-05,64.81026066014243
mmv_matched_s9713,mmv_matched,9713,39,3500,40.634477387933984,1.8885860981754377e-06,65.98973735733489
mmv_matched_s9713,mmv_matched,9713,39,3600,39.80120006441503,8.542338036932051e-07,64.81857578577444
mmv_matched_s9713,mmv_matched,9713,39,3700,40.037288044491525,6.949206294848409e-07,64.98021518379392
mmv_matched_s9713,mmv_matched,9713,39,3800,39.50944206003707,2.5552712941134814e-06,64.28859853878566
mmv_matched_s9713,mmv_matched,9713,39,3900,37.40422680750245,0.0001129251322709024,62.18708650118333
mmv_matched_s9713,mmv_matched,9713,40,0,36.668576955484944,0.0006256247870624065,58.73932102822414
mmv_matched_s9713,mmv_matched,9713,40,100,41.122023851819534,1.2189341305202106e-06,64.07532171114372
mmv_matched_s9713,mmv_matched,9713,40,200,38.142887261713874,7.623415149282664e-05,61.131844972299064
mmv_matched_s9713,mmv_matched,9713,40,300,38.8338740797067,1.1991009159828536e-05,62.488718669895206
mmv_matched_s9713,mmv_matched,9713,40,400,39.848106180589355,7.078627959344885e-07,63.78548101882461
mmv_matched_s9713,mmv_matched,9713,40,500,39.14981283995912,9.350318578071892e-06,63.20303427269516
mmv_matched_s9713,mmv_matched,9713,40,600,38.01649016090882,7.059841300360858e-05,62.32072944851035
mmv_matched_s9713,mmv_matched,9713,40,700,39.63384030283254,2.217880137322936e-06,65.30878529186322
mmv_matched_s9713,mmv_matched,9713,40,800,38.425683404711314,2.8156555345049128e-05,63.7705208329312
mmv_matched_s9713,mmv_matched,9713,40,900,38.87777576810362,1.0276366083417088e-05,64.30892634931809
mmv_matched_s9713,mmv_matched,9713,40,1000,40.487916385649,5.411693564383313e-07,66.5983934766582
mmv_matched_s9713,mmv_matched,9713,40,1100,40.5732641087823,1.0075257250719005e-06,66.29820274451959
mmv_matched_s9713,mmv_matched,9713,40,1200,37.13581012897853,0.00013885820226278156,62.867653577248575
mmv_matched_s9713,mmv_matched,9713,40,1300,40.38935847478551,3.4303088796150405e-06,66.60400005396187
mmv_matched_s9713,mmv_matched,9713,40,1400,39.563695077190225,3.5740774819714716e-06,65.58565382792267
mmv_matched_s9713,mmv_matched,9713,40,1500,39.05778236692488,2.0638349269574974e-06,65.60849034345438
mmv_matched_s9713,mmv_matched,9713,40,1600,39.30867139268974,1.2570585568028037e-06,66.3718646051384
mmv_matched_s9713,mmv_matched,9713,40,1700,38.641472341345846,2.4317454517586157e-05,65.29744945080711
mmv_matched_s9713,mmv_matched,9713,40,1800,39.6059604090142,8.143480954458937e-06,66.6641969659886
mmv_matched_s9713,mmv_matched,9713,40,1900,39.017868740762225,1.793724368326366e-05,65.12864103122911
mmv_matched_s9713,mmv_matched,9713,40,2000,39.13828708265941,1.971956589841284e-05,65.58352143276852
mmv_matched_s9713,mmv_matched,9713,40,2100,38.87264465440172,5.6682724789425265e-06,65.08765461802932
mmv_matched_s9713,mmv_matched,9713,40,2200,39.95350826203044,3.0302387585834367e-06,65.98597000192012
mmv_matched_s9713,mmv_matched,9713,40,2300,38.42015064473893,3.1212683097692207e-05,64.33569803905152
mmv_matched_s9713,mmv_matched,9713,40,2400,37.38637550321778,9.985992801375687e-05,63.59048261857606
mmv_matched_s9713,mmv_matched,9713,40,2500,40.769765754338664,5.287145086185774e-07,67.30603109489664
mmv_matched_s9713,mmv_matched,9713,40,2600,39.1803390451998,4.561205969366711e-06,65.44190667701469
mmv_matched_s9713,mmv_matched,9713,40,2700,38.37584653427996,2.7723775929189287e-05,64.6845122494783
mmv_matched_s9713,mmv_matched,9713,40,2800,41.096049849480394,3.723518773313117e-07,67.5823305978206
mmv_matched_s9713,mmv_matched,9713,40,2900,38.78339638192339,5.814196811115835e-06,64.46634039980108
mmv_matched_s9713,mmv_matched,9713,40,3000,37.66944985893397,0.00011083744175266474,63.2319450779039
mmv_matched_s9713,mmv_matched,9713,40,3100,38.90308728790379,1.1893926057382487e-05,64.94972011875188
mmv_matched_s9713,mmv_matched,9713,40,3200,39.02756474565821,2.9105702196829952e-05,64.59622299471721
mmv_matched_s9713,mmv_matched,9713,40,3300,39.683635824495134,1.1278634701739065e-06,65.80837495590805
mmv_matched_s9713,mmv_matched,9713,40,3400,38.67655079608065,2.5563087547197938e-05,64.03760684266695
mmv_matched_s9713,mmv_matched,9713,40,3500,40.170046756218056,9.805081617741962e-07,65.58213636712844
mmv_matched_s9713,mmv_matched,9713,40,3600,41.02945857633125,3.507077792619384e-07,66.5737137454148
mmv_matched_s9713,mmv_matched,9713,40,3700,37.76286107023874,9.921228047460318e-05,62.71847996677468
mmv_matched_s9713,mmv_matched,9713,40,3800,38.23868808179207,8.325370436068624e-05,63.69834866318752
mmv_matched_s9713,mmv_matched,9713,40,3900,39.84006386636628,1.6234071154030971e-06,65.90753724326652
mmv_matched_s9713,mmv_matched,9713,41,0,36.668576955484944,0.0006256247870624065,58.73932102822414
mmv_matched_s9713,mmv_matched,9713,41,100,38.062681718312035,7.580256351502612e-06,61.89989851477412
mmv_matched_s9713,mmv_matched,9713,41,200,41.273190497499485,3.467255851319351e-07,65.87232632547375
mmv_matched_s9713,mmv_matched,9713,41,300,40.299644312344235,6.75577609854372e-07,64.80312590136607
mmv_matched_s9713,mmv_matched,9713,41,400,40.70773534501991,5.55621681996854e-07,65.23417733005135
mmv_matched_s9713,mmv_matched,9713,41,500,40.3456983944653,5.879206810277537e-07,64.27300159050174
mmv_matched_s9713,mmv_matched,9713,41,600,38.2362599300759,6.0327365645207465e-06,62.39623959991059
mmv_matched_s9713,mmv_matched,9713,41,700,37.931501829459414,2.8672438929788768e-05,63.0739846801539
mmv_matched_s9713,mmv_matched,9713,41,800,39.629070148198444,7.323795671254629e-06,64.74514023506072
mmv_matched_s9713,mmv_matched,9713,41,900,38.571041597516675,1.359174530080054e-05,63.73192486627727
mmv_matched_s9713,mmv_matched,9713,41,1000,40.37076619443347,1.8704404283198528e-06,65.75812485333336
mmv_matched_s9713,mmv_matched,9713,41,1100,38.80024263649863,4.408192035043612e-05,64.1025329625926
mmv_matched_s9713,mmv_matched,9713,41,1200,38.27135489377705,6.563182978425175e-05,64.11362289262388
mmv_matched_s9713,mmv_matched,9713,41,1300,40.05984015462399,1.1499835181894014e-06,66.11576373958769
mmv_matched_s9713,mmv_matched,9713,41,1400,38.49335655853004,7.70034093875438e-05,64.02640607595094
mmv_matched_s9713,mmv_matched,9713,41,1500,38.40058213276009,3.59219302481506e-06,63.961493096227514
mmv_matched_s9713,mmv_matched,9713,41,1600,40.26282006957316,1.0052756351797143e-06,66.46314507335455
mmv_matched_s9713,mmv_matched,9713,41,1700,39.4379564802431,2.4549581212340854e-06,64.88674859361663
mmv_matched_s9713,mmv_matched,9713,41,1800,40.02877827709382,8.262182745966129e-06,65.01487145977308
mmv_matched_s9713,mmv_matched,9713,41,1900,39.499415554133854,3.7749782677565236e-06,65.18060527827402
mmv_matched_s9713,mmv_matched,9713,41,2000,39.75000578946702,6.65441575620207e-06,65.07341704398095
mmv_matched_s9713,mmv_matched,9713,41,2100,39.15103899115092,1.260784870282805e-06,65.01908706656911
mmv_matched_s9713,mmv_matched,9713,41,2200,37.5630268924584,0.00011124736920464784,63.439079108595024
mmv_matched_s9713,mmv_matched,9713,41,2300,39.375147386777854,2.091745045618154e-05,64.61476469306888
mmv_matched_s9713,mmv_matched,9713,41,2400,39.74102520140591,1.077856950360001e-06,64.94473610805107
mmv_matched_s9713,mmv_matched,9713,41,2500,39.041597320791205,3.257580829085782e-06,63.68639526221796
mmv_matched_s9713,mmv_matched,9713,41,2600,40.7339760297315,4.268366069481999e-07,66.06981726446793
mmv_matched_s9713,mmv_matched,9713,41,2700,41.413282117503975,4.160933713137638e-07,65.40138109735842
mmv_matched_s9713,mmv_matched,9713,41,2800,40.36679075782791,6.164283945508942e-07,63.07132079253188
mmv_matched_s9713,mmv_matched,9713,41,2900,40.608632167524725,8.104609605652513e-07,62.68261274237352
mmv_matched_s9713,mmv_matched,9713,41,3000,39.20635649177368,1.433360102964798e-05,61.27476505995082
mmv_matched_s9713,mmv_matched,9713,41,3100,39.094859913004626,4.092114068043884e-06,62.1735343359187
mmv_matched_s9713,mmv_matched,9713,41,3200,40.0774094971793,6.799496077292133e-07,64.55244909958992
mmv_matched_s9713,mmv_matched,9713,41,3300,40.18871611942398,2.4331015993084293e-06,64.71335793619255
mmv_matched_s9713,mmv_matched,9713,41,3400,39.87071137795029,1.3128698810760397e-05,64.12930526419564
mmv_matched_s9713,mmv_matched,9713,41,3500,39.25423744770086,1.3452216762743774e-06,64.09150683724238
mmv_matched_s9713,mmv_matched,9713,41,3600,40.94442207859842,3.424519832151418e-07,66.20247692197341
mmv_matched_s9713,mmv_matched,9713,41,3700,40.4228212803223,6.280582738327212e-07,65.02607604410832
mmv_matched_s9713,mmv_matched,9713,41,3800,39.43785486063334,4.106354936084244e-06,64.01382482116173
mmv_matched_s9713,mmv_matched,9713,41,3900,39.01845163546905,1.005898229777813e-05,63.92087666427392
mmw_s9711,mmw,9711,30,0,36.668576955484944,0.0006256247870624065,58.73932102822414
mmw_s9711,mmw,9711,30,100,40.85518183352434,0.0,44.205483132764215
mmw_s9711,mmw,9711,30,200,39.95669829899606,0.0,43.65728444441015
mmw_s9711,mmw,9711,30,300,42.09760527581181,0.0,45.182649787508126
mmw_s9711,mmw,9711,30,400,41.44766027983284,0.0,44.79653803027168
mmw_s9711,mmw,9711,30,500,40.464290718547154,0.0,44.05956204246786
mmw_s9711,mmw,9711,30,600,42.64565703226504,0.0,45.61392966803646
mmw_s9711,mmw,9711,30,700,41.279558101647964,0.0,44.69595883178317
mmw_s9711,mmw,9711,30,800,40.758312726900485,0.0,44.37654748522368
mmw_s9711,mmw,9711,30,900,40.485611613371795,0.0,44.41759910106373
mmw_s9711,mmw,9711,30,1000,41.08523882749784,0.0,44.24553829981164
mmw_s9711,mmw,9711,30,1100,40.46542638032748,0.0,43.954252517910845
mmw_s9711,mmw,9711,30,1200,42.7138798529195,0.0,45.56976702447946
mmw_s9711,mmw,9711,30,1300,40.78344035412164,0.0,44.51293176796537
mmw_s9711,mmw,9711,30,1400,41.43181188527006,0.0,44.64069003314978
mmw_s9711,mmw,9711,30,1500,43.153761785304326,0.0,45.88243944384544
mmw_s9711,mmw,9711,30,1600,42.297845092755914,0.0,45.44548642371228
mmw_s9711,mmw,9711,30,1700,37.99406751095346,0.0,42.428194834733176
mmw_s9711,mmw,9711,30,1800,41.24881715989147,0.0,44.59049539165653
mmw_s9711,mmw,9711,30,1900,42.9782562557297,0.0,45.81350588717669
mmw_s9711,mmw,9711,30,2000,40.47914024237124,0.0,44.31243796356688
mmw_s9711,mmw,9711,30,2100,39.5963706726947,0.0,43.469775035244766
mmw_s9711,mmw,9711,30,2200,40.59945881857899,0.0,44.127715938881806
mmw_s9711,mmw,9711,30,2300,40.17106586476747,0.0,44.00340821646054
mmw_s9711,mmw,9711,30,2400,40.74115065178668,0.0,44.41711187629005
mmw_s9711,mmw,9711,30,2500,42.57377268589635,0.0,45.36715329209369
mmw_s9711,mmw,9711,30,2600,40.81198113195577,0.0,44.59134634822476
mmw_s9711,mmw,9711,30,2700,41.047663784786224,0.0,44.514179362060304
mmw_s9711,mmw,9711,30,2800,40.29328151920683,0.0,44.08583221594199
mmw_s9711,mmw,9711,30,2900,42.37410646242826,0.0,45.336109218950014
mmw_s9711,mmw,9711,30,3000,39.301620647807695,0.0,43.547518437212375
mmw_s9711,mmw,9711,30,3100,40.67217893813288,0.0,44.297375707127685
mmw_s9711,mmw,9711,30,3200,40.73154054702846,0.0,44.319201362040474
mmw_s9711,mmw,9711,30,3300,41.13244395834055,0.0,44.73578675917656
mmw_s9711,mmw,9711,30,3400,41.292391611865234,0.0,44.767794486554976
mmw_s9711,mmw,9711,30,3500,40.27741420838868,0.0,44.27891390907325
mmw_s9711,mmw,9711,30,3600,39.59654922753348,0.0,43.75942135978312
mmw_s9711,mmw,9711,30,3700,40.81056825312832,0.0,44.177007953582006
mmw_s9711,mmw,9711,30,3800,41.680927447921064,0.0,44.938799865095234
mmw_s9711,mmw,9711,30,3900,43.07562863525659,0.0,45.7498702188268
mmw_s9711,mmw,9711,31,0,36.668576955484944,0.0006256247870624065,58.73932102822414
mmw_s9711,mmw,9711,31,100,40.95311041241962,0.0,44.39151703369794
mmw_s9711,mmw,9711,31,200,39.90081371615308,0.0,43.797702085261335
mmw_s9711,mmw,9711,31,300,39.753726037582965,0.0,43.63133972196363
mmw_s9711,mmw,9711,31,400,42.28238813536963,0.0,45.04405602046768
mmw_s9711,mmw,9711,31,500,40.589365805450235,0.0,44.398705405134024
mmw_s9711,mmw,9711,31,600,39.810379633337675,0.0,43.611092880228426
mmw_s9711,mmw,9711,31,700,41.16214013129566,0.0,44.66450521171214
mmw_s9711,mmw,9711,31,800,39.991913818003866,0.0,43.7142095662648
mmw_s9711,mmw,9711,31,900,39.68889209725002,0.0,43.4301696465518
mmw_s9711,mmw,9711,31,1000,40.47354662497173,0.0,43.94017765609942
mmw_s9711,mmw,9711,31,1100,42.67810468818998,0.0,45.47524973965665
mmw_s9711,mmw,9711,31,1200,39.47705608126016,0.0,43.78419807822456
mmw_s9711,mmw,9711,31,1300,42.12135234073815,0.0,45.115037067215894
mmw_s9711,mmw,9711,31,1400,40.07154723513103,0.0,43.92565175494201
mmw_s9711,mmw,9711,31,1500,41.40458407591756,0.0,44.658926399219354
mmw_s9711,mmw,9711,31,1600,40.73468233297669,0.0,44.35780954948973
mmw_s9711,mmw,9711,31,1700,41.23045480871043,0.0,44.71731561972672
mmw_s9711,mmw,9711,31,1800,39.93293517312963,0.0,43.84401638520944
mmw_s9711,mmw,9711,31,1900,42.40235022793552,0.0,45.22963621993108
mmw_s9711,mmw,9711,31,2000,40.856738158378036,0.0,44.49598120622795
mmw_s9711,mmw,9711,31,2100,41.83412727606354,0.0,45.086193366894804
mmw_s9711,mmw,9711,31,2200,40.584646653039805,0.0,44.398611358772996
mmw_s9711,mmw,9711,31,2300,40.13726578412882,0.0,43.983434512664644
mmw_s9711,mmw,9711,31,2400,42.96821010459595,0.0,45.75621286091109
mmw_s9711,mmw,9711,31,2500,42.32418031858938,0.0,45.3380610713607
mmw_s9711,mmw,9711,31,2600,42.67359224198117,0.0,45.50671912088268
mmw_s9711,mmw,9711,31,2700,39.440054322011754,0.0,43.58111773333212
mmw_s9711,mmw,9711,31,2800,41.347577018406405,0.0,44.67430684767737
mmw_s9711,mmw,9711,31,2900,41.75661954431202,0.0,44.86197187286302
mmw_s9711,mmw,9711,31,3000,40.32921725733616,0.0,44.01281855663058
mmw_s9711,mmw,9711,31,3100,42.29971771971908,0.0,45.24769267086299
mmw_s9711,mmw,9711,31,3200,42.55465387621566,0.0,45.547935749784756
mmw_s9711,mmw,9711,31,3300,42.14055596875009,0.0,45.296234927396654
mmw_s9711,mmw,9711,31,3400,40.23198357178311,0.0,44.02374586885958
mmw_s9711,mmw,9711,31,3500,39.89398535331261,0.0,43.768386977485534
mmw_s9711,mmw,9711,31,3600,40.04812804747395,0.0,43.85239082085536
mmw_s9711,mmw,9711,31,3700,40.83438445504794,0.0,44.387324913280736
mmw_s9711,mmw,9711,31,3800,41.74515365417635,0.0,44.85838159431887
mmw_s9711,mmw,9711,31,3900,38.52820929182753,0.0,42.85627691806167
mmw_s9711,mmw,9711,32,0,36.668576955484944,0.0006256247870624065,58.73932102822414
mmw_s9711,mmw,9711,32,100,40.32625752940204,0.0,43.81208940178257
mmw_s9711,mmw,9711,32,200,42.19984531725457,0.0,45.28684328007557
mmw_s9711,mmw,9711,32,300,40.10622658295728,0.0,43.745511129448914
mmw_s9711,mmw,9711,32,400,42.04431701506611,0.0,45.28274691204206
mmw_s9711,mmw,9711,32,500,41.845793626692,0.0,44.77025092337635
mmw_s9711,mmw,9711,32,600,41.72483308719427,0.0,44.771429968705434
mmw_s9711,mmw,9711,32,700,40.06980152945939,0.0,43.864887518675914
mmw_s9711,mmw,9711,32,800,41.78317767335759,0.0,44.88608303996466
mmw_s9711,mmw,9711,32,900,41.778326973689204,0.0,45.157662173649896
mmw_s9711,mmw,9711,32,1000,39.78104370243671,0.0,43.58852019539381
mmw_s9711,mmw,9711,32,1100,42.288517111775306,0.0,45.182669880693766
mmw_s9711,mmw,9711,32,1200,42.847498533932445,0.0,45.6187381116066
mmw_s9711,mmw,9711,32,1300,41.74916027496094,0.0,44.910705742816845
mmw_s9711,mmw,9711,32,1400,41.498840703829444,0.0,44.83041414791694
mmw_s9711,mmw,9711,32,1500,40.22630643941702,0.0,43.9731363700148
mmw_s9711,mmw,9711,32,1600,42.51994575504505,0.0,45.371059691106666
mmw_s9711,mmw,9711,32,1700,41.84367645067397,0.0,45.15302408107323
mmw_s9711,mmw,9711,32,1800,40.776291784020806,0.0,44.442018389315535
mmw_s9711,mmw,9711,32,1900,41.62773501779901,0.0,44.897593860356665
mmw_s9711,mmw,9711,32,2000,41.00714971346838,0.0,44.523995754539555
mmw_s9711,mmw,9711,32,2100,41.2282626237728,0.0,44.55288704399527
mmw_s9711,mmw,9711,32,2200,39.77632202014982,0.0,43.40996704019841
mmw_s9711,mmw,9711,32,2300,41.61042631986026,0.0,44.9142444523427
mmw_s9711,mmw,9711,32,2400,40.44400073818757,0.0,43.80784596580713
mmw_s9711,mmw,9711,32,2500,39.930021504891215,0.0,43.89297376879472
mmw_s9711,mmw,9711,32,2600,41.96790378814755,0.0,44.86944144756785
mmw_s9711,mmw,9711,32,2700,40.62624422576582,0.0,44.52265767154381
mmw_s9711,mmw,9711,32,2800,38.977330947522354,0.0,43.17985191720845
mmw_s9711,mmw,9711,32,2900,41.11845303920001,0.0,44.51974037268087
mmw_s9711,mmw,9711,32,3000,41.423152189368246,0.0,44.56804556131783
mmw_s9711,mmw,9711,32,3100,39.67597918087374,0.0,43.769379981675684
mmw_s9711,mmw,9711,32,3200,40.60383657704576,0.0,44.19340064320636
mmw_s9711,mmw,9711,32,3300,40.3139066735054,0.0,44.086346667701946
mmw_s9711,mmw,9711,32,3400,41.16457829073088,0.0,44.632426673301666
mmw_s9711,mmw,9711,32,3500,40.087580877308824,0.0,44.13894999367244
mmw_s9711,mmw,9711,32,3600,41.11259994220136,0.0,44.43925163458698
mmw_s9711,mmw,9711,32,3700,38.81282561271042,0.0,42.75674019303824
mmw_s9711,mmw,9711,32,3800,40.710784032065746,0.0,44.10584202484024
mmw_s9711,mmw,9711,32,3900,42.48345632320809,0.0,45.47107176814916
mmw_s9711,mmw,9711,33,0,36.668576955484944,0.0006256247870624065,58.73932102822414
mmw_s9711,mmw,9711,33,100,39.980600024839234,0.0,43.5372680341743
mmw_s9711,mmw,9711,33,200,41.81842620534633,0.0,45.00270610178127
mmw_s9711,mmw,9711,33,300,43.17638924317203,0.0,45.84102383870402
mmw_s9711,mmw,9711,33,400,40.605622137316544,0.0,44.491205486740455
mmw_s9711,mmw,9711,33,500,40.53281353542411,0.0,44.35510221475715
mmw_s9711,mmw,9711,33,600,40.02633636333741,0.0,43.993940785597715
mmw_s9711,mmw,9711,33,700,42.33311173941639,0.0,45.21656925579316
mmw_s9711,mmw,9711,33,800,38.777926475817125,0.0,43.167451298313836
mmw_s9711,mmw,9711,33,900,42.46849371408228,0.0,45.39578849567374
mmw_s9711,mmw,9711,33,1000,40.47250318085518,0.0,44.07651205138063
mmw_s9711,mmw,9711,33,1100,39.068779485423605,0.0,43.25734098080875
mmw_s9711,mmw,9711,33,1200,40.15531020738527,0.0,43.6188927534364
mmw_s9711,mmw,9711,33,1300,41.80930337396158,0.0,44.67549540937898
mmw_s9711,mmw,9711,33,1400,41.16145559677041,0.0,44.65653760495957
mmw_s9711,mmw,9711,33,1500,40.56314271527973,0.0,44.455285677137454
mmw_s9711,mmw,9711,33,1600,41.73659362745421,0.0,44.94605168467638
mmw_s9711,mmw,9711,33,1700,40.048226144919,0.0,43.75168185051916
mmw_s9711,mmw,9711,33,1800,40.04433419695522,0.0,43.74319362893448
mmw_s9711,mmw,9711,33,1900,41.19642055068121,0.0,44.61328881254036
mmw_s9711,mmw,9711,33,2000,40.52843161095035,0.0,44.48265686869081
mmw_s9711,mmw,9711,33,2100,39.67802903759593,0.0,43.58650732361002
mmw_s9711,mmw,9711,33,2200,40.058130105271786,0.0,43.97511503521491
mmw_s9711,mmw,9711,33,2300,41.21449729973389,0.0,44.47775012827242
mmw_s9711,mmw,9711,33,2400,41.16210215725275,0.0,44.392466235549136
mmw_s9711,mmw,9711,33,2500,40.074416504596385,0.0,44.0708371022597
mmw_s9711,mmw,9711,33,2600,39.89685991209744,0.0,43.63312208766797
mmw_s9711,mmw,9711,33,2700,40.53170802754637,0.0,44.088765285953286
mmw_s9711,mmw,9711,33,2800,41.683267080382244,0.0,44.799697874614594
mmw_s9711,mmw,9711,33,2900,42.450209124058034,0.0,45.465218341603304
mmw_s9711,mmw,9711,33,3000,40.968438517094015,0.0,44.587853169992286
mmw_s9711,mmw,9711,33,3100,39.63245246456642,0.0,43.73417661195094
mmw_s9711,mmw,9711,33,3200,39.08521832595725,0.0,43.44285151244617
mmw_s9711,mmw,9711,33,3300,41.03283453131167,0.0,44.64165185359309
mmw_s9711,mmw,9711,33,3400,42.28200481327317,0.0,45.24933088548755
mmw_s9711,mmw,9711,33,3500,41.44061890737525,0.0,44.74842028346143
mmw_s9711,mmw,9711,33,3600,41.315021589054716,0.0,44.615361885691584
mmw_s9711,mmw,9711,33,3700,41.69926225359124,0.0,44.97576388743755
mmw_s9711,mmw,9711,33,3800,40.64142597161281,0.0,44.30668411579339
mmw_s9711,mmw,9711,33,3900,41.39564618032803,0.0,44.63824561158208
mmw_s9711,mmw,9711,34,0,36.668576955484944,0.0006256247870624065,58.73932102822414
mmw_s9711,mmw,9711,34,100,41.68048384658142,0.0,44.753210710170606
mmw_s9711,mmw,9711,34,200,38.585877316142955,0.0,43.07417567436323
mmw_s9711,mmw,9711,34,300,39.923736571574125,0.0,43.84260953736191
mmw_s9711,mmw,9711,34,400,41.927928697422374,0.0,45.05172357312222
mmw_s9711,mmw,9711,34,500,39.447254104213975,0.0,43.7004314506366
mmw_s9711,mmw,9711,34,600,39.39112740419733,0.0,43.37095466531878
mmw_s9711,mmw,9711,34,700,41.46247250223503,0.0,44.68493192873598
mmw_s9711,mmw,9711,34,800,40.319496656110275,0.0,43.8839792935612
mmw_s9711,mmw,9711,34,900,39.821333075387905,0.0,43.75293843434747
mmw_s9711,mmw,9711,34,1000,40.67102785761266,0.0,44.16889596319379
mmw_s9711,mmw,9711,34,1100,41.35289562390837,0.0,44.69603572949541
mmw_s9711,mmw,9711,34,1200,40.49300251613136,0.0,44.152476427022975
mmw_s9711,mmw,9711,34,1300,38.13195257625257,0.0,42.42181456332071
mmw_s9711,mmw,9711,34,1400,41.22324315448574,0.0,44.513146959801134
mmw_s9711,mmw,9711,34,1500,40.93954276705542,0.0,44.64547068541822
mmw_s9711,mmw,9711,34,1600,40.9658765500666,0.0,44.31523977680405
mmw_s9711,mmw,9711,34,1700,41.6290874121923,0.0,44.678212841369486
mmw_s9711,mmw,9711,34,1800,41.29217405323999,0.0,44.67988705495077
mmw_s9711,mmw,9711,34,1900,40.56137465981241,0.0,44.300447024921496
mmw_s9711,mmw,9711,34,2000,42.150350086037705,0.0,45.33712337942984
mmw_s9711,mmw,9711,34,2100,39.56068591495583,0.0,43.62380260172938
mmw_s9711,mmw,9711,34,2200,39.764530205279364,0.0,43.60383317753627
mmw_s9711,mmw,9711,34,2300,39.39462696106398,0.0,43.22024091592084
mmw_s9711,mmw,9711,34,2400,39.82827138147715,0.0,43.9155366583434
mmw_s9711,mmw,9711,34,2500,40.56385573927232,0.0,43.87590233958508
mmw_s9711,mmw,9711,34,2600,41.4451042483512,0.0,44.870768384619396
mmw_s9711,mmw,9711,34,2700,40.51905752389896,0.0,44.15876721541167
mmw_s9711,mmw,9711,34,2800,40.18168930983268,0.0,44.04408815284137
mmw_s9711,mmw,9711,34,2900,40.368260659240875,0.0,44.29774896955951
mmw_s9711,mmw,9711,34,3000,42.0651169258834,0.0,45.16704076788733
mmw_s9711,mmw,9711,34,3100,41.95300228033609,0.0,45.095643807340366
mmw_s9711,mmw,9711,34,3200,42.427720644729,0.0,45.49876613115521
mmw_s9711,mmw,9711,34,3300,42.28715147162798,0.0,45.39277054210697
mmw_s9711,mmw,9711,34,3400,39.67670813084876,0.0,43.69785333725258
mmw_s9711,mmw,9711,34,3500,39.96569686621808,0.0,43.7225912387222
mmw_s9711,mmw,9711,34,3600,39.983992343832526,0.0,43.70850271349951
mmw_s9711,mmw,9711,34,3700,39.07975107583539,0.0,43.17794940069143
mmw_s9711,mmw,9711,34,3800,42.509580855957815,0.0,45.42156383871816
mmw_s9711,mmw,9711,34,3900,42.19975157636797,0.0,45.31456802155287
mmw_s9711,mmw,9711,35,0,36.668576955484944,0.0006256247870624065,58.73932102822414
mmw_s9711,mmw,9711,35,100,41.86809939031396,0.0,45.03943228454477
mmw_s9711,mmw,9711,35,200,39.3208376349783,0.0,43.5538212192987
mmw_s9711,mmw,9711,35,300,40.79185719006247,0.0,44.27549032416209
mmw_s9711,mmw,9711,35,400,39.58194113581927,0.0,43.567865629561766
mmw_s9711,mmw,9711,35,500,42.14455694862465,0.0,45.32536875257915
mmw_s9711,mmw,9711,35,600,39.894019863082534,0.0,43.62149443800814
mmw_s9711,mmw,9711,35,700,40.4840489544022,0.0,44.10128920564455
mmw_s9711,mmw,9711,35,800,40.48627012541494,0.0,44.111108146817486
mmw_s9711,mmw,9711,35,900,39.436369698681524,0.0,43.47525077676164
mmw_s9711,mmw,9711,35,1000,41.86019197703783,0.0,44.98571663240182
mmw_s9711,mmw,9711,35,1100,41.78966219039038,0.0,45.161665825827185
mmw_s9711,mmw,9711,35,1200,40.76204768396958,0.0,44.42800332793172
mmw_s9711,mmw,9711,35,1300,40.95406035349674,0.0,44.53906225859578
mmw_s9711,mmw,9711,35,1400,41.52055596488272,0.0,44.848725349330834
mmw_s9711,mmw,9711,35,1500,40.74706514869469,0.0,44.41476910975223
mmw_s9711,mmw,9711,35,1600,39.95442190181225,0.0,43.755639341849474
mmw_s9711,mmw,9711,35,1700,41.01688347215317,0.0,44.50618180811006
mmw_s9711,mmw,9711,35,1800,40.86427105911511,0.0,44.43907314226112
mmw_s9711,mmw,9711,35,1900,39.82079848759592,0.0,43.78001335361387
mmw_s9711,mmw,9711,35,2000,40.61002939086671,0.0,44.25272184629421
mmw_s9711,mmw,9711,35,2100,41.40650763355869,0.0,44.646352252330985
mmw_s9711,mmw,9711,35,2200,41.18827916617339,0.0,44.628289751029115
mmw_s9711,mmw,9711,35,2300,39.264954058113176,0.0,43.465807846386724
mmw_s9711,mmw,9711,35,2400,41.52266824765343,0.0,44.67397109298918
mmw_s9711,mmw,9711,35,2500,40.3393524850771,0.0,44.10528544814298
mmw_s9711,mmw,9711,35,2600,40.68176864943889,0.0,44.329304543315175
mmw_s9711,mmw,9711,35,2700,42.330389518948444,0.0,45.331853057836724
mmw_s9711,mmw,9711,35,2800,39.55626834415255,0.0,43.748813158502344
mmw_s9711,mmw,9711,35,2900,40.47906740374665,0.0,44.18416294565304
mmw_s9711,mmw,9711,35,3000,39.06700796243968,0.0,43.20749997378425
mmw_s9711,mmw,9711,35,3100,41.49753637359962,0.0,44.93313296843894
mmw_s9711,mmw,9711,35,3200,40.6447627201524,0.0,44.381989978773845
mmw_s9711,mmw,9711,35,3300,41.752534034402856,0.0,45.09894736224942
mmw_s9711,mmw,9711,35,3400,41.80556213580742,0.0,45.21301583606544
mmw_s9711,mmw,9711,35,3500,40.181962313108,0.0,43.96922248477722
mmw_s9711,mmw,9711,35,3600,39.62309540551181,0.0,43.68989420647449
mmw_s9711,mmw,9711,35,3700,41.69917219881919,0.0,44.76667339393771
mmw_s9711,mmw,9711,35,3800,39.20350624183238,0.0,43.39912262335474
mmw_s9711,mmw,9711,35,3900,41.282129108729464,0.0,44.79806255077119
mmw_s9711,mmw,9711,36,0,36.668576955484944,0.0006256247870624065,58.73932102822414
mmw_s9711,mmw,9711,36,100,42.23733765711073,0.0,45.235490144168125
mmw_s9711,mmw,9711,36,200,41.560648911832715,0.0,44.63092253056561
mmw_s9711,mmw,9711,36,300,39.740463573927784,0.0,43.87736357493554
mmw_s9711,mmw,9711,36,400,41.23055125694656,0.0,44.66949108746962
mmw_s9711,mmw,9711,36,500,41.515614330628686,0.0,44.83579237128788
mmw_s9711,mmw,9711,36,600,39.02146144826104,0.0,43.18274968121864
mmw_s9711,mmw,9711,36,700,40.15045718948935,0.0,43.942211329586826
mmw_s9711,mmw,9711,36,800,40.01199282730992,0.0,43.805719317284854
mmw_s9711,mmw,9711,36,900,40.2361498334623,0.0,44.283609390012316
mmw_s9711,mmw,9711,36,1000,39.256887245390004,0.0,43.4496774484378
mmw_s9711,mmw,9711,36,1100,39.16738966193479,0.0,43.37526180745158
mmw_s9711,mmw,9711,36,1200,41.172869394459454,0.0,44.75523798221684
mmw_s9711,mmw,9711,36,1300,41.60935797310668,0.0,44.983538884765494
mmw_s9711,mmw,9711,36,1400,41.504887888402976,0.0,44.60313119235255
mmw_s9711,mmw,9711,36,1500,40.823729269971984,0.0,44.36383859597163
mmw_s9711,mmw,9711,36,1600,40.927926111271326,0.0,44.29465414693141
mmw_s9711,mmw,9711,36,1700,42.91862248680248,0.0,45.68654705488052
mmw_s9711,mmw,9711,36,1800,40.175062724222514,0.0,43.769785442045304
mmw_s9711,mmw,9711,36,1900,41.857463870422954,0.0,45.075516752446674
mmw_s9711,mmw,9711,36,2000,41.42794547912029,0.0,44.821565992024205
mmw_s9711,mmw,9711,36,2100,39.55842146892018,0.0,43.38362720682653
mmw_s9711,mmw,9711,36,2200,42.63568013612578,0.0,45.58213927579072
mmw_s9711,mmw,9711,36,2300,40.17993573880827,0.0,44.033422529322024
mmw_s9711,mmw,9711,36,2400,39.57616639790496,0.0,43.73152309537886
mmw_s9711,mmw,9711,36,2500,40.94994796928276,0.0,44.48223110728895
mmw_s9711,mmw,9711,36,2600,41.31866660400132,0.0,44.804790013409615
mmw_s9711,mmw,9711,36,2700,38.72754540148492,0.0,43.22194224494069
mmw_s9711,mmw,9711,36,2800,40.63424118438753,0.0,44.1918303705836
mmw_s9711,mmw,9711,36,2900,41.08563268147235,0.0,44.71805984686637
mmw_s9711,mmw,9711,36,3000,41.542454265478966,0.0,44.82639442893992
mmw_s9711,mmw,9711,36,3100,40.833948798292,0.0,44.41405375168176
mmw_s9711,mmw,9711,36,3200,38.95068774513493,0.0,43.089358402723065
mmw_s9711,mmw,9711,36,3300,38.42187016466784,0.0,42.78277686887941
mmw_s9711,mmw,9711,36,3400,41.095529343316336,0.0,44.69112154188497
mmw_s9711,mmw,9711,36,3500,41.96430206353714,0.0,45.102557330657746
mmw_s9711,mmw,9711,36,3600,39.10616503171772,0.0,43.40367901934965
mmw_s9711,mmw,9711,36,3700,41.914783452867965,0.0,45.03441623683625
mmw_s9711,mmw,9711,36,3800,40.26684892474618,0.0,43.95157748439033
mmw_s9711,mmw,9711,36,3900,42.80580094271139,0.0,45.67588578105324
mmw_s9711,mmw,9711,37,0,36.668576955484944,0.0006256247870624065,58.73932102822414
mmw_s9711,mmw,9711,37,100,39.801404964701895,0.0,43.42056244679236
mmw_s9711,mmw,9711,37,200,41.58725851187545,0.0,44.811365447314074
mmw_s9711,mmw,9711,37,300,39.30127776138815,0.0,43.429551618400865
mmw_s9711,mmw,9711,37,400,39.84959273098388,0.0,43.74905065554594
mmw_s9711,mmw,9711,37,500,38.35798526710394,0.0,42.551887340345274
mmw_s9711,mmw,9711,37,600,39.586213633220545,0.0,43.65212045993712
mmw_s9711,mmw,9711,37,700,40.752472530045196,0.0,44.538181291546834
mmw_s9711,mmw,9711,37,800,39.46932282072975,0.0,43.345196438153266
mmw_s9711,mmw,9711,37,900,43.18657398053023,0.0,45.87215700196907
mmw_s9711,mmw,9711,37,1000,42.06225993887648,0.0,45.28134569378972
mmw_s9711,mmw,9711,37,1100,40.10471692279617,0.0,44.10967542996204
mmw_s9711,mmw,9711,37,1200,40.370942166942434,0.0,44.158590805467384
mmw_s9711,mmw,9711,37,1300,41.73406419086005,0.0,45.02032686747566
mmw_s9711,mmw,9711,37,1400,41.07207778798192,0.0,44.615672763811915
mmw_s9711,mmw,9711,37,1500,42.29260978272931,0.0,45.186312964201306
mmw_s9711,mmw,9711,37,1600,42.27747028965302,0.0,45.32863267630273
mmw_s9711,mmw,9711,37,1700,42.036660484844866,0.0,45.03112827128416
mmw_s9711,mmw,9711,37,1800,41.94969286276316,0.0,45.031177658939214
mmw_s9711,mmw,9711,37,1900,39.5809272781896,0.0,43.75005233803995
mmw_s9711,mmw,9711,37,2000,39.17438963906339,0.0,43.38435307092254
mmw_s9711,mmw,9711,37,2100,41.18759139139807,0.0,44.64646260689608
mmw_s9711,mmw,9711,37,2200,39.85514544841606,0.0,43.777321350909915
mmw_s9711,mmw,9711,37,2300,38.47930912856716,0.0,42.80134446561297
mmw_s9711,mmw,9711,37,2400,41.62829408750745,0.0,44.83181052000839
mmw_s9711,mmw,9711,37,2500,41.30321870835156,0.0,44.70775651124109
mmw_s9711,mmw,9711,37,2600,40.7686543153796,0.0,44.346862101252555
mmw_s9711,mmw,9711,37,2700,40.2348414388321,0.0,43.98974862244086
mmw_s9711,mmw,9711,37,2800,40.64424291734831,0.0,44.377733758054546
mmw_s9711,mmw,9711,37,2900,40.13791395494889,0.0,44.05738161862382
mmw_s9711,mmw,9711,37,3000,42.873241327397395,0.0,45.72671752336055
mmw_s9711,mmw,9711,37,3100,41.44909982652169,0.0,44.718609794140775
mmw_s9711,mmw,9711,37,3200,41.332357622773635,0.0,44.65265485761097
mmw_s9711,mmw,9711,37,3300,40.22453616777237,0.0,44.06662381553906
mmw_s9711,mmw,9711,37,3400,40.35154286425321,0.0,43.81445667156743
mmw_s9711,mmw,9711,37,3500,42.87352699707346,0.0,45.67398933242794
mmw_s9711,mmw,9711,37,3600,40.18050437137099,0.0,43.890736498970455
mmw_s9711,mmw,9711,37,3700,40.29955935633779,0.0,44.11984172878476
mmw_s9711,mmw,9711,37,3800,41.45697844105581,0.0,44.704702667671086
mmw_s9711,mmw,9711,37,3900,40.517220997189476,0.0,44.0848808986043
mmw_s9711,mmw,9711,38,0,36.668576955484944,0.0006256247870624065,58.73932102822414
mmw_s9711,mmw,9711,38,100,38.50714463720811,0.0,42.38616694138295
mmw_s9711,mmw,9711,38,200,42.82984343712939,0.0,45.517296130783734
mmw_s9711,mmw,9711,38,300,39.88654443575553,0.0,43.65835356759089
mmw_s9711,mmw,9711,38,400,40.88754994640506,0.0,44.39451268865673
mmw_s9711,mmw,9711,38,500,39.02110891779724,0.0,43.29675304478633
mmw_s9711,mmw,9711,38,600,39.07672496167528,0.0,43.361101601288965
mmw_s9711,mmw,9711,38,700,40.597849545227724,0.0,44.193907669800865
mmw_s9711,mmw,9711,38,800,41.56778581887552,0.0,45.06036581671924
mmw_s9711,mmw,9711,38,900,40.03712133037678,0.0,43.994050378985776
mmw_s9711,mmw,9711,38,1000,39.33098262431876,0.0,43.461988200615
mmw_s9711,mmw,9711,38,1100,39.430730080901256,0.0,43.68981473974327
mmw_s9711,mmw,9711,38,1200,40.58505655716393,0.0,44.298449986971264
mmw_s9711,mmw,9711,38,1300,40.185682299633925,0.0,44.11397857327671
mmw_s9711,mmw,9711,38,1400,41.16551976161581,0.0,44.92130268793221
mmw_s9711,mmw,9711,38,1500,40.89127120532503,0.0,44.34352803615786
mmw_s9711,mmw,9711,38,1600,38.93663997799112,0.0,43.100983242691605
mmw_s9711,mmw,9711,38,1700,39.060142902375766,0.0,43.212918190246114
mmw_s9711,mmw,9711,38,1800,38.57941056668943,0.0,42.80875600725548
mmw_s9711,mmw,9711,38,1900,41.55750876386273,0.0,44.808052581841565
mmw_s9711,mmw,9711,38,2000,42.37876410385185,0.0,45.47482889556295
mmw_s9711,mmw,9711,38,2100,43.63894980071584,0.0,46.15603725423807
mmw_s9711,mmw,9711,38,2200,41.61211053474194,0.0,45.00036969612614
mmw_s9711,mmw,9711,38,2300,42.17386806452859,0.0,45.23511829136464
mmw_s9711,mmw,9711,38,2400,41.32690518797973,0.0,44.73352958658279
mmw_s9711,mmw,9711,38,2500,42.893733277317104,0.0,45.665049253638244
mmw_s9711,mmw,9711,38,2600,42.42057088988304,0.0,45.44594615924325
mmw_s9711,mmw,9711,38,2700,39.645172110793354,0.0,43.79696101413947
mmw_s9711,mmw,9711,38,2800,39.69135431624031,0.0,43.78385999987768
mmw_s9711,mmw,9711,38,2900,39.07773377482322,0.0,43.2003812098798
mmw_s9711,mmw,9711,38,3000,42.92707509113207,0.0,45.678025958649414
mmw_s9711,mmw,9711,38,3100,41.64884817563572,0.0,45.16341272297586
mmw_s9711,mmw,9711,38,3200,39.86107896062182,0.0,43.817146233278265
mmw_s9711,mmw,9711,38,3300,40.413377221487735,0.0,44.285403295553806
mmw_s9711,mmw,9711,38,3400,41.038143873702474,0.0,44.5879612434851
mmw_s9711,mmw,9711,38,3500,41.448081537045425,0.0,44.900078230147024
mmw_s9711,mmw,9711,38,3600,42.18971316435094,0.0,45.19370006207146
mmw_s9711,mmw,9711,38,3700,39.57766990009912,0.0,43.62856311014707
mmw_s9711,mmw,9711,38,3800,40.11405920564636,0.0,43.89611434980384
mmw_s9711,mmw,9711,38,3900,42.016913316019426,0.0,45.130903242061095
mmw_s9711,mmw,9711,39,0,36.668576955484944,0.0006256247870624065,58.73932102822414
mmw_s9711,mmw,9711,39,100,40.96712511452455,0.0,44.296780492306425
mmw_s9711,mmw,9711,39,200,40.723888392423525,0.0,44.27913512833675
mmw_s9711,mmw,9711,39,300,41.35517698909901,0.0,44.74272963769681
mmw_s9711,mmw,9711,39,400,40.31542296249966,0.0,43.97643087111646
mmw_s9711,mmw,9711,39,500,40.84266894395879,0.0,44.411622289570516
mmw_s9711,mmw,9711,39,600,39.831602437239745,0.0,43.59453317517864
mmw_s9711,mmw,9711,39,700,39.75699137003074,0.0,43.73458533562507
mmw_s9711,mmw,9711,39,800,40.34059304539868,0.0,43.9686418728711
mmw_s9711,mmw,9711,39,900,41.34629703043793,0.0,44.65368499250121
mmw_s9711,mmw,9711,39,1000,41.25294028332186,0.0,44.65532756125231
mmw_s9711,mmw,9711,39,1100,40.951795989505015,0.0,44.52239460598787
mmw_s9711,mmw,9711,39,1200,41.71300470533499,0.0,44.81086816481189
mmw_s9711,mmw,9711,39,1300,41.07143876654161,0.0,44.38441867329607
mmw_s9711,mmw,9711,39,1400,41.499645076544184,0.0,44.82436118452392
mmw_s9711,mmw,9711,39,1500,40.32640088102284,0.0,43.94996556395358
mmw_s9711,mmw,9711,39,1600,42.491129603067236,0.0,45.34247166270245
mmw_s9711,mmw,9711,39,1700,39.69715001454922,0.0,43.59731756963265
mmw_s9711,mmw,9711,39,1800,41.01360572694903,0.0,44.324198929516626
mmw_s9711,mmw,9711,39,1900,41.990024885132925,0.0,45.09430755119911
mmw_s9711,mmw,9711,39,2000,41.29598241761809,0.0,44.70481808210894
mmw_s9711,mmw,9711,39,2100,40.466294874608515,0.0,44.07485695697824
mmw_s9711,mmw,9711,39,2200,42.228069932219086,0.0,45.18987140717604
mmw_s9711,mmw,9711,39,2300,39.66302810340286,0.0,43.87546974897464
mmw_s9711,mmw,9711,39,2400,39.85890036027321,0.0,43.63163469422045
mmw_s9711,mmw,9711,39,2500,39.79501975443788,0.0,43.73075625160186
mmw_s9711,mmw,9711,39,2600,40.66731196119149,0.0,44.218546772131276
mmw_s9711,mmw,9711,39,2700,39.706705628915586,0.0,43.83649348100835
mmw_s9711,mmw,9711,39,2800,40.80032183522071,0.0,44.271134358019935
mmw_s9711,mmw,9711,39,2900,38.77931195359916,0.0,43.104743503603316
mmw_s9711,mmw,9711,39,3000,41.81393132075434,0.0,44.92126911016794
mmw_s9711,mmw,9711,39,3100,41.33501594033388,0.0,44.871201148087266
mmw_s9711,mmw,9711,39,3200,39.50526292430683,0.0,43.41575576614457
mmw_s9711,mmw,9711,39,3300,42.00036097197356,0.0,45.05087160329049
mmw_s9711,mmw,9711,39,3400,41.225439625194895,0.0,44.807756620870066
mmw_s9711,mmw,9711,39,3500,42.38316976957738,0.0,45.35360076323241
mmw_s9711,mmw,9711,39,3600,41.4388534043294,0.0,44.77403353734735
mmw_s9711,mmw,9711,39,3700,41.67842067965944,0.0,44.869807267526994
mmw_s9711,mmw,9711,39,3800,41.225957857877916,0.0,44.74443207832633
mmw_s9711,mmw,9711,39,3900,38.89795443551099,0.0,43.22659227207123
mmw_s9711,mmw,9711,40,0,36.668576955484944,0.0006256247870624065,58.73932102822414
mmw_s9711,mmw,9711,40,100,42.69046515904964,0.0,45.4751304845031
mmw_s9711,mmw,9711,40,200,39.83665883009177,0.0,43.964603260857075
mmw_s9711,mmw,9711,40,300,40.54576936730781,0.0,44.30020808303494
mmw_s9711,mmw,9711,40,400,41.48189399906392,0.0,44.74826082856862
mmw_s9711,mmw,9711,40,500,40.89412814719171,0.0,44.53994873302986
mmw_s9711,mmw,9711,40,600,39.615837089794375,0.0,43.709194259877734
mmw_s9711,mmw,9711,40,700,41.11517670889008,0.0,44.36061037028685
mmw_s9711,mmw,9711,40,800,40.060868266965194,0.0,43.997256636757356
mmw_s9711,mmw,9711,40,900,40.45955081553148,0.0,44.15140897877109
mmw_s9711,mmw,9711,40,1000,42.07129328294378,0.0,44.97212650392794
mmw_s9711,mmw,9711,40,1100,42.31385570305311,0.0,45.32230040362191
mmw_s9711,mmw,9711,40,1200,38.52295568105488,0.0,42.900848964895445
mmw_s9711,mmw,9711,40,1300,42.08694912467325,0.0,45.113139970375244
mmw_s9711,mmw,9711,40,1400,41.10183482147717,0.0,44.406933072238985
mmw_s9711,mmw,9711,40,1500,40.47923770228387,0.0,43.999370125606674
mmw_s9711,mmw,9711,40,1600,40.571869090071615,0.0,43.91959219334797
mmw_s9711,mmw,9711,40,1700,40.13407532385671,0.0,43.9033958781381
mmw_s9711,mmw,9711,40,1800,41.19604263704819,0.0,44.517178616059255
mmw_s9711,mmw,9711,40,1900,40.70647863985971,0.0,44.46586638917552
mmw_s9711,mmw,9711,40,2000,40.75442559160702,0.0,44.30234936713751
mmw_s9711,mmw,9711,40,2100,40.39251233758351,0.0,44.06243785117067
mmw_s9711,mmw,9711,40,2200,41.670143059150746,0.0,44.98490206987435
mmw_s9711,mmw,9711,40,2300,39.908730044674336,0.0,43.73638752310558
mmw_s9711,mmw,9711,40,2400,38.677029204432856,0.0,42.90665692515324
mmw_s9711,mmw,9711,40,2500,42.45640414772972,0.0,45.38014069638348
mmw_s9711,mmw,9711,40,2600,40.61044916387976,0.0,44.068793135207216
mmw_s9711,mmw,9711,40,2700,39.83546860399821,0.0,43.705985080405554
mmw_s9711,mmw,9711,40,2800,42.81297432448639,0.0,45.57126003844451
mmw_s9711,mmw,9711,40,2900,40.36134098286747,0.0,44.11615469329632
mmw_s9711,mmw,9711,40,3000,39.24263203514452,0.0,43.50454572431903
mmw_s9711,mmw,9711,40,3100,40.41287637655924,0.0,44.03026191907111
mmw_s9711,mmw,9711,40,3200,40.70686866770789,0.0,44.43387054380173
mmw_s9711,mmw,9711,40,3300,41.19565557684459,0.0,44.47888466153199
mmw_s9711,mmw,9711,40,3400,40.37303018758253,0.0,44.31104580413012
mmw_s9711,mmw,9711,40,3500,41.90483023105303,0.0,45.08657114728976
mmw_s9711,mmw,9711,40,3600,42.75138534386271,0.0,45.49781160117618
mmw_s9711,mmw,9711,40,3700,39.36246424642252,0.0,43.58638605981059
mmw_s9711,mmw,9711,40,3800,39.84003378654358,0.0,43.824844060253724
mmw_s9711,mmw,9711,40,3900,41.40947279653071,0.0,44.566189340071105
mmw_s9711,mmw,9711,41,0,36.668576955484944,0.0006256247870624065,58.73932102822414
mmw_s9711,mmw,9711,41,100,39.17058127928428,0.0,43.11781467892325
mmw_s9711,mmw,9711,41,200,42.973363048213464,0.0,45.608650839920784
mmw_s9711,mmw,9711,41,300,41.99301460011579,0.0,45.06522502911912
mmw_s9711,mmw,9711,41,400,42.4701867717575,0.0,45.38724259142168
mmw_s9711,mmw,9711,41,500,42.12328558305716,0.0,45.26343166002289
mmw_s9711,mmw,9711,41,600,39.7956468664777,0.0,43.80123863244307
mmw_s9711,mmw,9711,41,700,39.19172525853591,0.0,43.129345579089545
mmw_s9711,mmw,9711,41,800,41.36163119691319,0.0,44.82059545122178
mmw_s9711,mmw,9711,41,900,40.220992069878136,0.0,44.07686458363332
mmw_s9711,mmw,9711,41,1000,42.11239977977726,0.0,45.21804505172918
mmw_s9711,mmw,9711,41,1100,40.49008708989154,0.0,44.271603594386306
mmw_s9711,mmw,9711,41,1200,39.79520012331447,0.0,43.714876512691376
mmw_s9711,mmw,9711,41,1300,41.71591393204008,0.0,44.880250931736555
mmw_s9711,mmw,9711,41,1400,40.189481419746876,0.0,44.18744728443471
mmw_s9711,mmw,9711,41,1500,39.86778680951038,0.0,43.800030256560255
mmw_s9711,mmw,9711,41,1600,41.8314033643743,0.0,44.84964074563402
mmw_s9711,mmw,9711,41,1700,41.144329815941596,0.0,44.69520512572035
mmw_s9711,mmw,9711,41,1800,41.820141497018916,0.0,45.13394153915874
mmw_s9711,mmw,9711,41,1900,41.02731446218502,0.0,44.351050454569986
mmw_s9711,mmw,9711,41,2000,41.50721057804172,0.0,44.95743414741901
mmw_s9711,mmw,9711,41,2100,40.46807221672839,0.0,43.85935114566155
mmw_s9711,mmw,9711,41,2200,38.97221909173658,0.0,43.22068120126289
mmw_s9711,mmw,9711,41,2300,41.10732224629494,0.0,44.822379301115745
mmw_s9711,mmw,9711,41,2400,41.40868408284249,0.0,44.75063513144278
mmw_s9711,mmw,9711,41,2500,40.734046864633996,0.0,44.45674421034164
mmw_s9711,mmw,9711,41,2600,42.4044712768662,0.0,45.202281886921725
mmw_s9711,mmw,9711,41,2700,43.18301459433818,0.0,45.97133151526714
mmw_s9711,mmw,9711,41,2800,42.1578077757201,0.0,45.41135941176634
mmw_s9711,mmw,9711,41,2900,42.432360959990355,0.0,45.56250103709044
mmw_s9711,mmw,9711,41,3000,41.00176718880058,0.0,44.658202806112286
mmw_s9711,mmw,9711,41,3100,40.76469519212896,0.0,44.31583709160071
mmw_s9711,mmw,9711,41,3200,41.58249470920769,0.0,44.596871197259134
mmw_s9711,mmw,9711,41,3300,41.92739593989207,0.0,45.01832912610007
mmw_s9711,mmw,9711,41,3400,41.65781473043251,0.0,45.07134373400959
mmw_s9711,mmw,9711,41,3500,40.68110650779841,0.0,44.08922113532071
mmw_s9711,mmw,9711,41,3600,42.628864348182475,0.0,45.37231367040317
mmw_s9711,mmw,9711,41,3700,42.162228994213,0.0,45.282723881158745
mmw_s9711,mmw,9711,41,3800,41.015550600760406,0.0,44.424604013661565
mmw_s9711,mmw,9711,41,3900,40.595933770932106,0.0,44.179286971454985
mmw_s9712,mmw,9712,30,0,36.668576955484944,0.0006256247870624065,58.73932102822414
mmw_s9712,mmw,9712,30,100,33.33633813971655,0.0,36.03994684359145
mmw_s9712,mmw,9712,30,200,31.34642912180184,0.0,34.2073196002155
mmw_s9712,mmw,9712,30,300,32.744227582805095,0.0,35.072896655688965
mmw_s9712,mmw,9712,30,400,32.21943067550971,0.0,34.792872013127635
mmw_s9712,mmw,9712,30,500,31.431530935215335,0.0,34.199625054343414
mmw_s9712,mmw,9712,30,600,33.600993685838205,0.0,35.91840266074166
mmw_s9712,mmw,9712,30,700,32.47543250696343,0.0,35.11764890269097
mmw_s9712,mmw,9712,30,800,31.608440992481526,0.0,34.43375291284997
mmw_s9712,mmw,9712,30,900,31.568956585826985,0.0,34.707667558626554
mmw_s9712,mmw,9712,30,1000,32.05431736137355,0.0,34.410587428657266
mmw_s9712,mmw,9712,30,1100,31.522674302393877,0.0,34.17659644561695
mmw_s9712,mmw,9712,30,1200,33.28277108451605,0.0,35.44350476640466
mmw_s9712,mmw,9712,30,1300,31.95013750187214,0.0,34.91197471602658
mmw_s9712,mmw,9712,30,1400,32.15370474728258,0.0,34.58203251954046
mmw_s9712,mmw,9712,30,1500,34.0445298153797,0.0,36.162338789590194
mmw_s9712,mmw,9712,30,1600,33.66485913255334,0.0,36.18524618949732
mmw_s9712,mmw,9712,30,1700,30.00791052067006,0.0,33.53081494040816
mmw_s9712,mmw,9712,30,1800,31.939968002698123,0.0,34.51749277542717
mmw_s9712,mmw,9712,30,1900,34.02381190616345,0.0,36.23381890609403
mmw_s9712,mmw,9712,30,2000,31.772704310859037,0.0,34.83474189286676
mmw_s9712,mmw,9712,30,2100,30.91294190591738,0.0,33.92997531751348
mmw_s9712,mmw,9712,30,2200,31.513921337398507,0.0,34.219989714488406
mmw_s9712,mmw,9712,30,2300,31.266416121797086,0.0,34.23704879376646
mmw_s9712,mmw,9712,30,2400,31.578521088905493,0.0,34.453373702556746
mmw_s9712,mmw,9712,30,2500,32.976506455397754,0.0,35.04406652562602
mmw_s9712,mmw,9712,30,2600,31.971008622069967,0.0,34.995392333244126
mmw_s9712,mmw,9712,30,2700,31.878745905193878,0.0,34.55339248963082
mmw_s9712,mmw,9712,30,2800,31.365834379901194,0.0,34.330392499014465
mmw_s9712,mmw,9712,30,2900,32.86601658345836,0.0,35.131183837348544
mmw_s9712,mmw,9712,30,3000,30.6479363655056,0.0,34.005194731883904
mmw_s9712,mmw,9712,30,3100,31.773618447976745,0.0,34.56409370850088
mmw_s9712,mmw,9712,30,3200,31.60725611783684,0.0,34.38262429996121
mmw_s9712,mmw,9712,30,3300,32.00379695788937,0.0,34.84679820659119
mmw_s9712,mmw,9712,30,3400,32.16745821232312,0.0,34.881865050539545
mmw_s9712,mmw,9712,30,3500,31.570978190476414,0.0,34.775452249295995
mmw_s9712,mmw,9712,30,3600,30.84873945440974,0.0,34.15836744983039
mmw_s9712,mmw,9712,30,3700,31.722544723558748,0.0,34.280185721655926
mmw_s9712,mmw,9712,30,3800,32.27677454807086,0.0,34.77998681803092
mmw_s9712,mmw,9712,30,3900,33.64145318205905,0.0,35.64331870881256
mmw_s9712,mmw,9712,31,0,36.668576955484944,0.0006256247870624065,58.73932102822414
mmw_s9712,mmw,9712,31,100,33.73083911511388,0.0,36.55887553260527
mmw_s9712,mmw,9712,31,200,31.224058874012375,0.0,34.314753442435574
mmw_s9712,mmw,9712,31,300,30.922636674511082,0.0,33.94747940572961
mmw_s9712,mmw,9712,31,400,32.7324431564255,0.0,34.76956713144409
mmw_s9712,mmw,9712,31,500,31.611286937402184,0.0,34.62673411466187
mmw_s9712,mmw,9712,31,600,31.033206732471974,0.0,33.98099022904489
mmw_s9712,mmw,9712,31,700,31.926341301134936,0.0,34.646368056864276
mmw_s9712,mmw,9712,31,800,31.053972482327275,0.0,33.95941104834856
mmw_s9712,mmw,9712,31,900,31.00826259510024,0.0,33.88599783317477
mmw_s9712,mmw,9712,31,1000,31.498475316456563,0.0,34.13490461132824
mmw_s9712,mmw,9712,31,1100,33.075338206935584,0.0,35.16137949048107
mmw_s9712,mmw,9712,31,1200,30.98898347074909,0.0,34.45040667629746
mmw_s9712,mmw,9712,31,1300,32.64970758832206,0.0,34.903899124768344
mmw_s9712,mmw,9712,31,1400,31.15584870221665,0.0,34.16806594355762
mmw_s9712,mmw,9712,31,1500,32.13642828942875,0.0,34.592581790608165
mmw_s9712,mmw,9712,31,1600,31.613403593155546,0.0,34.40651477396983
mmw_s9712,mmw,9712,31,1700,32.0079297528316,0.0,34.722997313010296
mmw_s9712,mmw,9712,31,1800,31.03138539256465,0.0,34.08261266653744
mmw_s9712,mmw,9712,31,1900,32.79281914757563,0.0,34.88867161568487
mmw_s9712,mmw,9712,31,2000,31.794695267115426,0.0,34.64731419794691
mmw_s9712,mmw,9712,31,2100,32.8374693809135,0.0,35.347052348731836
mmw_s9712,mmw,9712,31,2200,31.8425855576088,0.0,34.88274163438996
mmw_s9712,mmw,9712,31,2300,31.241511700301896,0.0,34.250371611408355
mmw_s9712,mmw,9712,31,2400,33.70004638146509,0.0,35.85038009558957
mmw_s9712,mmw,9712,31,2500,33.19834733860325,0.0,35.51504404983905
mmw_s9712,mmw,9712,31,2600,33.40655530002175,0.0,35.550791972700154
mmw_s9712,mmw,9712,31,2700,30.926460952293926,0.0,34.21112017875231
mmw_s9712,mmw,9712,31,2800,31.996215504804027,0.0,34.575637581138835
mmw_s9712,mmw,9712,31,2900,32.301003868680965,0.0,34.659163440396014
mmw_s9712,mmw,9712,31,3000,31.327641989592237,0.0,34.17348288401172
mmw_s9712,mmw,9712,31,3100,32.81748393309911,0.0,35.01409156277805
mmw_s9712,mmw,9712,31,3200,33.635828013999195,0.0,35.97147092840396
mmw_s9712,mmw,9712,31,3300,33.282355516519104,0.0,35.77165539599264
mmw_s9712,mmw,9712,31,3400,31.581564715215457,0.0,34.54010934721532
mmw_s9712,mmw,9712,31,3500,31.032496673666074,0.0,34.05295115377294
mmw_s9712,mmw,9712,31,3600,31.06584508641892,0.0,34.02476443262151
mmw_s9712,mmw,9712,31,3700,31.687656235166923,0.0,34.4261790334258
mmw_s9712,mmw,9712,31,3800,32.3106903368679,0.0,34.660021433132215
mmw_s9712,mmw,9712,31,3900,30.12207820665984,0.0,33.54116751914944
mmw_s9712,mmw,9712,32,0,36.668576955484944,0.0006256247870624065,58.73932102822414
mmw_s9712,mmw,9712,32,100,32.74455433977791,0.0,35.57331115794523
mmw_s9712,mmw,9712,32,200,33.040832553596836,0.0,35.465828981871255
mmw_s9712,mmw,9712,32,300,31.41012378726272,0.0,34.205869058754644
mmw_s9712,mmw,9712,32,400,32.93880338693568,0.0,35.49808387103894
mmw_s9712,mmw,9712,32,500,32.547544636337506,0.0,34.71501973301679
mmw_s9712,mmw,9712,32,600,32.298192268923735,0.0,34.60760513668606
mmw_s9712,mmw,9712,32,700,31.290699461247403,0.0,34.21137209244938
mmw_s9712,mmw,9712,32,800,32.31382448272056,0.0,34.67118470280684
mmw_s9712,mmw,9712,32,900,32.73952402719983,0.0,35.43485697369988
mmw_s9712,mmw,9712,32,1000,31.02686655393341,0.0,34.00156415400329
mmw_s9712,mmw,9712,32,1100,32.69894335891695,0.0,34.85745347511306
mmw_s9712,mmw,9712,32,1200,33.34358054934595,0.0,35.4374835523638
mmw_s9712,mmw,9712,32,1300,32.54851657088642,0.0,34.941415327662526
mmw_s9712,mmw,9712,32,1400,32.404440348638786,0.0,34.959871987874976
mmw_s9712,mmw,9712,32,1500,31.307602505010966,0.0,34.202953367888725
mmw_s9712,mmw,9712,32,1600,32.92074341833454,0.0,35.05292082739243
mmw_s9712,mmw,9712,32,1700,32.829311584139745,0.0,35.43400031603437
mmw_s9712,mmw,9712,32,1800,32.012907191448676,0.0,34.87614081726656
mmw_s9712,mmw,9712,32,1900,32.31737785561387,0.0,34.83730444460343
mmw_s9712,mmw,9712,32,2000,31.89236815477059,0.0,34.604231494318995
mmw_s9712,mmw,9712,32,2100,31.902613875472536,0.0,34.4653855896845
mmw_s9712,mmw,9712,32,2200,31.19475275545807,0.0,33.96831654972357
mmw_s9712,mmw,9712,32,2300,32.406402194599245,0.0,34.9293478868733
mmw_s9712,mmw,9712,32,2400,31.60502561921629,0.0,34.15225682060395
mmw_s9712,mmw,9712,32,2500,30.93759983253421,0.0,34.05923485372341
mmw_s9712,mmw,9712,32,2600,32.45504450599439,0.0,34.623605524891616
mmw_s9712,mmw,9712,32,2700,31.770747941454978,0.0,34.905843964848685
mmw_s9712,mmw,9712,32,2800,30.43188602688028,0.0,33.73558014282821
mmw_s9712,mmw,9712,32,2900,31.759627033822706,0.0,34.395717791025845
mmw_s9712,mmw,9712,32,3000,32.0795034574125,0.0,34.46904179009334
mmw_s9712,mmw,9712,32,3100,30.963634074532365,0.0,34.195889247728246
mmw_s9712,mmw,9712,32,3200,31.419033367280843,0.0,34.2109454690285
mmw_s9712,mmw,9712,32,3300,31.339059583841514,0.0,34.26321975682322
mmw_s9712,mmw,9712,32,3400,31.923098791280353,0.0,34.601300106372854
mmw_s9712,mmw,9712,32,3500,31.398499573969954,0.0,34.63269453674559
mmw_s9712,mmw,9712,32,3600,31.899538339936583,0.0,34.43870513091838
mmw_s9712,mmw,9712,32,3700,30.643188350280226,0.0,33.690118319107796
mmw_s9712,mmw,9712,32,3800,31.52002928645626,0.0,34.141104107153524
mmw_s9712,mmw,9712,32,3900,33.16574138320518,0.0,35.4521088636111
mmw_s9712,mmw,9712,33,0,36.668576955484944,0.0006256247870624065,58.73932102822414
mmw_s9712,mmw,9712,33,100,32.545949018256124,0.0,35.40712750632889
mmw_s9712,mmw,9712,33,200,32.55236181255461,0.0,35.03472186392946
mmw_s9712,mmw,9712,33,300,33.979764596903486,0.0,36.03019749637383
mmw_s9712,mmw,9712,33,400,32.13394773196698,0.0,35.27351678488321
mmw_s9712,mmw,9712,33,500,31.89523124240865,0.0,34.930675646502095
mmw_s9712,mmw,9712,33,600,31.088886978340035,0.0,34.23076531136962
mmw_s9712,mmw,9712,33,700,32.78245476925161,0.0,34.93143381793561
mmw_s9712,mmw,9712,33,800,30.337848029820226,0.0,33.82046533428439
mmw_s9712,mmw,9712,33,900,32.925222902281696,0.0,35.173916213736675
mmw_s9712,mmw,9712,33,1000,31.54903426330681,0.0,34.31812268550664
mmw_s9712,mmw,9712,33,1100,30.443880997019896,0.0,33.74303966354569
mmw_s9712,mmw,9712,33,1200,31.25358648369425,0.0,33.933796551724754
mmw_s9712,mmw,9712,33,1300,32.366538064379455,0.0,34.50012891929387
mmw_s9712,mmw,9712,33,1400,31.877555832092145,0.0,34.59810463695703
mmw_s9712,mmw,9712,33,1500,31.646525318705265,0.0,34.777492878539306
mmw_s9712,mmw,9712,33,1600,32.442845591772276,0.0,34.90256411304132
mmw_s9712,mmw,9712,33,1700,31.16592317666029,0.0,34.036897909879144
mmw_s9712,mmw,9712,33,1800,31.20539627948829,0.0,34.04071202442424
mmw_s9712,mmw,9712,33,1900,31.927020118055285,0.0,34.5477192719984
mmw_s9712,mmw,9712,33,2000,31.99944969430193,0.0,35.19195918512969
mmw_s9712,mmw,9712,33,2100,30.871303277240575,0.0,33.9424426636042
mmw_s9712,mmw,9712,33,2200,31.02650132010299,0.0,34.10413402620051
mmw_s9712,mmw,9712,33,2300,31.952970246889933,0.0,34.42401793162264
mmw_s9712,mmw,9712,33,2400,31.955162852751247,0.0,34.38456395698245
mmw_s9712,mmw,9712,33,2500,31.12556974512893,0.0,34.29481797971857
mmw_s9712,mmw,9712,33,2600,31.181878644121575,0.0,34.046772672296356
mmw_s9712,mmw,9712,33,2700,31.363999134585228,0.0,34.116439462494554
mmw_s9712,mmw,9712,33,2800,32.21897721011297,0.0,34.58110003102274
mmw_s9712,mmw,9712,33,2900,33.17099736009945,0.0,35.49613153876908
mmw_s9712,mmw,9712,33,3000,32.371281206605495,0.0,35.20282824195351
mmw_s9712,mmw,9712,33,3100,30.825807873367282,0.0,34.07581389494817
mmw_s9712,mmw,9712,33,3200,30.486452971485487,0.0,33.95089571302469
mmw_s9712,mmw,9712,33,3300,31.826949849667002,0.0,34.69126378566489
mmw_s9712,mmw,9712,33,3400,32.83270258395425,0.0,35.113353166168
mmw_s9712,mmw,9712,33,3500,32.20628829930173,0.0,34.72796970247282
mmw_s9712,mmw,9712,33,3600,32.160098756605635,0.0,34.650928548377806
mmw_s9712,mmw,9712,33,3700,32.53279178724415,0.0,35.05014536157796
mmw_s9712,mmw,9712,33,3800,31.49108910329667,0.0,34.36084528352899
mmw_s9712,mmw,9712,33,3900,32.13641845659854,0.0,34.57915222863676
mmw_s9712,mmw,9712,34,0,36.668576955484944,0.0006256247870624065,58.73932102822414
mmw_s9712,mmw,9712,34,100,34.123906957412174,0.0,36.598634985033186
mmw_s9712,mmw,9712,34,200,30.518164066034526,0.0,34.127224067115094
mmw_s9712,mmw,9712,34,300,30.943767916344296,0.0,34.02966766983036
mmw_s9712,mmw,9712,34,400,32.42198680418151,0.0,34.81208537167129
mmw_s9712,mmw,9712,34,500,30.72120560554608,0.0,34.1058043791751
mmw_s9712,mmw,9712,34,600,30.863785684697792,0.0,33.94523303333267
mmw_s9712,mmw,9712,34,700,32.184093769649714,0.0,34.60367641485017
mmw_s9712,mmw,9712,34,800,31.39932679221252,0.0,34.125124457368656
mmw_s9712,mmw,9712,34,900,30.843824215948707,0.0,33.93317897358202
mmw_s9712,mmw,9712,34,1000,31.605182596383187,0.0,34.275768763011456
mmw_s9712,mmw,9712,34,1100,32.17462277775519,0.0,34.725571552144174
mmw_s9712,mmw,9712,34,1200,31.52740203887679,0.0,34.35701863735608
mmw_s9712,mmw,9712,34,1300,29.948543466835158,0.0,33.34690525004248
mmw_s9712,mmw,9712,34,1400,31.920549961952183,0.0,34.42888171115874
mmw_s9712,mmw,9712,34,1500,31.860515517447205,0.0,34.82621103913198
mmw_s9712,mmw,9712,34,1600,31.761540238172312,0.0,34.3244862722043
mmw_s9712,mmw,9712,34,1700,32.28976140502999,0.0,34.555294015676736
mmw_s9712,mmw,9712,34,1800,31.954642419414355,0.0,34.57989214940653
mmw_s9712,mmw,9712,34,1900,31.688891545402885,0.0,34.59859518761914
mmw_s9712,mmw,9712,34,2000,33.00349183920251,0.0,35.498946778156096
mmw_s9712,mmw,9712,34,2100,31.059640450735653,0.0,34.26316086237239
mmw_s9712,mmw,9712,34,2200,30.923995457998785,0.0,33.917560273700474
mmw_s9712,mmw,9712,34,2300,30.845632078561785,0.0,33.79903036642281
mmw_s9712,mmw,9712,34,2400,30.850065553785868,0.0,34.09790786714575
mmw_s9712,mmw,9712,34,2500,31.663959662107615,0.0,34.16282634290155
mmw_s9712,mmw,9712,34,2600,32.12073883858235,0.0,34.80992564702953
mmw_s9712,mmw,9712,34,2700,31.378896655310452,0.0,34.21188690779212
mmw_s9712,mmw,9712,34,2800,31.20526975563245,0.0,34.219091216490824
mmw_s9712,mmw,9712,34,2900,31.412234535796973,0.0,34.53011452499413
mmw_s9712,mmw,9712,34,3000,32.69453674981078,0.0,35.06322042437341
mmw_s9712,mmw,9712,34,3100,32.750142485014166,0.0,35.14805499036788
mmw_s9712,mmw,9712,34,3200,33.57915975848242,0.0,36.00652461526829
mmw_s9712,mmw,9712,34,3300,33.56769216695309,0.0,36.02935059583979
mmw_s9712,mmw,9712,34,3400,31.32574817215673,0.0,34.49489058900053
mmw_s9712,mmw,9712,34,3500,31.10314892082583,0.0,34.019320228931065
mmw_s9712,mmw,9712,34,3600,31.264285693326826,0.0,34.1110294124951
mmw_s9712,mmw,9712,34,3700,30.488522749663424,0.0,33.69556578975971
mmw_s9712,mmw,9712,34,3800,32.96350457836995,0.0,35.1732619662605
mmw_s9712,mmw,9712,34,3900,33.21874594184011,0.0,35.62134700403499
mmw_s9712,mmw,9712,35,0,36.668576955484944,0.0006256247870624065,58.73932102822414
mmw_s9712,mmw,9712,35,100,34.96420556542716,0.0,37.591109804840926
mmw_s9712,mmw,9712,35,200,31.475138207085603,0.0,34.913969127788505
mmw_s9712,mmw,9712,35,300,31.7378036750828,0.0,34.4132202977504
mmw_s9712,mmw,9712,35,400,30.819011327532746,0.0,33.9358963227744
mmw_s9712,mmw,9712,35,500,32.97721240667661,0.0,35.469188045738974
mmw_s9712,mmw,9712,35,600,31.321851421105716,0.0,34.19106418898309
mmw_s9712,mmw,9712,35,700,31.3190213464311,0.0,34.14141514919038
mmw_s9712,mmw,9712,35,800,31.480683798382845,0.0,34.26089794695872
mmw_s9712,mmw,9712,35,900,30.602896899783147,0.0,33.77794164698298
mmw_s9712,mmw,9712,35,1000,32.401018151897794,0.0,34.76679254776491
mmw_s9712,mmw,9712,35,1100,32.74278055301884,0.0,35.41056322060018
mmw_s9712,mmw,9712,35,1200,31.726253566389417,0.0,34.62553177503128
mmw_s9712,mmw,9712,35,1300,31.750427909384307,0.0,34.55960448032738
mmw_s9712,mmw,9712,35,1400,32.19290480079625,0.0,34.74495264840971
mmw_s9712,mmw,9712,35,1500,31.692971247377464,0.0,34.56553650631895
mmw_s9712,mmw,9712,35,1600,31.11241581885537,0.0,34.06035064160824
mmw_s9712,mmw,9712,35,1700,31.747475367166775,0.0,34.441232508105486
mmw_s9712,mmw,9712,35,1800,31.841414451936192,0.0,34.605283794448766
mmw_s9712,mmw,9712,35,1900,30.994765887129496,0.0,34.0835839868887
mmw_s9712,mmw,9712,35,2000,31.564048501579073,0.0,34.37146374832059
mmw_s9712,mmw,9712,35,2100,32.051518699313114,0.0,34.53077751820297
mmw_s9712,mmw,9712,35,2200,31.890594388017448,0.0,34.54870585090589
mmw_s9712,mmw,9712,35,2300,30.474429735273276,0.0,33.80067111920733
mmw_s9712,mmw,9712,35,2400,32.127541095324844,0.0,34.507946443747244
mmw_s9712,mmw,9712,35,2500,31.28705947060546,0.0,34.21471385558789
mmw_s9712,mmw,9712,35,2600,31.692922140249042,0.0,34.52352070978918
mmw_s9712,mmw,9712,35,2700,32.869111705262526,0.0,35.15625744479598
mmw_s9712,mmw,9712,35,2800,30.843641275402177,0.0,34.18456480340524
mmw_s9712,mmw,9712,35,2900,31.327430454594104,0.0,34.22690303998661
mmw_s9712,mmw,9712,35,3000,30.5130943053947,0.0,33.74515730975554
mmw_s9712,mmw,9712,35,3100,32.44688433677967,0.0,35.13241493687849
mmw_s9712,mmw,9712,35,3200,31.71194728153731,0.0,34.64384607893794
mmw_s9712,mmw,9712,35,3300,32.56404503589994,0.0,35.191710949944536
mmw_s9712,mmw,9712,35,3400,33.20310883873446,0.0,35.95654904387084
mmw_s9712,mmw,9712,35,3500,31.544723014976782,0.0,34.496497309011374
mmw_s9712,mmw,9712,35,3600,30.802614476914677,0.0,34.00610435342858
mmw_s9712,mmw,9712,35,3700,32.230021034914685,0.0,34.560680005889026
mmw_s9712,mmw,9712,35,3800,30.481812640974383,0.0,33.79516374694731
mmw_s9712,mmw,9712,35,3900,32.15781490595194,0.0,34.897722430518115
mmw_s9712,mmw,9712,36,0,36.668576955484944,0.0006256247870624065,58.73932102822414
mmw_s9712,mmw,9712,36,100,35.22136953581313,0.0,37.67767149363499
mmw_s9712,mmw,9712,36,200,32.59578059350866,0.0,34.92534660765887
mmw_s9712,mmw,9712,36,300,30.95340112846267,0.0,34.252091942099014
mmw_s9712,mmw,9712,36,400,31.8662925810242,0.0,34.54710040939517
mmw_s9712,mmw,9712,36,500,32.12510042952034,0.0,34.69364363902332
mmw_s9712,mmw,9712,36,600,30.368922638661573,0.0,33.652344554688625
mmw_s9712,mmw,9712,36,700,31.199204970986692,0.0,34.13409817778984
mmw_s9712,mmw,9712,36,800,31.064376777971287,0.0,34.01318307370434
mmw_s9712,mmw,9712,36,900,31.354729271718107,0.0,34.605415214149986
mmw_s9712,mmw,9712,36,1000,30.552537686037823,0.0,33.868351933171425
mmw_s9712,mmw,9712,36,1100,30.370175358290417,0.0,33.70299050306468
mmw_s9712,mmw,9712,36,1200,31.952552119942695,0.0,34.79551856202306
mmw_s9712,mmw,9712,36,1300,32.414309671539435,0.0,35.07509645670734
mmw_s9712,mmw,9712,36,1400,32.24010494042693,0.0,34.55529796144401
mmw_s9712,mmw,9712,36,1500,31.59337596369408,0.0,34.337405596000735
mmw_s9712,mmw,9712,36,1600,31.749609166743095,0.0,34.30592012396863
mmw_s9712,mmw,9712,36,1700,33.44882129647753,0.0,35.52945350168875
mmw_s9712,mmw,9712,36,1800,31.426707939486832,0.0,34.18301350337515
mmw_s9712,mmw,9712,36,1900,32.660774356452734,0.0,35.128612261262106
mmw_s9712,mmw,9712,36,2000,32.23749971720417,0.0,34.90047121830698
mmw_s9712,mmw,9712,36,2100,31.012940458484536,0.0,33.95249303948685
mmw_s9712,mmw,9712,36,2200,33.3908639017905,0.0,35.70808122270529
mmw_s9712,mmw,9712,36,2300,31.310378057146835,0.0,34.35186815960469
mmw_s9712,mmw,9712,36,2400,30.71108968473443,0.0,34.000923073362685
mmw_s9712,mmw,9712,36,2500,31.663357860772386,0.0,34.41377957896975
mmw_s9712,mmw,9712,36,2600,32.04119070405666,0.0,34.782139764552994
mmw_s9712,mmw,9712,36,2700,30.358678081881695,0.0,33.94293991074596
mmw_s9712,mmw,9712,36,2800,31.516739030832248,0.0,34.25897427812515
mmw_s9712,mmw,9712,36,2900,32.043516680435594,0.0,34.90589446187826
mmw_s9712,mmw,9712,36,3000,32.21236362434677,0.0,34.73958898277647
mmw_s9712,mmw,9712,36,3100,31.585605816961813,0.0,34.401300740347565
mmw_s9712,mmw,9712,36,3200,30.44866670239386,0.0,33.69678981107609
mmw_s9712,mmw,9712,36,3300,29.991492863066085,0.0,33.452229698263636
mmw_s9712,mmw,9712,36,3400,31.898859375672522,0.0,34.75912593982957
mmw_s9712,mmw,9712,36,3500,32.58176174326494,0.0,34.98007912038702
mmw_s9712,mmw,9712,36,3600,30.470652510444566,0.0,33.87740948348369
mmw_s9712,mmw,9712,36,3700,32.41415862058295,0.0,34.83791031882299
mmw_s9712,mmw,9712,36,3800,31.305607507897154,0.0,34.147676048145854
mmw_s9712,mmw,9712,36,3900,33.602741675384976,0.0,35.85094844484615
mmw_s9712,mmw,9712,37,0,36.668576955484944,0.0006256247870624065,58.73932102822414
mmw_s9712,mmw,9712,37,100,32.479583014245875,0.0,35.39275196887456
mmw_s9712,mmw,9712,37,200,32.416929585968056,0.0,34.876603961917226
mmw_s9712,mmw,9712,37,300,30.517224468748587,0.0,33.78153991256113
mmw_s9712,mmw,9712,37,400,30.97937496010968,0.0,34.02381618934646
mmw_s9712,mmw,9712,37,500,30.231502116311944,0.0,33.5103672084781
mmw_s9712,mmw,9712,37,600,30.66577739815824,0.0,33.87130329490492
mmw_s9712,mmw,9712,37,700,31.607320017563215,0.0,34.61829448643374
mmw_s9712,mmw,9712,37,800,30.89717560777046,0.0,33.89360242145062
mmw_s9712,mmw,9712,37,900,33.85287319388426,0.0,35.90611962653651
mmw_s9712,mmw,9712,37,1000,33.661967391465055,0.0,36.19996811076771
mmw_s9712,mmw,9712,37,1100,31.440672414998787,0.0,34.648571914540184
mmw_s9712,mmw,9712,37,1200,31.317575451473832,0.0,34.29224008240544
mmw_s9712,mmw,9712,37,1300,32.37231655089794,0.0,34.92178052511758
mmw_s9712,mmw,9712,37,1400,32.171474699531515,0.0,34.953727766625434
mmw_s9712,mmw,9712,37,1500,32.73172225238862,0.0,34.90522495025593
mmw_s9712,mmw,9712,37,1600,33.01124099793353,0.0,35.38006390596206
mmw_s9712,mmw,9712,37,1700,32.64480663030391,0.0,34.88716722558388
mmw_s9712,mmw,9712,37,1800,32.59442176326323,0.0,34.91493052262774
mmw_s9712,mmw,9712,37,1900,30.869852912442454,0.0,34.18282975593115
mmw_s9712,mmw,9712,37,2000,30.467889403359678,0.0,33.79672213428921
mmw_s9712,mmw,9712,37,2100,31.853898997404325,0.0,34.544322493867185
mmw_s9712,mmw,9712,37,2200,31.05555310056385,0.0,34.11208569281612
mmw_s9712,mmw,9712,37,2300,30.065459480481188,0.0,33.477052782450755
mmw_s9712,mmw,9712,37,2400,32.292321169295754,0.0,34.70401808263662
mmw_s9712,mmw,9712,37,2500,31.94092266024227,0.0,34.583666830120364
mmw_s9712,mmw,9712,37,2600,31.55090129866084,0.0,34.3407103915647
mmw_s9712,mmw,9712,37,2700,31.333235524467987,0.0,34.240885298454714
mmw_s9712,mmw,9712,37,2800,31.53062654119945,0.0,34.44821783938619
mmw_s9712,mmw,9712,37,2900,31.545081472291933,0.0,34.61537765297112
mmw_s9712,mmw,9712,37,3000,33.79769998154298,0.0,36.03054784712981
mmw_s9712,mmw,9712,37,3100,32.196246776922976,0.0,34.720069787636476
mmw_s9712,mmw,9712,37,3200,32.08717885819253,0.0,34.62950662260471
mmw_s9712,mmw,9712,37,3300,31.28536325984926,0.0,34.2792357394419
mmw_s9712,mmw,9712,37,3400,31.52359160704598,0.0,34.14621183249494
mmw_s9712,mmw,9712,37,3500,33.47199644626037,0.0,35.588085326541204
mmw_s9712,mmw,9712,37,3600,31.51909789590108,0.0,34.38205672558274
mmw_s9712,mmw,9712,37,3700,31.164619385300867,0.0,34.184950418519975
mmw_s9712,mmw,9712,37,3800,32.0489980644483,0.0,34.54440552485062
mmw_s9712,mmw,9712,37,3900,31.579022345197743,0.0,34.30256314725542
mmw_s9712,mmw,9712,38,0,36.668576955484944,0.0006256247870624065,58.73932102822414
mmw_s9712,mmw,9712,38,100,31.34063782012752,0.0,34.48960713509405
mmw_s9712,mmw,9712,38,200,33.26210391865102,0.0,35.273156772361745
mmw_s9712,mmw,9712,38,300,31.1473830279926,0.0,34.08948748653256
mmw_s9712,mmw,9712,38,400,31.84511582065392,0.0,34.51368355583884
mmw_s9712,mmw,9712,38,500,30.425241645537817,0.0,33.80280381210489
mmw_s9712,mmw,9712,38,600,30.351048178679093,0.0,33.74601846154269
mmw_s9712,mmw,9712,38,700,31.495714099122782,0.0,34.256866332423215
mmw_s9712,mmw,9712,38,800,32.823733779664515,0.0,35.62795921484701
mmw_s9712,mmw,9712,38,900,31.15474427234855,0.0,34.28684582515507
mmw_s9712,mmw,9712,38,1000,30.552007965907006,0.0,33.80880417189107
mmw_s9712,mmw,9712,38,1100,30.62746613994085,0.0,34.01442114908275
mmw_s9712,mmw,9712,38,1200,31.493598035121245,0.0,34.40421346853532
mmw_s9712,mmw,9712,38,1300,31.18496822205443,0.0,34.29452195180693
mmw_s9712,mmw,9712,38,1400,32.76929243478758,0.0,35.85347699135468
mmw_s9712,mmw,9712,38,1500,31.849644083091153,0.0,34.51816992303304
mmw_s9712,mmw,9712,38,1600,30.455133256694733,0.0,33.721967597389494
mmw_s9712,mmw,9712,38,1700,30.437289403013224,0.0,33.69874654521891
mmw_s9712,mmw,9712,38,1800,30.20051423981296,0.0,33.52658627592382
mmw_s9712,mmw,9712,38,1900,32.17024467071242,0.0,34.65836383770625
mmw_s9712,mmw,9712,38,2000,33.398721109177814,0.0,35.826343039619246
mmw_s9712,mmw,9712,38,2100,35.16091218419542,0.0,37.12553108956217
mmw_s9712,mmw,9712,38,2200,33.3340743386645,0.0,36.03880838244572
mmw_s9712,mmw,9712,38,2300,33.06518577719661,0.0,35.43744744144078
mmw_s9712,mmw,9712,38,2400,32.305301181399265,0.0,34.93179426258416
mmw_s9712,mmw,9712,38,2500,33.554593681980634,0.0,35.650620713144235
mmw_s9712,mmw,9712,38,2600,33.49623248114047,0.0,35.867836877647505
mmw_s9712,mmw,9712,38,2700,31.066564645807293,0.0,34.39202497226438
mmw_s9712,mmw,9712,38,2800,30.851422788704056,0.0,34.085035713346315
mmw_s9712,mmw,9712,38,2900,30.528622253557952,0.0,33.752593090305254
mmw_s9712,mmw,9712,38,3000,33.39879788627778,0.0,35.474589968029704
mmw_s9712,mmw,9712,38,3100,33.30605437742873,0.0,36.179723424534814
mmw_s9712,mmw,9712,38,3200,31.100605703308872,0.0,34.23157218203505
mmw_s9712,mmw,9712,38,3300,31.360624149659273,0.0,34.421391723991974
mmw_s9712,mmw,9712,38,3400,31.795182226404485,0.0,34.55394255462261
mmw_s9712,mmw,9712,38,3500,32.27509276506677,0.0,34.980769915758174
mmw_s9712,mmw,9712,38,3600,32.74790800357938,0.0,35.03112904315253
mmw_s9712,mmw,9712,38,3700,30.875564849093234,0.0,34.060841663139854
mmw_s9712,mmw,9712,38,3800,31.158418246716366,0.0,34.108299657707306
mmw_s9712,mmw,9712,38,3900,32.666919465377006,0.0,35.01854543550587
mmw_s9712,mmw,9712,39,0,36.668576955484944,0.0006256247870624065,58.73932102822414
mmw_s9712,mmw,9712,39,100,33.291468127912616,0.0,36.0133494754125
mmw_s9712,mmw,9712,39,200,31.790497321875122,0.0,34.55441968252353
mmw_s9712,mmw,9712,39,300,32.14858588689591,0.0,34.747748135118854
mmw_s9712,mmw,9712,39,400,31.47709531801019,0.0,34.28106425687247
mmw_s9712,mmw,9712,39,500,31.617257172536863,0.0,34.39216213761233
mmw_s9712,mmw,9712,39,600,30.921447008677077,0.0,33.860258945178884
mmw_s9712,mmw,9712,39,700,30.944341589495423,0.0,34.04763116575691
mmw_s9712,mmw,9712,39,800,31.461345524683544,0.0,34.22993910525247
mmw_s9712,mmw,9712,39,900,32.00548079977238,0.0,34.52337078851383
mmw_s9712,mmw,9712,39,1000,32.023100840523796,0.0,34.63130371099328
mmw_s9712,mmw,9712,39,1100,31.674330626117037,0.0,34.46579172357633
mmw_s9712,mmw,9712,39,1200,32.28365312073295,0.0,34.65264196483122
mmw_s9712,mmw,9712,39,1300,31.84825804343672,0.0,34.37125966926692
mmw_s9712,mmw,9712,39,1400,32.16058638184925,0.0,34.710551128480745
mmw_s9712,mmw,9712,39,1500,31.377876674663447,0.0,34.16555323436569
mmw_s9712,mmw,9712,39,1600,32.891694370992894,0.0,35.01278495949509
mmw_s9712,mmw,9712,39,1700,30.912098481584184,0.0,33.960743656741215
mmw_s9712,mmw,9712,39,1800,31.83409408451737,0.0,34.32985009029301
mmw_s9712,mmw,9712,39,1900,32.54509056403933,0.0,34.89502130077108
mmw_s9712,mmw,9712,39,2000,32.03842966981568,0.0,34.66808845078663
mmw_s9712,mmw,9712,39,2100,31.435890326408565,0.0,34.21195251883887
mmw_s9712,mmw,9712,39,2200,32.68222636747198,0.0,34.91756677199771
mmw_s9712,mmw,9712,39,2300,31.06761492265897,0.0,34.43185299312472
mmw_s9712,mmw,9712,39,2400,31.009017091403337,0.0,33.94272167166923
mmw_s9712,mmw,9712,39,2500,30.8279292126543,0.0,33.91063262542468
mmw_s9712,mmw,9712,39,2600,31.43744112163769,0.0,34.2027108168209
mmw_s9712,mmw,9712,39,2700,31.21365695849127,0.0,34.468061022550046
mmw_s9712,mmw,9712,39,2800,31.689901003343042,0.0,34.34811539507996
mmw_s9712,mmw,9712,39,2900,30.251942122764813,0.0,33.665676290971305
mmw_s9712,mmw,9712,39,3000,32.32597506330834,0.0,34.68214670087082
mmw_s9712,mmw,9712,39,3100,32.28043439501289,0.0,35.08712873427294
mmw_s9712,mmw,9712,39,3200,30.946031663004558,0.0,33.97218137512664
mmw_s9712,mmw,9712,39,3300,32.50073775831362,0.0,34.80002446165707
mmw_s9712,mmw,9712,39,3400,32.271908458408866,0.0,35.10381522420636
mmw_s9712,mmw,9712,39,3500,33.04623922257678,0.0,35.339910356731366
mmw_s9712,mmw,9712,39,3600,32.438235894513745,0.0,34.99237460804761
mmw_s9712,mmw,9712,39,3700,32.48372466132287,0.0,34.890991988206906
mmw_s9712,mmw,9712,39,3800,32.078844573294305,0.0,34.822147421819466
mmw_s9712,mmw,9712,39,3900,30.37450006438393,0.0,33.803944483544825
mmw_s9712,mmw,9712,40,0,36.668576955484944,0.0006256247870624065,58.73932102822414
mmw_s9712,mmw,9712,40,100,35.62014238250354,0.0,37.900108025646844
mmw_s9712,mmw,9712,40,200,31.69728709351731,0.0,35.058271150729524
mmw_s9712,mmw,9712,40,300,31.52072058521447,0.0,34.4800115774342
mmw_s9712,mmw,9712,40,400,32.3382363649098,0.0,34.80533376214866
mmw_s9712,mmw,9712,40,500,31.707242411486476,0.0,34.56320415255368
mmw_s9712,mmw,9712,40,600,30.8163056103428,0.0,34.044701844820565
mmw_s9712,mmw,9712,40,700,31.87883129312118,0.0,34.35014145101127
mmw_s9712,mmw,9712,40,800,31.083554312248076,0.0,34.176771436938225
mmw_s9712,mmw,9712,40,900,31.459909230469684,0.0,34.31633182147556
mmw_s9712,mmw,9712,40,1000,32.566155674261395,0.0,34.71929297960503
mmw_s9712,mmw,9712,40,1100,32.885433483834426,0.0,35.19556577187791
mmw_s9712,mmw,9712,40,1200,30.081608476226204,0.0,33.55157439689356
mmw_s9712,mmw,9712,40,1300,32.534514442547604,0.0,34.84892331280798
mmw_s9712,mmw,9712,40,1400,31.978310839554936,0.0,34.48471672013875
mmw_s9712,mmw,9712,40,1500,31.477284264903567,0.0,34.16447069387232
mmw_s9712,mmw,9712,40,1600,31.704842333637597,0.0,34.21698874390188
mmw_s9712,mmw,9712,40,1700,31.22513058791905,0.0,34.14943643413437
mmw_s9712,mmw,9712,40,1800,31.827299137742983,0.0,34.389051454977334
mmw_s9712,mmw,9712,40,1900,31.803590806902744,0.0,34.79022534502474
mmw_s9712,mmw,9712,40,2000,31.541212975881223,0.0,34.31390681209484
mmw_s9712,mmw,9712,40,2100,31.469524926988743,0.0,34.29929624676515
mmw_s9712,mmw,9712,40,2200,32.33593438588962,0.0,34.901845910941375
mmw_s9712,mmw,9712,40,2300,31.089389981281137,0.0,34.070983494993925
mmw_s9712,mmw,9712,40,2400,30.272112148564375,0.0,33.60128697954639
mmw_s9712,mmw,9712,40,2500,32.943465307915666,0.0,35.16270487181578
mmw_s9712,mmw,9712,40,2600,31.739859485846615,0.0,34.37329463629658
mmw_s9712,mmw,9712,40,2700,31.009036224723815,0.0,34.01854217816174
mmw_s9712,mmw,9712,40,2800,33.20268444528629,0.0,35.28747563994466
mmw_s9712,mmw,9712,40,2900,31.602640056450465,0.0,34.535599597475766
mmw_s9712,mmw,9712,40,3000,30.51557425928302,0.0,33.89811325519804
mmw_s9712,mmw,9712,40,3100,31.389148201379836,0.0,34.1774111167058
mmw_s9712,mmw,9712,40,3200,31.67444224693581,0.0,34.595222903642934
mmw_s9712,mmw,9712,40,3300,32.0059414228709,0.0,34.48097801623953
mmw_s9712,mmw,9712,40,3400,31.495216675579297,0.0,34.618349985588736
mmw_s9712,mmw,9712,40,3500,32.534517344190064,0.0,34.979926546745446
mmw_s9712,mmw,9712,40,3600,33.17390667291663,0.0,35.23201633416943
mmw_s9712,mmw,9712,40,3700,30.720358371702748,0.0,34.0811329144035
mmw_s9712,mmw,9712,40,3800,30.857413909949518,0.0,34.00032389687206
mmw_s9712,mmw,9712,40,3900,32.03080408485528,0.0,34.41929079066949
mmw_s9712,mmw,9712,41,0,36.668576955484944,0.0006256247870624065,58.73932102822414
mmw_s9712,mmw,9712,41,100,31.939539911384237,0.0,35.1640072333098
mmw_s9712,mmw,9712,41,200,33.51281027114426,0.0,35.504919478109144
mmw_s9712,mmw,9712,41,300,32.7185825670665,0.0,35.04468719422243
mmw_s9712,mmw,9712,41,400,33.00972609945611,0.0,35.2274809101209
mmw_s9712,mmw,9712,41,500,33.10368369443831,0.0,35.54043773995522
mmw_s9712,mmw,9712,41,600,31.15015680830532,0.0,34.29287072568695
mmw_s9712,mmw,9712,41,700,30.71476538456019,0.0,33.77255844026513
mmw_s9712,mmw,9712,41,800,32.08094959294776,0.0,34.78622992783767
mmw_s9712,mmw,9712,41,900,31.178560785527473,0.0,34.19723765486424
mmw_s9712,mmw,9712,41,1000,32.72313129750003,0.0,35.13979027448306
mmw_s9712,mmw,9712,41,1100,31.392384375593657,0.0,34.37272986936114
mmw_s9712,mmw,9712,41,1200,30.8665005158355,0.0,33.94463343763687
mmw_s9712,mmw,9712,41,1300,32.27088136324912,0.0,34.6678529414844
mmw_s9712,mmw,9712,41,1400,31.211723616985562,0.0,34.38723959323943
mmw_s9712,mmw,9712,41,1500,31.236509327464702,0.0,34.286581273976026
mmw_s9712,mmw,9712,41,1600,32.40310411266618,0.0,34.65794727515163
mmw_s9712,mmw,9712,41,1700,32.06976003832039,0.0,34.83826909633217
mmw_s9712,mmw,9712,41,1800,32.71744275015823,0.0,35.35034215040423
mmw_s9712,mmw,9712,41,1900,31.85936298020374,0.0,34.40093903331053
mmw_s9712,mmw,9712,41,2000,32.31380521577707,0.0,35.03994644126624
mmw_s9712,mmw,9712,41,2100,31.672746029004742,0.0,34.22947057817055
mmw_s9712,mmw,9712,41,2200,30.409331858560165,0.0,33.75614928756704
mmw_s9712,mmw,9712,41,2300,32.42592215142564,0.0,35.43341734382034
mmw_s9712,mmw,9712,41,2400,32.32592810667302,0.0,34.89300856678278
mmw_s9712,mmw,9712,41,2500,31.953010472723975,0.0,34.88969955707398
mmw_s9712,mmw,9712,41,2600,32.83041135084672,0.0,34.924539197579634
mmw_s9712,mmw,9712,41,2700,34.78245784359464,0.0,37.01905157403485
mmw_s9712,mmw,9712,41,2800,34.8343933610953,0.0,37.53969957451545
mmw_s9712,mmw,9712,41,2900,34.96522611772657,0.0,37.56149286971004
mmw_s9712,mmw,9712,41,3000,32.89696764399607,0.0,35.87334375760861
mmw_s9712,mmw,9712,41,3100,31.72677515610485,0.0,34.48706950606447
mmw_s9712,mmw,9712,41,3200,32.26992824233371,0.0,34.51756422242465
mmw_s9712,mmw,9712,41,3300,32.40151512348975,0.0,34.75687085634672
mmw_s9712,mmw,9712,41,3400,32.526790917740875,0.0,35.223941913007025
mmw_s9712,mmw,9712,41,3500,31.836985808994104,0.0,34.41552884280361
mmw_s9712,mmw,9712,41,3600,32.975204873387334,0.0,35.00297147195289
mmw_s9712,mmw,9712,41,3700,33.07317171569366,0.0,35.47633765683486
mmw_s9712,mmw,9712,41,3800,32.10685427945866,0.0,34.72096186631177
mmw_s9712,mmw,9712,41,3900,31.553761455389658,0.0,34.31780212140984
mmw_s9713,mmw,9713,30,0,36.668576955484944,0.0006256247870624065,58.73932102822414
mmw_s9713,mmw,9713,30,100,38.942989150625806,0.0,42.05787508986896
mmw_s9713,mmw,9713,30,200,37.96135638380301,0.0,41.4134303249225
mmw_s9713,mmw,9713,30,300,40.23367665971515,0.0,43.11088124760326
mmw_s9713,mmw,9713,30,400,39.60117773553466,0.0,42.74217748061392
mmw_s9713,mmw,9713,30,500,38.50433419798218,0.0,41.86648765986979
mmw_s9713,mmw,9713,30,600,40.874472101600766,0.0,43.66671378124306
mmw_s9713,mmw,9713,30,700,39.43395745150653,0.0,42.63412005021485
mmw_s9713,mmw,9713,30,800,38.88433801855929,0.0,42.29203579656314
mmw_s9713,mmw,9713,30,900,38.73154865841404,0.0,42.46847350423968
mmw_s9713,mmw,9713,30,1000,39.03252224558555,0.0,41.94391036088268
mmw_s9713,mmw,9713,30,1100,38.442039755503764,0.0,41.685829028974695
mmw_s9713,mmw,9713,30,1200,40.89138003539314,0.0,43.55492053867147
mmw_s9713,mmw,9713,30,1300,39.00219467323172,0.0,42.53446186945598
mmw_s9713,mmw,9713,30,1400,39.4665883107376,0.0,42.45283133836756
mmw_s9713,mmw,9713,30,1500,41.37983345353593,0.0,43.9396445990335
mmw_s9713,mmw,9713,30,1600,40.54841133024304,0.0,43.52282904420349
mmw_s9713,mmw,9713,30,1700,36.07336734500421,0.0,40.243946117151836
mmw_s9713,mmw,9713,30,1800,39.280138795973905,0.0,42.409995226804824
mmw_s9713,mmw,9713,30,1900,41.20542743132474,0.0,43.866282716528985
mmw_s9713,mmw,9713,30,2000,38.684667793573155,0.0,42.31468597141367
mmw_s9713,mmw,9713,30,2100,37.61605309460496,0.0,41.24420913651488
mmw_s9713,mmw,9713,30,2200,38.60776715717602,0.0,41.90317215179249
mmw_s9713,mmw,9713,30,2300,38.2888768806697,0.0,41.89139305915978
mmw_s9713,mmw,9713,30,2400,38.895136246904165,0.0,42.3644392516851
mmw_s9713,mmw,9713,30,2500,40.67642808557766,0.0,43.262001021366814
mmw_s9713,mmw,9713,30,2600,39.05781119987844,0.0,42.6469023234049
mmw_s9713,mmw,9713,30,2700,39.158796073212486,0.0,42.40888875125859
mmw_s9713,mmw,9713,30,2800,38.43276138698495,0.0,42.0076081314557
mmw_s9713,mmw,9713,30,2900,40.52997797789847,0.0,43.303191860821215
mmw_s9713,mmw,9713,30,3000,37.4724986679243,0.0,41.48941959194099
mmw_s9713,mmw,9713,30,3100,38.78695551186663,0.0,42.18447919725509
mmw_s9713,mmw,9713,30,3200,38.82508264908603,0.0,42.1953105389473
mmw_s9713,mmw,9713,30,3300,39.349409553221506,0.0,42.76002428136735
mmw_s9713,mmw,9713,30,3400,39.47670992610686,0.0,42.75437634465925
mmw_s9713,mmw,9713,30,3500,38.519313398048325,0.0,42.32204280284259
mmw_s9713,mmw,9713,30,3600,37.78559200206613,0.0,41.732063140982746
mmw_s9713,mmw,9713,30,3700,38.79077763461094,0.0,41.92143742366591
mmw_s9713,mmw,9713,30,3800,39.822020570693,0.0,42.87620204455902
mmw_s9713,mmw,9713,30,3900,41.25174702442916,0.0,43.734447445363685
mmw_s9713,mmw,9713,31,0,36.668576955484944,0.0006256247870624065,58.73932102822414
mmw_s9713,mmw,9713,31,100,39.09884705545199,0.0,42.316664166700036
mmw_s9713,mmw,9713,31,200,37.995127374640084,0.0,41.66877408678715
mmw_s9713,mmw,9713,31,300,37.797554958804575,0.0,41.43671073927271
mmw_s9713,mmw,9713,31,400,40.25123285248582,0.0,42.78844957093952
mmw_s9713,mmw,9713,31,500,38.792625828819894,0.0,42.40062942641072
mmw_s9713,mmw,9713,31,600,37.829679480276575,0.0,41.38655861246821
mmw_s9713,mmw,9713,31,700,39.30346169341513,0.0,42.60143493917003
mmw_s9713,mmw,9713,31,800,37.98659725654837,0.0,41.477571483957036
mmw_s9713,mmw,9713,31,900,37.652463240016395,0.0,41.138460413756775
mmw_s9713,mmw,9713,31,1000,38.42461482660698,0.0,41.643137107184884
mmw_s9713,mmw,9713,31,1100,40.79423856539273,0.0,43.39012938196561
mmw_s9713,mmw,9713,31,1200,37.71511997422157,0.0,41.810780352494334
mmw_s9713,mmw,9713,31,1300,40.21691653869879,0.0,43.002614406091084
mmw_s9713,mmw,9713,31,1400,38.184267109424496,0.0,41.8124655566786
mmw_s9713,mmw,9713,31,1500,39.464760544059466,0.0,42.49348138980804
mmw_s9713,mmw,9713,31,1600,38.8564262371597,0.0,42.25950904283809
mmw_s9713,mmw,9713,31,1700,39.40449081400773,0.0,42.690482267438256
mmw_s9713,mmw,9713,31,1800,38.03507965162624,0.0,41.71735204952972
mmw_s9713,mmw,9713,31,1900,40.45795250712603,0.0,43.072677504675084
mmw_s9713,mmw,9713,31,2000,39.03454474378144,0.0,42.46879690814694
mmw_s9713,mmw,9713,31,2100,40.0184998744655,0.0,43.06786720310038
mmw_s9713,mmw,9713,31,2200,38.79935406076052,0.0,42.41445638981452
mmw_s9713,mmw,9713,31,2300,38.255422252235604,0.0,41.87848429307769
mmw_s9713,mmw,9713,31,2400,41.1807111118899,0.0,43.79339365905844
mmw_s9713,mmw,9713,31,2500,40.506194340335334,0.0,43.326480124499085
mmw_s9713,mmw,9713,31,2600,40.8394227779747,0.0,43.47584024578282
mmw_s9713,mmw,9713,31,2700,37.60519789894481,0.0,41.520712816562536
mmw_s9713,mmw,9713,31,2800,39.434111956000876,0.0,42.556472482849586
mmw_s9713,mmw,9713,31,2900,39.829463220730766,0.0,42.72524736146761
mmw_s9713,mmw,9713,31,3000,38.40120150114683,0.0,41.85528729141515
mmw_s9713,mmw,9713,31,3100,40.40984320935318,0.0,43.146753677939614
mmw_s9713,mmw,9713,31,3200,40.774504167899046,0.0,43.5856587750327
mmw_s9713,mmw,9713,31,3300,40.36383924752307,0.0,43.335468847752736
mmw_s9713,mmw,9713,31,3400,38.376280768079184,0.0,41.941340814052865
mmw_s9713,mmw,9713,31,3500,37.95435961777883,0.0,41.59480044428801
mmw_s9713,mmw,9713,31,3600,38.10140531220307,0.0,41.67594397439984
mmw_s9713,mmw,9713,31,3700,38.949684032353225,0.0,42.285637955459606
mmw_s9713,mmw,9713,31,3800,39.82529657909592,0.0,42.725877143475145
mmw_s9713,mmw,9713,31,3900,36.600457729342544,0.0,40.67632696685018
mmw_s9713,mmw,9713,32,0,36.668576955484944,0.0006256247870624065,58.73932102822414
mmw_s9713,mmw,9713,32,100,38.402822371947494,0.0,41.656824208532726
mmw_s9713,mmw,9713,32,200,40.38348581715229,0.0,43.28818702244598
mmw_s9713,mmw,9713,32,300,38.132143051454115,0.0,41.52263146974178
mmw_s9713,mmw,9713,32,400,40.268566364688,0.0,43.33085327432627
mmw_s9713,mmw,9713,32,500,39.834319945750224,0.0,42.525847359476984
mmw_s9713,mmw,9713,32,600,39.75851098267614,0.0,42.58828492156954
mmw_s9713,mmw,9713,32,700,38.16168753746456,0.0,41.71467484494315
mmw_s9713,mmw,9713,32,800,39.84167654806501,0.0,42.735092086582426
mmw_s9713,mmw,9713,32,900,40.030535820135306,0.0,43.235934874458735
mmw_s9713,mmw,9713,32,1000,37.835476796760155,0.0,41.40863756696223
mmw_s9713,mmw,9713,32,1100,40.34197889899395,0.0,43.02518470600944
mmw_s9713,mmw,9713,32,1200,41.021772056300144,0.0,43.60477871622568
mmw_s9713,mmw,9713,32,1300,39.86472913186031,0.0,42.81004272813274
mmw_s9713,mmw,9713,32,1400,39.652051265473915,0.0,42.77257359153464
mmw_s9713,mmw,9713,32,1500,38.319844503464864,0.0,41.83430624148775
mmw_s9713,mmw,9713,32,1600,40.63589753101945,0.0,43.28575556555006
mmw_s9713,mmw,9713,32,1700,40.07128998149819,0.0,43.1943316235006
mmw_s9713,mmw,9713,32,1800,38.95690369316695,0.0,42.4072896404096
mmw_s9713,mmw,9713,32,1900,39.77042422164467,0.0,42.83770706531254
mmw_s9713,mmw,9713,32,2000,39.138522850322026,0.0,42.43867506977449
mmw_s9713,mmw,9713,32,2100,39.303059441243974,0.0,42.41722734213613
mmw_s9713,mmw,9713,32,2200,37.7302099496502,0.0,41.1000160989049
mmw_s9713,mmw,9713,32,2300,39.75941625486602,0.0,42.85286706094621
mmw_s9713,mmw,9713,32,2400,38.36276261022783,0.0,41.47253583257998
mmw_s9713,mmw,9713,32,2500,38.02296683571418,0.0,41.765797344196926
mmw_s9713,mmw,9713,32,2600,39.94344509376402,0.0,42.62520657060668
mmw_s9713,mmw,9713,32,2700,38.89253290541858,0.0,42.6034466653511
mmw_s9713,mmw,9713,32,2800,37.06287678930597,0.0,41.02140235429488
mmw_s9713,mmw,9713,32,2900,39.16673419547936,0.0,42.358205530089435
mmw_s9713,mmw,9713,32,3000,39.41321731722843,0.0,42.33468460255119
mmw_s9713,mmw,9713,32,3100,37.84261941853386,0.0,41.71405543994592
mmw_s9713,mmw,9713,32,3200,38.653762239228875,0.0,42.02242541366854
mmw_s9713,mmw,9713,32,3300,38.41776578389124,0.0,41.965075602578054
mmw_s9713,mmw,9713,32,3400,39.30769417467214,0.0,42.56825385253114
mmw_s9713,mmw,9713,32,3500,38.3157483404364,0.0,42.16175217705245
mmw_s9713,mmw,9713,32,3600,39.13957474608411,0.0,42.242631920353006
mmw_s9713,mmw,9713,32,3700,36.778886808400884,0.0,40.444105491591245
mmw_s9713,mmw,9713,32,3800,38.653851172766366,0.0,41.820910901123
mmw_s9713,mmw,9713,32,3900,40.673484327518416,0.0,43.47236538973857
mmw_s9713,mmw,9713,33,0,36.668576955484944,0.0006256247870624065,58.73932102822414
mmw_s9713,mmw,9713,33,100,38.050813977590835,0.0,41.36075637520594
mmw_s9713,mmw,9713,33,200,39.95170157823568,0.0,42.94467016843873
mmw_s9713,mmw,9713,33,300,41.39148087584352,0.0,43.88288481398422
mmw_s9713,mmw,9713,33,400,38.85509861951026,0.0,42.54583209555176
mmw_s9713,mmw,9713,33,500,38.73549057032703,0.0,42.35064143813611
mmw_s9713,mmw,9713,33,600,38.18261228221733,0.0,41.93995876734198
mmw_s9713,mmw,9713,33,700,40.403239617882164,0.0,43.0761156448184
mmw_s9713,mmw,9713,33,800,36.93859170967711,0.0,41.088736074162625
mmw_s9713,mmw,9713,33,900,40.62928042171298,0.0,43.374147318137375
mmw_s9713,mmw,9713,33,1000,38.5419098105609,0.0,41.910687261933674
mmw_s9713,mmw,9713,33,1100,37.15438380026606,0.0,41.102758156899746
mmw_s9713,mmw,9713,33,1200,38.00067074876037,0.0,41.21978149479958
mmw_s9713,mmw,9713,33,1300,39.68392511030798,0.0,42.31809073221535
mmw_s9713,mmw,9713,33,1400,39.31303120482922,0.0,42.60458024088193
mmw_s9713,mmw,9713,33,1500,38.80861642874475,0.0,42.51517234836933
mmw_s9713,mmw,9713,33,1600,39.87509168202497,0.0,42.87711086333911
mmw_s9713,mmw,9713,33,1700,38.08308927905225,0.0,41.55256618516751
mmw_s9713,mmw,9713,33,1800,38.033217452391035,0.0,41.483302943379385
mmw_s9713,mmw,9713,33,1900,39.31023455402809,0.0,42.513093247895085
mmw_s9713,mmw,9713,33,2000,38.788470066359224,0.0,42.549135268996906
mmw_s9713,mmw,9713,33,2100,37.71482182008338,0.0,41.391443849440066
mmw_s9713,mmw,9713,33,2200,38.16127047753384,0.0,41.85904472905099
mmw_s9713,mmw,9713,33,2300,39.22834346733718,0.0,42.26536999137534
mmw_s9713,mmw,9713,33,2400,39.13191107497551,0.0,42.126695606199746
mmw_s9713,mmw,9713,33,2500,38.2675756165574,0.0,42.058033212618284
mmw_s9713,mmw,9713,33,2600,37.92125981817131,0.0,41.407178303612284
mmw_s9713,mmw,9713,33,2700,38.53713123399884,0.0,41.87094880604809
mmw_s9713,mmw,9713,33,2800,39.73429342660418,0.0,42.63567091512107
mmw_s9713,mmw,9713,33,2900,40.656705869675534,0.0,43.48664902555356
mmw_s9713,mmw,9713,33,3000,39.15619430688104,0.0,42.55831307003655
mmw_s9713,mmw,9713,33,3100,37.78172382540383,0.0,41.665734526042115
mmw_s9713,mmw,9713,33,3200,37.262648551727835,0.0,41.39386549257142
mmw_s9713,mmw,9713,33,3300,39.212445747497604,0.0,42.63254403157282
mmw_s9713,mmw,9713,33,3400,40.43795958829548,0.0,43.21687623440107
mmw_s9713,mmw,9713,33,3500,39.56370861463985,0.0,42.656989650971354
mmw_s9713,mmw,9713,33,3600,39.39831155192968,0.0,42.470218844657666
mmw_s9713,mmw,9713,33,3700,39.8636609866327,0.0,42.93657864547458
mmw_s9713,mmw,9713,33,3800,38.76645145615885,0.0,42.22357763881848
mmw_s9713,mmw,9713,33,3900,39.442670688475076,0.0,42.4579846832803
mmw_s9713,mmw,9713,34,0,36.668576955484944,0.0006256247870624065,58.73932102822414
mmw_s9713,mmw,9713,34,100,39.79961073455002,0.0,42.64983903398138
mmw_s9713,mmw,9713,34,200,36.75821726689535,0.0,41.00783810501781
mmw_s9713,mmw,9713,34,300,37.98851977170493,0.0,41.68512301964029
mmw_s9713,mmw,9713,34,400,40.04480319902114,0.0,42.97025181744402
mmw_s9713,mmw,9713,34,500,37.660067570443445,0.0,41.697833631506
mmw_s9713,mmw,9713,34,600,37.45820219870513,0.0,41.1838923045691
mmw_s9713,mmw,9713,34,700,39.50457218536536,0.0,42.49787332680444
mmw_s9713,mmw,9713,34,800,38.30018030408027,0.0,41.61867468485241
mmw_s9713,mmw,9713,34,900,37.88557140139574,0.0,41.589660557898696
mmw_s9713,mmw,9713,34,1000,38.6994741166196,0.0,41.95942791620564
mmw_s9713,mmw,9713,34,1100,39.464056346224766,0.0,42.59136456312626
mmw_s9713,mmw,9713,34,1200,38.603893281851995,0.0,42.03895345197702
mmw_s9713,mmw,9713,34,1300,36.071026001811596,0.0,40.09254018720094
mmw_s9713,mmw,9713,34,1400,39.21631390966799,0.0,42.28111169548538
mmw_s9713,mmw,9713,34,1500,39.1774424867274,0.0,42.702209421259155
mmw_s9713,mmw,9713,34,1600,38.98658051150944,0.0,42.112393177119316
mmw_s9713,mmw,9713,34,1700,39.62383534346216,0.0,42.43971525628149
mmw_s9713,mmw,9713,34,1800,39.423898076187314,0.0,42.61166095455229
mmw_s9713,mmw,9713,34,1900,38.72148022493632,0.0,42.24252399884972
mmw_s9713,mmw,9713,34,2000,40.376067240582614,0.0,43.38109838016976
mmw_s9713,mmw,9713,34,2100,37.701378631539946,0.0,41.530423761093516
mmw_s9713,mmw,9713,34,2200,37.773066880087384,0.0,41.37366700695611
mmw_s9713,mmw,9713,34,2300,37.33490602548585,0.0,40.89713187206257
mmw_s9713,mmw,9713,34,2400,37.9917588726434,0.0,41.870462993232195
mmw_s9713,mmw,9713,34,2500,38.44392491610606,0.0,41.49993637301259
mmw_s9713,mmw,9713,34,2600,39.63403966095412,0.0,42.871460726295936
mmw_s9713,mmw,9713,34,2700,38.59188577043671,0.0,42.01315179664425
mmw_s9713,mmw,9713,34,2800,38.312537154822515,0.0,41.954130759400414
mmw_s9713,mmw,9713,34,2900,38.58339158298532,0.0,42.3116792804023
mmw_s9713,mmw,9713,34,3000,40.22675149202644,0.0,43.13059049231208
mmw_s9713,mmw,9713,34,3100,40.11158267880503,0.0,43.04862013477418
mmw_s9713,mmw,9713,34,3200,40.66675598467798,0.0,43.56248577853421
mmw_s9713,mmw,9713,34,3300,40.51818859636962,0.0,43.441458668518635
mmw_s9713,mmw,9713,34,3400,37.82646935061588,0.0,41.60984453071947
mmw_s9713,mmw,9713,34,3500,37.97900825911401,0.0,41.497879793809716
mmw_s9713,mmw,9713,34,3600,38.01122320006632,0.0,41.484171131387484
mmw_s9713,mmw,9713,34,3700,37.129763307261726,0.0,40.9796085429366
mmw_s9713,mmw,9713,34,3800,40.65410555797433,0.0,43.37487200203441
mmw_s9713,mmw,9713,34,3900,40.40263702719473,0.0,43.32075663481106
mmw_s9713,mmw,9713,35,0,36.668576955484944,0.0006256247870624065,58.73932102822414
mmw_s9713,mmw,9713,35,100,40.05086064614454,0.0,43.01012603909936
mmw_s9713,mmw,9713,35,200,37.49526757925896,0.0,41.497041640123825
mmw_s9713,mmw,9713,35,300,38.8314621749003,0.0,42.08679940575439
mmw_s9713,mmw,9713,35,400,37.65670312016513,0.0,41.404722296310325
mmw_s9713,mmw,9713,35,500,40.36463409450514,0.0,43.36534538223418
mmw_s9713,mmw,9713,35,600,37.94786378581175,0.0,41.42631543955417
mmw_s9713,mmw,9713,35,700,38.51594557280662,0.0,41.91185608820234
mmw_s9713,mmw,9713,35,800,38.539034221134656,0.0,41.930647549301284
mmw_s9713,mmw,9713,35,900,37.48040895178336,0.0,41.28385989855133
mmw_s9713,mmw,9713,35,1000,39.9627473678188,0.0,42.87877805533253
mmw_s9713,mmw,9713,35,1100,40.034549713389644,0.0,43.22418843703633
mmw_s9713,mmw,9713,35,1200,38.943655110116,0.0,42.409417468427534
mmw_s9713,mmw,9713,35,1300,39.109731890193274,0.0,42.495003818216446
mmw_s9713,mmw,9713,35,1400,39.66745330087717,0.0,42.78930870514023
mmw_s9713,mmw,9713,35,1500,38.92024868266135,0.0,42.38233292790733
mmw_s9713,mmw,9713,35,1600,38.01134045408152,0.0,41.57690675923641
mmw_s9713,mmw,9713,35,1700,39.11239314005442,0.0,42.38922056318552
mmw_s9713,mmw,9713,35,1800,38.99748436770972,0.0,42.3530388812278
mmw_s9713,mmw,9713,35,1900,37.928299187359514,0.0,41.65598443735348
mmw_s9713,mmw,9713,35,2000,38.71020033810596,0.0,42.12590551364872
mmw_s9713,mmw,9713,35,2100,39.477932757110736,0.0,42.503070751473345
mmw_s9713,mmw,9713,35,2200,39.3160181478942,0.0,42.54646866940493
mmw_s9713,mmw,9713,35,2300,37.37635828104178,0.0,41.350168756524
mmw_s9713,mmw,9713,35,2400,39.53767997013395,0.0,42.46907711126687
mmw_s9713,mmw,9713,35,2500,38.457087773316054,0.0,42.001076378360715
mmw_s9713,mmw,9713,35,2600,38.81994161124149,0.0,42.249493892762985
mmw_s9713,mmw,9713,35,2700,40.49663177014074,0.0,43.303560588435985
mmw_s9713,mmw,9713,35,2800,37.75002488926674,0.0,41.72802867142832
mmw_s9713,mmw,9713,35,2900,38.57115483486434,0.0,42.064325173646466
mmw_s9713,mmw,9713,35,3000,37.12967342465146,0.0,41.018483779912
mmw_s9713,mmw,9713,35,3100,39.69700701103248,0.0,42.93667992414157
mmw_s9713,mmw,9713,35,3200,38.823460885390496,0.0,42.35074897929758
mmw_s9713,mmw,9713,35,3300,39.97206434900682,0.0,43.133736396137806
mmw_s9713,mmw,9713,35,3400,40.07159303255576,0.0,43.305875872840076
mmw_s9713,mmw,9713,35,3500,38.300892385168126,0.0,41.85579286958364
mmw_s9713,mmw,9713,35,3600,37.74096041014774,0.0,41.582326771260796
mmw_s9713,mmw,9713,35,3700,39.70186678343016,0.0,42.55399886227133
mmw_s9713,mmw,9713,35,3800,37.311052405528066,0.0,41.27405795103732
mmw_s9713,mmw,9713,35,3900,39.4799862141655,0.0,42.79539593925847
mmw_s9713,mmw,9713,36,0,36.668576955484944,0.0006256247870624065,58.73932102822414
mmw_s9713,mmw,9713,36,100,40.40856295627495,0.0,43.19043544691817
mmw_s9713,mmw,9713,36,200,39.562141225557845,0.0,42.402556228584714
mmw_s9713,mmw,9713,36,300,37.935188450171076,0.0,41.863032603517695
mmw_s9713,mmw,9713,36,400,39.357242342370625,0.0,42.59513097680201
mmw_s9713,mmw,9713,36,500,39.65483866205238,0.0,42.77422712431917
mmw_s9713,mmw,9713,36,600,37.061983369510564,0.0,40.98123548053445
mmw_s9713,mmw,9713,36,700,38.21047685443673,0.0,41.7682905267211
mmw_s9713,mmw,9713,36,800,38.053232045989894,0.0,41.61343391889886
mmw_s9713,mmw,9713,36,900,38.48090102756738,0.0,42.33625244920938
mmw_s9713,mmw,9713,36,1000,37.39106830626348,0.0,41.354940157939836
mmw_s9713,mmw,9713,36,1100,37.24255531904126,0.0,41.220245345968465
mmw_s9713,mmw,9713,36,1200,39.38400148809666,0.0,42.78249403127438
mmw_s9713,mmw,9713,36,1300,39.82277904509025,0.0,43.01460798593155
mmw_s9713,mmw,9713,36,1400,39.50674545948676,0.0,42.374011887324286
mmw_s9713,mmw,9713,36,1500,38.91808211588274,0.0,42.244417445609315
mmw_s9713,mmw,9713,36,1600,38.93875679956606,0.0,42.07371766734059
mmw_s9713,mmw,9713,36,1700,41.096009899623205,0.0,43.6731092675866
mmw_s9713,mmw,9713,36,1800,38.19576080156556,0.0,41.545988808672746
mmw_s9713,mmw,9713,36,1900,40.02070442374336,0.0,43.03651061374785
mmw_s9713,mmw,9713,36,2000,39.61520745922435,0.0,42.82020573968407
mmw_s9713,mmw,9713,36,2100,37.57866893819062,0.0,41.14467115127536
mmw_s9713,mmw,9713,36,2200,40.85672985011904,0.0,43.637286869789136
mmw_s9713,mmw,9713,36,2300,38.33765044564139,0.0,41.97981657189348
mmw_s9713,mmw,9713,36,2400,37.732241169389965,0.0,41.66850268274629
mmw_s9713,mmw,9713,36,2500,39.06913342437522,0.0,42.394833368985246
mmw_s9713,mmw,9713,36,2600,39.51682074951026,0.0,42.81439467833775
mmw_s9713,mmw,9713,36,2700,36.93189895502476,0.0,41.193952815392095
mmw_s9713,mmw,9713,36,2800,38.6627496619674,0.0,41.99386218019163
mmw_s9713,mmw,9713,36,2900,39.30188421938809,0.0,42.73950813626993
mmw_s9713,mmw,9713,36,3000,39.67654499535884,0.0,42.75614776171142
mmw_s9713,mmw,9713,36,3100,38.969641655468465,0.0,42.34951911361202
mmw_s9713,mmw,9713,36,3200,36.99292114484602,0.0,40.881140521618136
mmw_s9713,mmw,9713,36,3300,36.412930112461524,0.0,40.520519453104725
mmw_s9713,mmw,9713,36,3400,39.27666404693851,0.0,42.68967175684884
mmw_s9713,mmw,9713,36,3500,40.112969742633965,0.0,43.050933632897795
mmw_s9713,mmw,9713,36,3600,37.26499063552879,0.0,41.332415902478374
mmw_s9713,mmw,9713,36,3700,40.0444730040396,0.0,42.9780800111057
mmw_s9713,mmw,9713,36,3800,38.31527390891592,0.0,41.7652202012282
mmw_s9713,mmw,9713,36,3900,41.028197003592034,0.0,43.73022527172611
mmw_s9713,mmw,9713,37,0,36.668576955484944,0.0006256247870624065,58.73932102822414
mmw_s9713,mmw,9713,37,100,37.865998477162755,0.0,41.231251141415896
mmw_s9713,mmw,9713,37,200,39.665684193600285,0.0,42.67169235526444
mmw_s9713,mmw,9713,37,300,37.37573035779001,0.0,41.27385951232145
mmw_s9713,mmw,9713,37,400,37.90973599134734,0.0,41.57758970479563
mmw_s9713,mmw,9713,37,500,36.32474266276074,0.0,40.24064831996361
mmw_s9713,mmw,9713,37,600,37.63419432699884,0.0,41.47021104252872
mmw_s9713,mmw,9713,37,700,38.97036713428274,0.0,42.565626239742414
mmw_s9713,mmw,9713,37,800,37.49129358564075,0.0,41.113118632914166
mmw_s9713,mmw,9713,37,900,41.3922525450121,0.0,43.90305028785795
mmw_s9713,mmw,9713,37,1000,40.275575135668426,0.0,43.29465607809243
mmw_s9713,mmw,9713,37,1100,38.319456259024186,0.0,42.12189696930824
mmw_s9713,mmw,9713,37,1200,38.48529220215618,0.0,42.06002580721133
mmw_s9713,mmw,9713,37,1300,39.91196802512795,0.0,43.005670749665256
mmw_s9713,mmw,9713,37,1400,39.26031421316917,0.0,42.59978273244087
mmw_s9713,mmw,9713,37,1500,40.379369165951246,0.0,43.06924497324326
mmw_s9713,mmw,9713,37,1600,40.48364613967989,0.0,43.352504143799706
mmw_s9713,mmw,9713,37,1700,40.119034641819674,0.0,42.89786869174304
mmw_s9713,mmw,9713,37,1800,40.06406901848103,0.0,42.93387601244444
mmw_s9713,mmw,9713,37,1900,37.77089720461328,0.0,41.723540475889536
mmw_s9713,mmw,9713,37,2000,37.27226909196999,0.0,41.25004051265887
mmw_s9713,mmw,9713,37,2100,39.31208812095876,0.0,42.56980944445786
mmw_s9713,mmw,9713,37,2200,37.969069153687585,0.0,41.659014777048924
mmw_s9713,mmw,9713,37,2300,36.51591670087171,0.0,40.58306652514011
mmw_s9713,mmw,9713,37,2400,39.69209903700699,0.0,42.67370071417167
mmw_s9713,mmw,9713,37,2500,39.44338955925963,0.0,42.647660127380846
mmw_s9713,mmw,9713,37,2600,38.88684753356359,0.0,42.254276341512195
mmw_s9713,mmw,9713,37,2700,38.32101629256337,0.0,41.84499557484378
mmw_s9713,mmw,9713,37,2800,38.802894392490515,0.0,42.326908456260185
mmw_s9713,mmw,9713,37,2900,38.31757229771402,0.0,42.01095196433391
mmw_s9713,mmw,9713,37,3000,41.10685488798356,0.0,43.79054737208571
mmw_s9713,mmw,9713,37,3100,39.54926368670445,0.0,42.6094907467037
mmw_s9713,mmw,9713,37,3200,39.43554411151611,0.0,42.54001263717464
mmw_s9713,mmw,9713,37,3300,38.374161299582056,0.0,41.99373840707494
mmw_s9713,mmw,9713,37,3400,38.303116830172904,0.0,41.51133855639608
mmw_s9713,mmw,9713,37,3500,41.056229456773565,0.0,43.66672381293438
mmw_s9713,mmw,9713,37,3600,38.27442502561782,0.0,41.74492944765575
mmw_s9713,mmw,9713,37,3700,38.4022603802503,0.0,42.014667923447746
mmw_s9713,mmw,9713,37,3800,39.52437729613281,0.0,42.56259429309466
mmw_s9713,mmw,9713,37,3900,38.58652422698086,0.0,41.918477324850755
mmw_s9713,mmw,9713,38,0,36.668576955484944,0.0006256247870624065,58.73932102822414
mmw_s9713,mmw,9713,38,100,36.538451301146374,0.0,40.158246097956635
mmw_s9713,mmw,9713,38,200,40.905915067060036,0.0,43.394526350354
mmw_s9713,mmw,9713,38,300,37.92885309936614,0.0,41.462439591623024
mmw_s9713,mmw,9713,38,400,38.97403370498701,0.0,42.249535877634116
mmw_s9713,mmw,9713,38,500,37.15352502439835,0.0,41.19143548077386
mmw_s9713,mmw,9713,38,600,37.180354058362774,0.0,41.23267969096105
mmw_s9713,mmw,9713,38,700,38.64668535851718,0.0,42.012726969530945
mmw_s9713,mmw,9713,38,800,39.82094069622962,0.0,43.135503195732895
mmw_s9713,mmw,9713,38,900,38.19777858538241,0.0,41.94167858544051
mmw_s9713,mmw,9713,38,1000,37.40294784340288,0.0,41.299989754106264
mmw_s9713,mmw,9713,38,1100,37.601876650568904,0.0,41.64346170660849
mmw_s9713,mmw,9713,38,1200,38.73180407963341,0.0,42.23832597068531
mmw_s9713,mmw,9713,38,1300,38.36946761784809,0.0,42.09402916003273
mmw_s9713,mmw,9713,38,1400,39.461985833861114,0.0,43.04779666148829
mmw_s9713,mmw,9713,38,1500,38.96487320320403,0.0,42.19452410918552
mmw_s9713,mmw,9713,38,1600,36.995108610990414,0.0,40.90644079455865
mmw_s9713,mmw,9713,38,1700,37.096145315324414,0.0,41.00193815198246
mmw_s9713,mmw,9713,38,1800,36.58716045925097,0.0,40.55741130128399
mmw_s9713,mmw,9713,38,1900,39.623084507427514,0.0,42.666015651823045
mmw_s9713,mmw,9713,38,2000,40.607472989026604,0.0,43.5228632880395
mmw_s9713,mmw,9713,38,2100,41.869918058000735,0.0,44.21621801843162
mmw_s9713,mmw,9713,38,2200,39.82769059672508,0.0,43.017564791640325
mmw_s9713,mmw,9713,38,2300,40.35105514756887,0.0,43.22153501732032
mmw_s9713,mmw,9713,38,2400,39.47316661536309,0.0,42.66456369116759
mmw_s9713,mmw,9713,38,2500,41.07598180893657,0.0,43.65695742796288
mmw_s9713,mmw,9713,38,2600,40.64427124044798,0.0,43.488874247565036
mmw_s9713,mmw,9713,38,2700,37.85062057670966,0.0,41.79083904892468
mmw_s9713,mmw,9713,38,2800,37.835099161319924,0.0,41.70639632494516
mmw_s9713,mmw,9713,38,2900,37.1123560835453,0.0,40.98340007958677
mmw_s9713,mmw,9713,38,3000,41.09158786495764,0.0,43.65629243948388
mmw_s9713,mmw,9713,38,3100,39.9292275498637,0.0,43.27303422708201
mmw_s9713,mmw,9713,38,3200,37.98002850270248,0.0,41.713510263950525
mmw_s9713,mmw,9713,38,3300,38.5889515775896,0.0,42.257673283553686
mmw_s9713,mmw,9713,38,3400,39.1974169206851,0.0,42.542277442026716
mmw_s9713,mmw,9713,38,3500,39.65384881190254,0.0,42.91450007041192
mmw_s9713,mmw,9713,38,3600,40.32843329258588,0.0,43.133188673540644
mmw_s9713,mmw,9713,38,3700,37.70326257816227,0.0,41.52330436760133
mmw_s9713,mmw,9713,38,3800,38.18438106469568,0.0,41.74327450226269
mmw_s9713,mmw,9713,38,3900,40.159908637436686,0.0,43.06587769002044
mmw_s9713,mmw,9713,39,0,36.668576955484944,0.0006256247870624065,58.73932102822414
mmw_s9713,mmw,9713,39,100,39.094774208356775,0.0,42.208937229945036
mmw_s9713,mmw,9713,39,200,38.80263683091644,0.0,42.13718555149501
mmw_s9713,mmw,9713,39,300,39.48833717618923,0.0,42.6645069522076
mmw_s9713,mmw,9713,39,400,38.39205612723213,0.0,41.81338898042105
mmw_s9713,mmw,9713,39,500,38.95601201176546,0.0,42.31493743873466
mmw_s9713,mmw,9713,39,600,37.821073645662516,0.0,41.34995770952787
mmw_s9713,mmw,9713,39,700,37.85427602815419,0.0,41.59728533593261
mmw_s9713,mmw,9713,39,800,38.37831520512829,0.0,41.762566654854254
mmw_s9713,mmw,9713,39,900,39.4109750464913,0.0,42.50090139436659
mmw_s9713,mmw,9713,39,1000,39.37880747370947,0.0,42.567962974382226
mmw_s9713,mmw,9713,39,1100,39.09836117503173,0.0,42.46621985720685
mmw_s9713,mmw,9713,39,1200,39.78044679422797,0.0,42.670027642880996
mmw_s9713,mmw,9713,39,1300,39.07763619659288,0.0,42.16252945729184
mmw_s9713,mmw,9713,39,1400,39.63599285328046,0.0,42.75312815303687
mmw_s9713,mmw,9713,39,1500,38.38152251656897,0.0,41.771331664264835
mmw_s9713,mmw,9713,39,1600,40.58606362544219,0.0,43.230590568118714
mmw_s9713,mmw,9713,39,1700,37.77238912163849,0.0,41.440769360260674
mmw_s9713,mmw,9713,39,1800,38.996894092474555,0.0,42.0708212059435
mmw_s9713,mmw,9713,39,1900,40.11933732548307,0.0,43.01868987621776
mmw_s9713,mmw,9713,39,2000,39.44310936824043,0.0,42.64561645787387
mmw_s9713,mmw,9713,39,2100,38.520153631196074,0.0,41.89677344324855
mmw_s9713,mmw,9713,39,2200,40.34906743515344,0.0,43.1104262488588
mmw_s9713,mmw,9713,39,2300,37.89075051401159,0.0,41.89086379356331
mmw_s9713,mmw,9713,39,2400,37.86613290992551,0.0,41.39996718685711
mmw_s9713,mmw,9713,39,2500,37.850472361417836,0.0,41.55560427099999
mmw_s9713,mmw,9713,39,2600,38.69646958166628,0.0,42.030121769828156
mmw_s9713,mmw,9713,39,2700,37.9031510511734,0.0,41.80298871292516
mmw_s9713,mmw,9713,39,2800,38.83656344967993,0.0,42.08001867025541
mmw_s9713,mmw,9713,39,2900,36.885776430693866,0.0,40.96675877630014
mmw_s9713,mmw,9713,39,3000,39.88054935194466,0.0,42.778707382130506
mmw_s9713,mmw,9713,39,3100,39.5723609531367,0.0,42.92378283362939
mmw_s9713,mmw,9713,39,3200,37.555135439008744,0.0,41.212633425950344
mmw_s9713,mmw,9713,39,3300,40.08659206690949,0.0,42.92609131758877
mmw_s9713,mmw,9713,39,3400,39.45153293716506,0.0,42.83861132721324
mmw_s9713,mmw,9713,39,3500,40.561853094189345,0.0,43.347556433769796
mmw_s9713,mmw,9713,39,3600,39.57847468894757,0.0,42.69762419983272
mmw_s9713,mmw,9713,39,3700,39.79217034208125,0.0,42.763996846482314
mmw_s9713,mmw,9713,39,3800,39.4167712937658,0.0,42.7353926115959
mmw_s9713,mmw,9713,39,3900,37.04352791856502,0.0,41.13583433989629
mmw_s9713,mmw,9713,40,0,36.668576955484944,0.0006256247870624065,58.73932102822414
mmw_s9713,mmw,9713,40,100,40.886268028647024,0.0,43.4659716314909
mmw_s9713,mmw,9713,40,200,38.054915975784034,0.0,41.975893352710955
mmw_s9713,mmw,9713,40,300,38.69552181603823,0.0,42.244478533477604
mmw_s9713,mmw,9713,40,400,39.586229946321644,0.0,42.62939094820331
mmw_s9713,mmw,9713,40,500,39.078349981752815,0.0,42.52208322564411
mmw_s9713,mmw,9713,40,600,37.76235035536654,0.0,41.63145290781415
mmw_s9713,mmw,9713,40,700,39.062970291288366,0.0,42.077370160397095
mmw_s9713,mmw,9713,40,800,38.20903028308844,0.0,41.92747674085126
mmw_s9713,mmw,9713,40,900,38.56948987653499,0.0,42.036882004622385
mmw_s9713,mmw,9713,40,1000,40.09076489568297,0.0,42.76970287895119
mmw_s9713,mmw,9713,40,1100,40.484969684563495,0.0,43.30382260788326
mmw_s9713,mmw,9713,40,1200,36.6149533453073,0.0,40.747944833405654
mmw_s9713,mmw,9713,40,1300,40.19352409674546,0.0,43.02411995829323
mmw_s9713,mmw,9713,40,1400,39.154510920163865,0.0,42.231629645996236
mmw_s9713,mmw,9713,40,1500,38.46461164974586,0.0,41.74394381942784
mmw_s9713,mmw,9713,40,1600,38.501632336787914,0.0,41.59107262403086
mmw_s9713,mmw,9713,40,1700,38.20625123019037,0.0,41.743258668530416
mmw_s9713,mmw,9713,40,1800,39.229276545473965,0.0,42.33862784999894
mmw_s9713,mmw,9713,40,1900,38.92491823843717,0.0,42.49006642955737
mmw_s9713,mmw,9713,40,2000,38.83937806600242,0.0,42.17861004389238
mmw_s9713,mmw,9713,40,2100,38.47589255380406,0.0,41.91244861787533
mmw_s9713,mmw,9713,40,2200,39.84247463260908,0.0,42.96095457051888
mmw_s9713,mmw,9713,40,2300,37.98369717139484,0.0,41.5773026114839
mmw_s9713,mmw,9713,40,2400,36.72787803768784,0.0,40.7040912864542
mmw_s9713,mmw,9713,40,2500,40.586698561526234,0.0,43.31748604117507
mmw_s9713,mmw,9713,40,2600,38.65472960612187,0.0,41.87451254799703
mmw_s9713,mmw,9713,40,2700,37.90335642709254,0.0,41.538589809588075
mmw_s9713,mmw,9713,40,2800,40.9561272081515,0.0,43.5278987501747
mmw_s9713,mmw,9713,40,2900,38.5105989771302,0.0,42.04307122371188
mmw_s9713,mmw,9713,40,3000,37.406539868662016,0.0,41.445184024161335
mmw_s9713,mmw,9713,40,3100,38.462814585236714,0.0,41.84943158516808
mmw_s9713,mmw,9713,40,3200,38.88568461411819,0.0,42.40346947981061
mmw_s9713,mmw,9713,40,3300,39.21869584593288,0.0,42.26929011116363
mmw_s9713,mmw,9713,40,3400,38.599760580720094,0.0,42.33304561910154
mmw_s9713,mmw,9713,40,3500,40.06428048407855,0.0,43.050367713312426
mmw_s9713,mmw,9713,40,3600,40.88477207619412,0.0,43.43573558640128
mmw_s9713,mmw,9713,40,3700,37.54118419841785,0.0,41.54379209810804
mmw_s9713,mmw,9713,40,3800,37.94347908901164,0.0,41.70820674444656
mmw_s9713,mmw,9713,40,3900,39.41545533439402,0.0,42.34957677050454
mmw_s9713,mmw,9713,41,0,36.668576955484944,0.0006256247870624065,58.73932102822414
mmw_s9713,mmw,9713,41,100,37.28148236167605,0.0,40.982783091521014
mmw_s9713,mmw,9713,41,200,41.08867557056978,0.0,43.53440400614977
mmw_s9713,mmw,9713,41,300,40.11431664963967,0.0,42.97597639263495
mmw_s9713,mmw,9713,41,400,40.63124368076504,0.0,43.35579719697989
mmw_s9713,mmw,9713,41,500,40.32460570017803,0.0,43.272398290988804
mmw_s9713,mmw,9713,41,600,37.94981622820689,0.0,41.725746220890414
mmw_s9713,mmw,9713,41,700,37.182917627458245,0.0,40.86036202185028
mmw_s9713,mmw,9713,41,800,39.53049115349718,0.0,42.79657250507216
mmw_s9713,mmw,9713,41,900,38.356214197425516,0.0,41.99494366016643
mmw_s9713,mmw,9713,41,1000,40.288781699428334,0.0,43.21051311619857
mmw_s9713,mmw,9713,41,1100,38.64514872225036,0.0,42.221230305144445
mmw_s9713,mmw,9713,41,1200,37.8508162463141,0.0,41.54263014415005
mmw_s9713,mmw,9713,41,1300,39.798320034525126,0.0,42.75019448102785
mmw_s9713,mmw,9713,41,1400,38.40316116975466,0.0,42.19781768689859
mmw_s9713,mmw,9713,41,1500,38.003779269265564,0.0,41.69561906561057
mmw_s9713,mmw,9713,41,1600,39.84805273348043,0.0,42.64292417961917
mmw_s9713,mmw,9713,41,1700,39.33354187455219,0.0,42.68174772208886
mmw_s9713,mmw,9713,41,1800,40.0563475866155,0.0,43.194384976839274
mmw_s9713,mmw,9713,41,1900,39.03953400109622,0.0,42.135179099980064
mmw_s9713,mmw,9713,41,2000,39.728566932475196,0.0,42.99474206245259
mmw_s9713,mmw,9713,41,2100,38.43864685939395,0.0,41.57532839272244
mmw_s9713,mmw,9713,41,2200,37.0630128772101,0.0,41.067795434242726
mmw_s9713,mmw,9713,41,2300,39.368709307404686,0.0,42.906675331531744
mmw_s9713,mmw,9713,41,2400,39.54510351044211,0.0,42.67424524486705
mmw_s9713,mmw,9713,41,2500,38.942925051750656,0.0,42.46077268972067
mmw_s9713,mmw,9713,41,2600,40.47157622435338,0.0,43.064169071463766
mmw_s9713,mmw,9713,41,2700,41.43656520735888,0.0,44.06513969445132
mmw_s9713,mmw,9713,41,2800,40.41179613672686,0.0,43.487709560775784
mmw_s9713,mmw,9713,41,2900,40.694352834428805,0.0,43.654626487295445
mmw_s9713,mmw,9713,41,3000,39.23924875854543,0.0,42.70081992110117
mmw_s9713,mmw,9713,41,3100,38.84866340651593,0.0,42.182236914565465
mmw_s9713,mmw,9713,41,3200,39.53589968873127,0.0,42.31606101945539
mmw_s9713,mmw,9713,41,3300,40.038227013293806,0.0,42.92884954600299
mmw_s9713,mmw,9713,41,3400,39.89234105168112,0.0,43.12267377567986
mmw_s9713,mmw,9713,41,3500,38.71087722008777,0.0,41.87429116531894
mmw_s9713,mmw,9713,41,3600,40.7008346027744,0.0,43.235713595591506
mmw_s9713,mmw,9713,41,3700,40.358933486022934,0.0,43.28318312197871
mmw_s9713,mmw,9713,41,3800,39.1146968748162,0.0,42.29726648924316
mmw_s9713,mmw,9713,41,3900,38.67107323634289,0.0,42.030069267877934
